{
    "apiVersion": "v1",
    "kind": "ImageStream",
    "metadata": {
        "annotations": {
            "openshift.io/display-name": "Tech Preview - Modern Web Applications"
        },
        "name": "modern-webapp"
    },
    "spec": {
        "tags": [
            {
                "annotations": {
                    "description": "Build and run Modern Web Applications on RHEL 7. For more information about using this builder image, including OpenShift considerations, see https://github.com/nodeshift/centos7-s2i-web-app.\n\nWARNING: By selecting this tag, your application will automatically update to use the latest version of Node.js available on OpenShift, including major versions updates.",
                    "iconClass": "icon-js",
                    "openshift.io/display-name": "Tech Preview - Modern Web Applications (Latest)",
                    "openshift.io/provider-display-name": "Red Hat, Inc.",
                    "sampleRepo": "https://github.com/nodeshift-starters/react-web-app",
                    "supports": "modern-webapp",
                    "tags": "builder,modern-webapp, webapp"
                },
                "from": {
                    "kind": "ImageStreamTag",
                    "name": "10.x"
                },
                "name": "latest",
                "referencePolicy": {
                    "type": "Local"
                }
            },
            {
                "annotations": {
                    "description": "Build and run Modern Web Applications on RHEL 7. For more information about using this builder image, including OpenShift considerations, see https://github.com/nodeshift/centos7-s2i-web-app.",
                    "iconClass": "icon-js",
                    "openshift.io/display-name": "Tech Preview - Modern Web Applications (10.x)",
                    "openshift.io/provider-display-name": "Red Hat, Inc.",
                    "sampleRepo": "https://github.com/nodeshift-starters/react-web-app",
                    "supports": "modern-webapp",
                    "tags": "builder,modern-webapp, webapp",
                    "version": "10"
                },
                "from": {
                    "kind": "DockerImage",
                    "name": "registry.redhat.io/rhoar-nodejs-tech-preview/rhoar-nodejs-10-webapp"
                },
                "name": "10.x",
                "referencePolicy": {
                    "type": "Local"
                }
            }
        ]
    }
}