{
  "apiVersion": "v1",
  "kind": "ImageStream",
  "metadata": {
    "annotations": {
      "openshift.io/display-name": "Nginx HTTP server and a reverse proxy (nginx)"
    },
    "name": "nginx"
  },
  "spec": {
    "tags": [
      {
        "annotations": {
          "description": "Build and serve static content via Nginx HTTP server and a reverse proxy (nginx) on RHEL 7. For more information about using this builder image, including OpenShift considerations, see https://github.com/sclorg/nginx-container/blob/master/1.10/README.md.",
          "iconClass": "icon-nginx",
          "openshift.io/display-name": "Nginx HTTP server and a reverse proxy 1.10",
          "openshift.io/provider-display-name": "Red Hat, Inc.",
          "sampleRepo": "git@hlgithub.hobbylobby.corp:SystemAdmins/ossamples-nginx.git",
          "supports": "nginx",
          "tags": "builder,nginx",
          "version": "1.10"
        },
        "from": {
          "kind": "DockerImage",
          "name": "hlsatellite02.hobbylobby.corp:5000/hl-redhat-rhscl_nginx-110-rhel7:latest"
        },
        "referencePolicy": {
          "type": "Local"
        },
        "name": "1.10"
      },
      {
        "annotations": {
          "description": "Build and serve static content via Nginx HTTP server and a reverse proxy (nginx) on RHEL 7. For more information about using this builder image, including OpenShift considerations, see https://github.com/sclorg/nginx-container/blob/master/1.12/README.md.",
          "iconClass": "icon-nginx",
          "openshift.io/display-name": "Nginx HTTP server and a reverse proxy 1.12",
          "openshift.io/provider-display-name": "Red Hat, Inc.",
          "sampleRepo": "git@hlgithub.hobbylobby.corp:SystemAdmins/ossamples-nginx.git",
          "supports": "nginx",
          "tags": "builder,nginx",
          "version": "1.12"
        },
        "from": {
          "kind": "DockerImage",
          "name": "hlsatellite02.hobbylobby.corp:5000/hl-redhat-rhscl_nginx-112-rhel7:latest"
        },
        "referencePolicy": {
          "type": "Local"
        },
        "name": "1.12"
      },
      {
        "annotations": {
          "description": "Build and serve static content via Nginx HTTP server and a reverse proxy (nginx) on RHEL 7. For more information about using this builder image, including OpenShift considerations, see https://github.com/sclorg/nginx-container/blob/master/1.12/README.md.\n\nWARNING: By selecting this tag, your application will automatically update to use the latest version of Nginx available on OpenShift, including major version updates.",
          "iconClass": "icon-nginx",
          "openshift.io/display-name": "Nginx HTTP server and a reverse proxy (Latest)",
          "openshift.io/provider-display-name": "Red Hat, Inc.",
          "sampleRepo": "git@hlgithub.hobbylobby.corp:SystemAdmins/ossamples-nginx.git",
          "supports": "nginx",
          "tags": "builder,nginx"
        },
        "from": {
          "kind": "ImageStreamTag",
          "name": "1.12"
        },
        "referencePolicy": {
          "type": "Local"
        },
        "name": "latest"
      }
    ]
  }
}
