{
    "apiVersion": "v1",
    "kind": "ImageStream",
    "metadata": {
        "annotations": {
            "openshift.io/display-name": "Jenkins"
        },
        "name": "jenkins"
    },
    "spec": {
        "tags": [
            {
                "annotations": {
                    "description": "Provides a Jenkins server on RHEL 7. For more information about using this container image, including OpenShift considerations, see https://github.com/openshift/jenkins/blob/master/README.md.\n\nWARNING: By selecting this tag, your application will automatically update to use the latest version of Jenkins available on OpenShift, including major versions updates.",
                    "iconClass": "icon-jenkins",
                    "openshift.io/display-name": "Jenkins (Latest)",
                    "openshift.io/provider-display-name": "Red Hat, Inc.",
                    "tags": "jenkins"
                },
                "from": {
                    "kind": "ImageStreamTag",
                    "name": "2"
                },
                "name": "latest",
                "referencePolicy": {
                    "type": "Local"
                }
            },
            {
                "annotations": {
                    "description": "Provides a Jenkins 2.X server on RHEL 7. For more information about using this container image, including OpenShift considerations, see https://github.com/openshift/jenkins/blob/master/README.md.",
                    "iconClass": "icon-jenkins",
                    "openshift.io/display-name": "Jenkins 2.X",
                    "openshift.io/provider-display-name": "Red Hat, Inc.",
                    "tags": "jenkins",
                    "version": "2.x"
                },
                "from": {
                    "kind": "DockerImage",
                    "name": "registry.redhat.io/openshift/jenkins-2-rhel7:v4.0"
                },
                "name": "2",
                "referencePolicy": {
                    "type": "Local"
                }
            }
        ]
    }
}