{
    "apiVersion": "v1",
    "kind": "ImageStream",
    "metadata": {
        "annotations": {
            "openshift.io/display-name": "Swift"
        },
        "creationTimestamp": null,
        "name": "swift-ubuntu"
    },
    "spec": {
        "tags": [
            {
                "annotations": {
                    "description": "Build and run Swift applications on Ubuntu 14.",
                    "iconClass": "fa fa-apple",
                    "openshift.io/display-name": "Swift Ubuntu 14 (Latest)",
                    "sampleRepo": "https://github.com/dudash/openshiftexamples-hellokitura",
                    "supports": "swift:3,swift:3.0,swift",
                    "tags": "builder,swift,swift-3.0.2"
                },
                "from": {
                    "kind": "ImageStreamTag",
                    "name": "3.0.2"
                },
                "name": "latest"
            },
            {
                "annotations": {
                    "description": "Build and run Swift applications on Ubuntu 14.",
                    "iconClass": "fa fa-apple",
                    "openshift.io/display-name": "Swift 3.0 Ubuntu 14",
                    "sampleRepo": "https://github.com/dudash/openshiftexamples-hellokitura",
                    "supports": "swift:3,swift:3.0,swift",
                    "tags": "builder,swift,swift-30,swift-3.0.2"
                },
                "from": {
                    "kind": "ImageStreamTag",
                    "name": "3.0.2"
                },
                "name": "3.0"
            },
            {
                "annotations": {
                    "description": "Build and run Swift applications on Ubuntu 14.",
                    "iconClass": "fa fa-apple",
                    "openshift.io/display-name": "Swift 3.0.2 Ubuntu 14",
                    "sampleRepo": "https://github.com/dudash/openshiftexamples-hellokitura",
                    "supports": "swift:3,swift:3.0,swift",
                    "tags": "builder,swift,swift-30,swift-3.0.2",
                    "version": "3.0.2"
                },
                "from": {
                    "kind": "DockerImage",
                    "name": "dudash/swift-30-ubuntu14:3.0.2"
                },
                "name": "3.0.2"
            }
        ]
    }
}