{
    "apiVersion": "v1",
    "kind": "ImageStream",
    "labels": {
        "xpaas": "1.4.16"
    },
    "metadata": {
        "annotations": {
            "openshift.io/display-name": "Red Hat JBoss Data Grid 7.1",
            "openshift.io/provider-display-name": "Red Hat, Inc.",
            "version": "1.4.16"
        },
        "name": "jboss-datagrid71-openshift"
    },
    "spec": {
        "tags": [
            {
                "annotations": {
                    "description": "JBoss Data Grid 7.1 S2I images.",
                    "iconClass": "icon-datagrid",
                    "openshift.io/display-name": "Red Hat JBoss Data Grid 7.1",
                    "supports": "datagrid:7.1",
                    "tags": "datagrid,jboss,hidden",
                    "version": "1.0"
                },
                "from": {
                    "kind": "DockerImage",
                    "name": "registry.redhat.io/jboss-datagrid-7/datagrid71-openshift:1.0"
                },
                "name": "1.0",
                "referencePolicy": {
                    "type": "Local"
                }
            },
            {
                "annotations": {
                    "description": "JBoss Data Grid 7.1 S2I images.",
                    "iconClass": "icon-datagrid",
                    "openshift.io/display-name": "Red Hat JBoss Data Grid 7.1",
                    "supports": "datagrid:7.1",
                    "tags": "datagrid,jboss,hidden",
                    "version": "1.1"
                },
                "from": {
                    "kind": "DockerImage",
                    "name": "registry.redhat.io/jboss-datagrid-7/datagrid71-openshift:1.1"
                },
                "name": "1.1",
                "referencePolicy": {
                    "type": "Local"
                }
            },
            {
                "annotations": {
                    "description": "JBoss Data Grid 7.1 S2I images.",
                    "iconClass": "icon-datagrid",
                    "openshift.io/display-name": "Red Hat JBoss Data Grid 7.1",
                    "supports": "datagrid:7.1",
                    "tags": "datagrid,jboss,hidden",
                    "version": "1.2"
                },
                "from": {
                    "kind": "DockerImage",
                    "name": "registry.redhat.io/jboss-datagrid-7/datagrid71-openshift:1.2"
                },
                "name": "1.2",
                "referencePolicy": {
                    "type": "Local"
                }
            },
            {
                "annotations": {
                    "description": "JBoss Data Grid 7.1 S2I images.",
                    "iconClass": "icon-datagrid",
                    "openshift.io/display-name": "Red Hat JBoss Data Grid 7.1",
                    "supports": "datagrid:7.1",
                    "tags": "datagrid,jboss,hidden",
                    "version": "1.3"
                },
                "from": {
                    "kind": "DockerImage",
                    "name": "registry.redhat.io/jboss-datagrid-7/datagrid71-openshift:1.3"
                },
                "name": "1.3",
                "referencePolicy": {
                    "type": "Local"
                }
            }
        ]
    }
}