{
    "apiVersion": "v1",
    "kind": "ImageStream",
    "labels": {
        "xpaas": "1.4.16"
    },
    "metadata": {
        "annotations": {
            "openshift.io/display-name": "Red Hat JBoss Data Grid 6.5",
            "openshift.io/provider-display-name": "Red Hat, Inc.",
            "version": "1.4.16"
        },
        "name": "jboss-datagrid65-openshift"
    },
    "spec": {
        "tags": [
            {
                "annotations": {
                    "description": "JBoss Data Grid 6.5 S2I images.",
                    "iconClass": "icon-datagrid",
                    "openshift.io/display-name": "Red Hat JBoss Data Grid 6.5",
                    "supports": "datagrid:6.5",
                    "tags": "datagrid,jboss,hidden",
                    "version": "1.2"
                },
                "from": {
                    "kind": "DockerImage",
                    "name": "registry.redhat.io/jboss-datagrid-6/datagrid65-openshift:1.2"
                },
                "name": "1.2",
                "referencePolicy": {
                    "type": "Local"
                }
            },
            {
                "annotations": {
                    "description": "JBoss Data Grid 6.5 S2I images.",
                    "iconClass": "icon-datagrid",
                    "openshift.io/display-name": "Red Hat JBoss Data Grid 6.5",
                    "supports": "datagrid:6.5",
                    "tags": "datagrid,jboss,hidden",
                    "version": "1.3"
                },
                "from": {
                    "kind": "DockerImage",
                    "name": "registry.redhat.io/jboss-datagrid-6/datagrid65-openshift:1.3"
                },
                "name": "1.3",
                "referencePolicy": {
                    "type": "Local"
                }
            },
            {
                "annotations": {
                    "description": "JBoss Data Grid 6.5 S2I images.",
                    "iconClass": "icon-datagrid",
                    "openshift.io/display-name": "Red Hat JBoss Data Grid 6.5",
                    "supports": "datagrid:6.5",
                    "tags": "datagrid,jboss,hidden",
                    "version": "1.4"
                },
                "from": {
                    "kind": "DockerImage",
                    "name": "registry.redhat.io/jboss-datagrid-6/datagrid65-openshift:1.4"
                },
                "name": "1.4",
                "referencePolicy": {
                    "type": "Local"
                }
            },
            {
                "annotations": {
                    "description": "JBoss Data Grid 6.5 S2I images.",
                    "iconClass": "icon-datagrid",
                    "openshift.io/display-name": "Red Hat JBoss Data Grid 6.5",
                    "supports": "datagrid:6.5",
                    "tags": "datagrid,jboss,hidden",
                    "version": "1.5"
                },
                "from": {
                    "kind": "DockerImage",
                    "name": "registry.redhat.io/jboss-datagrid-6/datagrid65-openshift:1.5"
                },
                "name": "1.5",
                "referencePolicy": {
                    "type": "Local"
                }
            },
            {
                "annotations": {
                    "description": "JBoss Data Grid 6.5 S2I images.",
                    "iconClass": "icon-datagrid",
                    "openshift.io/display-name": "Red Hat JBoss Data Grid 6.5",
                    "supports": "datagrid:6.5",
                    "tags": "datagrid,jboss,hidden",
                    "version": "1.6"
                },
                "from": {
                    "kind": "DockerImage",
                    "name": "registry.redhat.io/jboss-datagrid-6/datagrid65-openshift:1.6"
                },
                "name": "1.6",
                "referencePolicy": {
                    "type": "Local"
                }
            }
        ]
    }
}