{
    "apiVersion": "v1",
    "kind": "ImageStream",
    "labels": {
        "xpaas": "1.4.16"
    },
    "metadata": {
        "annotations": {
            "openshift.io/display-name": "Red Hat JBoss Data Grid 7.1 Client Modules for EAP",
            "openshift.io/provider-display-name": "Red Hat, Inc.",
            "version": "1.4.16"
        },
        "name": "jboss-datagrid71-client-openshift"
    },
    "spec": {
        "tags": [
            {
                "annotations": {
                    "description": "JBoss Data Grid 7.1 Client Modules for EAP.",
                    "iconClass": "icon-datagrid",
                    "openshift.io/display-name": "Red Hat JBoss Data Grid 7.1 Client Modules for EAP",
                    "tags": "client,jboss,hidden",
                    "version": "1.0"
                },
                "from": {
                    "kind": "DockerImage",
                    "name": "registry.redhat.io/jboss-datagrid-7/datagrid71-client-openshift:1.0"
                },
                "name": "1.0",
                "referencePolicy": {
                    "type": "Local"
                }
            }
        ]
    }
}