{
    "apiVersion": "v1",
    "kind": "ImageStream",
    "metadata": {
        "annotations": {
            "openshift.io/display-name": "Go"
        },
        "name": "golang"
    },
    "spec": {
        "tags": [
            {
                "annotations": {
                    "description": "Build and run Go applications on RHEL 7. For more information about using this builder image, including OpenShift considerations, see https://github.com/sclorg/golang-container/blob/master/README.md.\n\nWARNING: By selecting this tag, your application will automatically update to use the latest version of Go available on OpenShift, including major version updates.",
                    "iconClass": "icon-go-gopher",
                    "openshift.io/display-name": "Go (Latest)",
                    "openshift.io/provider-display-name": "Red Hat, Inc.",
                    "sampleRepo": "https://github.com/sclorg/golang-ex.git",
                    "supports": "golang",
                    "tags": "builder,golang,go"
                },
                "from": {
                    "kind": "ImageStreamTag",
                    "name": "1.11.5"
                },
                "name": "latest",
                "referencePolicy": {
                    "type": "Local"
                }
            },
            {
                "annotations": {
                    "description": "Build and run Go applications on RHEL 7. For more information about using this builder image, including OpenShift considerations, see https://github.com/sclorg/golang-container/blob/master/README.md.\n\nWARNING: By selecting this tag, your application will automatically update to use the latest version of Go available on OpenShift, including major version updates.",
                    "iconClass": "icon-go-gopher",
                    "openshift.io/display-name": "Go (1.11.5)",
                    "openshift.io/provider-display-name": "Red Hat, Inc.",
                    "sampleRepo": "https://github.com/sclorg/golang-ex.git",
                    "supports": "golang",
                    "tags": "builder,golang,go"
                },
                "from": {
                    "kind": "DockerImage",
                    "name": "registry.redhat.io/devtools/go-toolset-rhel7:1.11.5"
                },
                "name": "1.11.5",
                "referencePolicy": {
                    "type": "Local"
                }
            }
        ]
    }
}