{
    "apiVersion": "v1",
    "kind": "ImageStream",
    "metadata": {
        "annotations": {
            "openshift.io/display-name": "PHP"
        },
        "name": "php"
    },
    "spec": {
        "tags": [
            {
                "annotations": {
                    "description": "Build and run PHP applications on CentOS 7. For more information about using this builder image, including OpenShift considerations, see https://github.com/sclorg/s2i-php-container/blob/master/7.2/README.md.\n\nWARNING: By selecting this tag, your application will automatically update to use the latest version of PHP available on OpenShift, including major versions updates.",
                    "iconClass": "icon-php",
                    "openshift.io/display-name": "PHP (Latest)",
                    "openshift.io/provider-display-name": "Red Hat, Inc.",
                    "sampleRepo": "https://github.com/sclorg/cakephp-ex.git",
                    "supports": "php",
                    "tags": "builder,php"
                },
                "from": {
                    "kind": "ImageStreamTag",
                    "name": "7.2"
                },
                "name": "latest",
                "referencePolicy": {
                    "type": "Local"
                }
            },
            {
                "annotations": {
                    "description": "Build and run PHP 7.0 applications on CentOS 7. For more information about using this builder image, including OpenShift considerations, see https://github.com/sclorg/s2i-php-container/blob/master/7.0/README.md.",
                    "iconClass": "icon-php",
                    "openshift.io/display-name": "PHP 7.0",
                    "openshift.io/provider-display-name": "Red Hat, Inc.",
                    "sampleRepo": "https://github.com/sclorg/cakephp-ex.git",
                    "supports": "php:7.0,php",
                    "tags": "builder,php",
                    "version": "7.0"
                },
                "from": {
                    "kind": "DockerImage",
                    "name": "docker.io/centos/php-70-centos7:latest"
                },
                "name": "7.0",
                "referencePolicy": {
                    "type": "Local"
                }
            },
            {
                "annotations": {
                    "description": "Build and run PHP 7.1 applications on CentOS 7. For more information about using this builder image, including OpenShift considerations, see https://github.com/sclorg/s2i-php-container/blob/master/7.1/README.md.",
                    "iconClass": "icon-php",
                    "openshift.io/display-name": "PHP 7.1",
                    "openshift.io/provider-display-name": "Red Hat, Inc.",
                    "sampleRepo": "https://github.com/sclorg/cakephp-ex.git",
                    "supports": "php:7.1,php",
                    "tags": "builder,php",
                    "version": "7.1"
                },
                "from": {
                    "kind": "DockerImage",
                    "name": "docker.io/centos/php-71-centos7:latest"
                },
                "name": "7.1",
                "referencePolicy": {
                    "type": "Local"
                }
            },
            {
                "annotations": {
                    "description": "Build and run PHP 7.2 applications on CentOS 7. For more information about using this builder image, including OpenShift considerations, see https://github.com/sclorg/s2i-php-container/blob/master/7.2/README.md.",
                    "iconClass": "icon-php",
                    "openshift.io/display-name": "PHP 7.2",
                    "openshift.io/provider-display-name": "Red Hat, Inc.",
                    "sampleRepo": "https://github.com/sclorg/cakephp-ex.git",
                    "supports": "php:7.2,php",
                    "tags": "builder,php",
                    "version": "7.2"
                },
                "from": {
                    "kind": "DockerImage",
                    "name": "docker.io/centos/php-72-centos7:latest"
                },
                "name": "7.2",
                "referencePolicy": {
                    "type": "Local"
                }
            }
        ]
    }
}