{
    "apiVersion": "v1",
    "kind": "Template",
    "labels": {
        "template": "processserver64-postgresql-persistent-s2i",
        "xpaas": "1.4.17"
    },
    "message": "A new persistent BPMS application (using PostgreSQL) has been created in your project. The username/password for accessing the KIE Server REST or JMS interface is ${KIE_SERVER_USER}/${KIE_SERVER_PASSWORD}. For accessing the MySQL database \"${DB_DATABASE}\" use the credentials ${DB_USERNAME}/${DB_PASSWORD}. Please be sure to create the secret named \"${HTTPS_SECRET}\" containing the ${HTTPS_KEYSTORE} file used for serving secure content.",
    "metadata": {
        "annotations": {
            "description": "An example BPM Suite application with a PostgreSQL database. For more information about using this template, see https://github.com/jboss-openshift/application-templates.",
            "iconClass": "icon-processserver",
            "openshift.io/display-name": "JBoss BPM Suite 6.4 intelligent process server + PostgreSQL (with https)",
            "openshift.io/provider-display-name": "Red Hat, Inc.",
            "tags": "processserver,jboss",
            "template.openshift.io/bindable": "false",
            "template.openshift.io/documentation-url": "https://access.redhat.com/documentation/en/red-hat-jboss-bpm-suite/",
            "template.openshift.io/long-description": "This template defines resources needed to develop Red Hat Business Process Suite intelligent process server 6.4 based application, including a build configuration, application deployment configuration, database deployment configuration for PostgreSQL using persistence and secure communication using https.",
            "template.openshift.io/support-url": "https://access.redhat.com",
            "version": "1.4.17"
        },
        "name": "processserver64-postgresql-persistent-s2i"
    },
    "objects": [
        {
            "apiVersion": "v1",
            "kind": "Service",
            "metadata": {
                "annotations": {
                    "description": "The web server's http port.",
                    "service.alpha.openshift.io/dependencies": "[{\"name\": \"${APPLICATION_NAME}-postgresql\", \"kind\": \"Service\"}]"
                },
                "labels": {
                    "application": "${APPLICATION_NAME}"
                },
                "name": "${APPLICATION_NAME}"
            },
            "spec": {
                "ports": [
                    {
                        "port": 8080,
                        "targetPort": 8080
                    }
                ],
                "selector": {
                    "deploymentConfig": "${APPLICATION_NAME}"
                }
            }
        },
        {
            "apiVersion": "v1",
            "kind": "Service",
            "metadata": {
                "annotations": {
                    "description": "The web server's https port.",
                    "service.alpha.openshift.io/dependencies": "[{\"name\": \"${APPLICATION_NAME}-postgresql\", \"kind\": \"Service\"}]"
                },
                "labels": {
                    "application": "${APPLICATION_NAME}"
                },
                "name": "secure-${APPLICATION_NAME}"
            },
            "spec": {
                "ports": [
                    {
                        "port": 8443,
                        "targetPort": 8443
                    }
                ],
                "selector": {
                    "deploymentConfig": "${APPLICATION_NAME}"
                }
            }
        },
        {
            "apiVersion": "v1",
            "kind": "Service",
            "metadata": {
                "annotations": {
                    "description": "The database server's port."
                },
                "labels": {
                    "application": "${APPLICATION_NAME}"
                },
                "name": "${APPLICATION_NAME}-postgresql"
            },
            "spec": {
                "ports": [
                    {
                        "port": 5432,
                        "targetPort": 5432
                    }
                ],
                "selector": {
                    "deploymentConfig": "${APPLICATION_NAME}-postgresql"
                }
            }
        },
        {
            "apiVersion": "v1",
            "id": "${APPLICATION_NAME}-http",
            "kind": "Route",
            "metadata": {
                "annotations": {
                    "description": "Route for application's http service."
                },
                "labels": {
                    "application": "${APPLICATION_NAME}"
                },
                "name": "${APPLICATION_NAME}"
            },
            "spec": {
                "host": "${HOSTNAME_HTTP}",
                "to": {
                    "name": "${APPLICATION_NAME}"
                }
            }
        },
        {
            "apiVersion": "v1",
            "id": "${APPLICATION_NAME}-https",
            "kind": "Route",
            "metadata": {
                "annotations": {
                    "description": "Route for application's https service."
                },
                "labels": {
                    "application": "${APPLICATION_NAME}"
                },
                "name": "secure-${APPLICATION_NAME}"
            },
            "spec": {
                "host": "${HOSTNAME_HTTPS}",
                "tls": {
                    "termination": "passthrough"
                },
                "to": {
                    "name": "secure-${APPLICATION_NAME}"
                }
            }
        },
        {
            "apiVersion": "v1",
            "kind": "ImageStream",
            "metadata": {
                "labels": {
                    "application": "${APPLICATION_NAME}"
                },
                "name": "${APPLICATION_NAME}"
            }
        },
        {
            "apiVersion": "v1",
            "kind": "BuildConfig",
            "metadata": {
                "annotations": {
                    "template.alpha.openshift.io/wait-for-ready": "true"
                },
                "labels": {
                    "application": "${APPLICATION_NAME}"
                },
                "name": "${APPLICATION_NAME}"
            },
            "spec": {
                "output": {
                    "to": {
                        "kind": "ImageStreamTag",
                        "name": "${APPLICATION_NAME}:latest"
                    }
                },
                "source": {
                    "contextDir": "${CONTEXT_DIR}",
                    "git": {
                        "ref": "${SOURCE_REPOSITORY_REF}",
                        "uri": "${SOURCE_REPOSITORY_URL}"
                    },
                    "type": "Git"
                },
                "strategy": {
                    "sourceStrategy": {
                        "env": [
                            {
                                "name": "KIE_CONTAINER_DEPLOYMENT",
                                "value": "${KIE_CONTAINER_DEPLOYMENT}"
                            },
                            {
                                "name": "MAVEN_MIRROR_URL",
                                "value": "${MAVEN_MIRROR_URL}"
                            },
                            {
                                "name": "ARTIFACT_DIR",
                                "value": "${ARTIFACT_DIR}"
                            }
                        ],
                        "forcePull": true,
                        "from": {
                            "kind": "ImageStreamTag",
                            "name": "jboss-processserver64-openshift:1.6",
                            "namespace": "${IMAGE_STREAM_NAMESPACE}"
                        }
                    },
                    "type": "Source"
                },
                "triggers": [
                    {
                        "github": {
                            "secret": "${GITHUB_WEBHOOK_SECRET}"
                        },
                        "type": "GitHub"
                    },
                    {
                        "generic": {
                            "secret": "${GENERIC_WEBHOOK_SECRET}"
                        },
                        "type": "Generic"
                    },
                    {
                        "imageChange": {},
                        "type": "ImageChange"
                    },
                    {
                        "type": "ConfigChange"
                    }
                ]
            }
        },
        {
            "apiVersion": "v1",
            "kind": "DeploymentConfig",
            "metadata": {
                "annotations": {
                    "template.alpha.openshift.io/wait-for-ready": "true"
                },
                "labels": {
                    "application": "${APPLICATION_NAME}",
                    "service": "${APPLICATION_NAME}"
                },
                "name": "${APPLICATION_NAME}"
            },
            "spec": {
                "replicas": 1,
                "selector": {
                    "deploymentConfig": "${APPLICATION_NAME}"
                },
                "strategy": {
                    "type": "Recreate"
                },
                "template": {
                    "metadata": {
                        "labels": {
                            "application": "${APPLICATION_NAME}",
                            "deploymentConfig": "${APPLICATION_NAME}"
                        },
                        "name": "${APPLICATION_NAME}"
                    },
                    "spec": {
                        "containers": [
                            {
                                "env": [
                                    {
                                        "name": "KIE_CONTAINER_DEPLOYMENT",
                                        "value": "${KIE_CONTAINER_DEPLOYMENT}"
                                    },
                                    {
                                        "name": "KIE_SERVER_PROTOCOL",
                                        "value": "${KIE_SERVER_PROTOCOL}"
                                    },
                                    {
                                        "name": "KIE_SERVER_PORT",
                                        "value": "${KIE_SERVER_PORT}"
                                    },
                                    {
                                        "name": "KIE_SERVER_USER",
                                        "value": "${KIE_SERVER_USER}"
                                    },
                                    {
                                        "name": "KIE_SERVER_PASSWORD",
                                        "value": "${KIE_SERVER_PASSWORD}"
                                    },
                                    {
                                        "name": "KIE_SERVER_DOMAIN",
                                        "value": "${KIE_SERVER_DOMAIN}"
                                    },
                                    {
                                        "name": "KIE_SERVER_PERSISTENCE_DIALECT",
                                        "value": "${KIE_SERVER_PERSISTENCE_DIALECT}"
                                    },
                                    {
                                        "name": "DB_SERVICE_PREFIX_MAPPING",
                                        "value": "${APPLICATION_NAME}-postgresql=DB,${APPLICATION_NAME}-postgresql=QUARTZ"
                                    },
                                    {
                                        "name": "TX_DATABASE_PREFIX_MAPPING",
                                        "value": "${APPLICATION_NAME}-postgresql=DB"
                                    },
                                    {
                                        "name": "DB_JNDI",
                                        "value": "${DB_JNDI}"
                                    },
                                    {
                                        "name": "DB_USERNAME",
                                        "value": "${DB_USERNAME}"
                                    },
                                    {
                                        "name": "DB_PASSWORD",
                                        "value": "${DB_PASSWORD}"
                                    },
                                    {
                                        "name": "DB_DATABASE",
                                        "value": "${DB_DATABASE}"
                                    },
                                    {
                                        "name": "DB_MIN_POOL_SIZE",
                                        "value": "${DB_MIN_POOL_SIZE}"
                                    },
                                    {
                                        "name": "DB_MAX_POOL_SIZE",
                                        "value": "${DB_MAX_POOL_SIZE}"
                                    },
                                    {
                                        "name": "DB_TX_ISOLATION",
                                        "value": "${DB_TX_ISOLATION}"
                                    },
                                    {
                                        "name": "QUARTZ_JNDI",
                                        "value": "${DB_JNDI}NotManaged"
                                    },
                                    {
                                        "name": "QUARTZ_USERNAME",
                                        "value": "${DB_USERNAME}"
                                    },
                                    {
                                        "name": "QUARTZ_PASSWORD",
                                        "value": "${DB_PASSWORD}"
                                    },
                                    {
                                        "name": "QUARTZ_DATABASE",
                                        "value": "${DB_DATABASE}"
                                    },
                                    {
                                        "name": "QUARTZ_MIN_POOL_SIZE",
                                        "value": "${DB_MIN_POOL_SIZE}"
                                    },
                                    {
                                        "name": "QUARTZ_MAX_POOL_SIZE",
                                        "value": "${DB_MAX_POOL_SIZE}"
                                    },
                                    {
                                        "name": "QUARTZ_TX_ISOLATION",
                                        "value": "${DB_TX_ISOLATION}"
                                    },
                                    {
                                        "name": "QUARTZ_JTA",
                                        "value": "false"
                                    },
                                    {
                                        "name": "QUARTZ_NONXA",
                                        "value": "true"
                                    },
                                    {
                                        "name": "HTTPS_KEYSTORE_DIR",
                                        "value": "/etc/processserver-secret-volume"
                                    },
                                    {
                                        "name": "HTTPS_KEYSTORE",
                                        "value": "${HTTPS_KEYSTORE}"
                                    },
                                    {
                                        "name": "HTTPS_NAME",
                                        "value": "${HTTPS_NAME}"
                                    },
                                    {
                                        "name": "HTTPS_PASSWORD",
                                        "value": "${HTTPS_PASSWORD}"
                                    },
                                    {
                                        "name": "HORNETQ_CLUSTER_PASSWORD",
                                        "value": "${HORNETQ_CLUSTER_PASSWORD}"
                                    },
                                    {
                                        "name": "HORNETQ_QUEUES",
                                        "value": "${HORNETQ_QUEUES}"
                                    },
                                    {
                                        "name": "HORNETQ_TOPICS",
                                        "value": "${HORNETQ_TOPICS}"
                                    }
                                ],
                                "image": "${APPLICATION_NAME}",
                                "imagePullPolicy": "Always",
                                "livenessProbe": {
                                    "exec": {
                                        "command": [
                                            "/bin/bash",
                                            "-c",
                                            "/opt/eap/bin/livenessProbe.sh"
                                        ]
                                    },
                                    "initialDelaySeconds": 60
                                },
                                "name": "${APPLICATION_NAME}",
                                "ports": [
                                    {
                                        "containerPort": 8778,
                                        "name": "jolokia",
                                        "protocol": "TCP"
                                    },
                                    {
                                        "containerPort": 8080,
                                        "name": "http",
                                        "protocol": "TCP"
                                    },
                                    {
                                        "containerPort": 8443,
                                        "name": "https",
                                        "protocol": "TCP"
                                    }
                                ],
                                "readinessProbe": {
                                    "exec": {
                                        "command": [
                                            "/bin/bash",
                                            "-c",
                                            "/opt/eap/bin/readinessProbe.sh"
                                        ]
                                    }
                                },
                                "resources": {
                                    "limits": {
                                        "memory": "${MEMORY_LIMIT}"
                                    }
                                },
                                "volumeMounts": [
                                    {
                                        "mountPath": "/etc/processserver-secret-volume",
                                        "name": "processserver-keystore-volume",
                                        "readOnly": true
                                    }
                                ]
                            }
                        ],
                        "terminationGracePeriodSeconds": 60,
                        "volumes": [
                            {
                                "name": "processserver-keystore-volume",
                                "secret": {
                                    "secretName": "${HTTPS_SECRET}"
                                }
                            }
                        ]
                    }
                },
                "triggers": [
                    {
                        "imageChangeParams": {
                            "automatic": true,
                            "containerNames": [
                                "${APPLICATION_NAME}"
                            ],
                            "from": {
                                "kind": "ImageStream",
                                "name": "${APPLICATION_NAME}"
                            }
                        },
                        "type": "ImageChange"
                    },
                    {
                        "type": "ConfigChange"
                    }
                ]
            }
        },
        {
            "apiVersion": "v1",
            "kind": "DeploymentConfig",
            "metadata": {
                "annotations": {
                    "template.alpha.openshift.io/wait-for-ready": "true"
                },
                "labels": {
                    "application": "${APPLICATION_NAME}",
                    "service": "${APPLICATION_NAME}-postgresql"
                },
                "name": "${APPLICATION_NAME}-postgresql"
            },
            "spec": {
                "replicas": 1,
                "selector": {
                    "deploymentConfig": "${APPLICATION_NAME}-postgresql"
                },
                "strategy": {
                    "type": "Recreate"
                },
                "template": {
                    "metadata": {
                        "labels": {
                            "application": "${APPLICATION_NAME}",
                            "deploymentConfig": "${APPLICATION_NAME}-postgresql"
                        },
                        "name": "${APPLICATION_NAME}-postgresql"
                    },
                    "spec": {
                        "containers": [
                            {
                                "env": [
                                    {
                                        "name": "POSTGRESQL_USER",
                                        "value": "${DB_USERNAME}"
                                    },
                                    {
                                        "name": "POSTGRESQL_PASSWORD",
                                        "value": "${DB_PASSWORD}"
                                    },
                                    {
                                        "name": "POSTGRESQL_DATABASE",
                                        "value": "${DB_DATABASE}"
                                    },
                                    {
                                        "name": "POSTGRESQL_MAX_CONNECTIONS",
                                        "value": "${POSTGRESQL_MAX_CONNECTIONS}"
                                    },
                                    {
                                        "name": "POSTGRESQL_SHARED_BUFFERS",
                                        "value": "${POSTGRESQL_SHARED_BUFFERS}"
                                    }
                                ],
                                "image": "postgresql",
                                "imagePullPolicy": "Always",
                                "livenessProbe": {
                                    "initialDelaySeconds": 30,
                                    "tcpSocket": {
                                        "port": 5432
                                    },
                                    "timeoutSeconds": 1
                                },
                                "name": "${APPLICATION_NAME}-postgresql",
                                "ports": [
                                    {
                                        "containerPort": 5432,
                                        "protocol": "TCP"
                                    }
                                ],
                                "readinessProbe": {
                                    "exec": {
                                        "command": [
                                            "/bin/sh",
                                            "-i",
                                            "-c",
                                            "psql -h 127.0.0.1 -U $POSTGRESQL_USER -q -d $POSTGRESQL_DATABASE -c 'SELECT 1'"
                                        ]
                                    },
                                    "initialDelaySeconds": 5,
                                    "timeoutSeconds": 1
                                },
                                "volumeMounts": [
                                    {
                                        "mountPath": "/var/lib/pgsql/data",
                                        "name": "${APPLICATION_NAME}-postgresql-pvol"
                                    }
                                ]
                            }
                        ],
                        "terminationGracePeriodSeconds": 60,
                        "volumes": [
                            {
                                "name": "${APPLICATION_NAME}-postgresql-pvol",
                                "persistentVolumeClaim": {
                                    "claimName": "${APPLICATION_NAME}-postgresql-claim"
                                }
                            }
                        ]
                    }
                },
                "triggers": [
                    {
                        "imageChangeParams": {
                            "automatic": true,
                            "containerNames": [
                                "${APPLICATION_NAME}-postgresql"
                            ],
                            "from": {
                                "kind": "ImageStreamTag",
                                "name": "postgresql:${POSTGRESQL_IMAGE_STREAM_TAG}",
                                "namespace": "${IMAGE_STREAM_NAMESPACE}"
                            }
                        },
                        "type": "ImageChange"
                    },
                    {
                        "type": "ConfigChange"
                    }
                ]
            }
        },
        {
            "apiVersion": "v1",
            "kind": "PersistentVolumeClaim",
            "metadata": {
                "labels": {
                    "application": "${APPLICATION_NAME}"
                },
                "name": "${APPLICATION_NAME}-postgresql-claim"
            },
            "spec": {
                "accessModes": [
                    "ReadWriteOnce"
                ],
                "resources": {
                    "requests": {
                        "storage": "${VOLUME_CAPACITY}"
                    }
                }
            }
        }
    ],
    "parameters": [
        {
            "description": "The KIE Container deployment configuration in format: containerId=groupId:artifactId:version|c2=g2:a2:v2",
            "displayName": "KIE Container Deployment",
            "name": "KIE_CONTAINER_DEPLOYMENT",
            "required": false,
            "value": "processserver-library=org.openshift.quickstarts:processserver-library:1.4.0.Final"
        },
        {
            "description": "The protocol to access the KIE Server REST interface.",
            "displayName": "KIE Server Protocol",
            "name": "KIE_SERVER_PROTOCOL",
            "required": false,
            "value": "https"
        },
        {
            "description": "The port to access the KIE Server REST interface.",
            "displayName": "KIE Server Port",
            "name": "KIE_SERVER_PORT",
            "required": false,
            "value": "8443"
        },
        {
            "description": "The user name to access the KIE Server REST or JMS interface.",
            "displayName": "KIE Server Username",
            "name": "KIE_SERVER_USER",
            "required": false,
            "value": "kieserver"
        },
        {
            "description": "The password to access the KIE Server REST or JMS interface. Must be different than username; must not be root, admin, or administrator; must contain at least 8 characters, 1 alphabetic character(s), 1 digit(s), and 1 non-alphanumeric symbol(s).",
            "displayName": "KIE Server Password",
            "from": "[a-zA-Z]{6}[0-9]{1}!",
            "generate": "expression",
            "name": "KIE_SERVER_PASSWORD",
            "required": false
        },
        {
            "description": "JAAS LoginContext domain that shall be used to authenticate users when using JMS.",
            "displayName": "KIE Server Domain",
            "name": "KIE_SERVER_DOMAIN",
            "required": false,
            "value": "other"
        },
        {
            "description": "Hibernate persistence dialect.",
            "displayName": "KIE Server Persistence Dialect",
            "name": "KIE_SERVER_PERSISTENCE_DIALECT",
            "required": false,
            "value": "org.hibernate.dialect.PostgreSQL82Dialect"
        },
        {
            "description": "The name for the application.",
            "displayName": "Application Name",
            "name": "APPLICATION_NAME",
            "required": true,
            "value": "kie-app"
        },
        {
            "description": "Custom hostname for http service route.  Leave blank for default hostname, e.g.: <application-name>-<project>.<default-domain-suffix>",
            "displayName": "Custom http Route Hostname",
            "name": "HOSTNAME_HTTP",
            "required": false,
            "value": ""
        },
        {
            "description": "Custom hostname for https service route.  Leave blank for default hostname, e.g.: secure-<application-name>-<project>.<default-domain-suffix>",
            "displayName": "Custom https Route Hostname",
            "name": "HOSTNAME_HTTPS",
            "required": false,
            "value": ""
        },
        {
            "description": "Git source URI for application",
            "displayName": "Git Repository URL",
            "name": "SOURCE_REPOSITORY_URL",
            "required": true,
            "value": "https://github.com/jboss-openshift/openshift-quickstarts"
        },
        {
            "description": "Git branch/tag reference",
            "displayName": "Git Reference",
            "name": "SOURCE_REPOSITORY_REF",
            "required": false,
            "value": "1.4"
        },
        {
            "description": "Path within Git project to build; empty for root project directory.",
            "displayName": "Context Directory",
            "name": "CONTEXT_DIR",
            "required": false,
            "value": "processserver/library"
        },
        {
            "description": "Database JNDI name used by application to resolve the datasource, e.g. java:/jboss/datasources/ExampleDS",
            "displayName": "Database JNDI Name",
            "name": "DB_JNDI",
            "required": false,
            "value": "java:jboss/datasources/ExampleDS"
        },
        {
            "description": "Database name",
            "displayName": "Database Name",
            "name": "DB_DATABASE",
            "required": true,
            "value": "root"
        },
        {
            "description": "Size of persistent storage for database volume.",
            "displayName": "Database Volume Capacity",
            "name": "VOLUME_CAPACITY",
            "required": true,
            "value": "1Gi"
        },
        {
            "description": "Queue names",
            "displayName": "Queues",
            "name": "HORNETQ_QUEUES",
            "required": false,
            "value": ""
        },
        {
            "description": "Topic names",
            "displayName": "Topics",
            "name": "HORNETQ_TOPICS",
            "required": false,
            "value": ""
        },
        {
            "description": "The name of the secret containing the keystore file",
            "displayName": "Server Keystore Secret Name",
            "name": "HTTPS_SECRET",
            "required": false,
            "value": "processserver-app-secret"
        },
        {
            "description": "The name of the keystore file within the secret",
            "displayName": "Server Keystore Filename",
            "name": "HTTPS_KEYSTORE",
            "required": false,
            "value": "keystore.jks"
        },
        {
            "description": "The name associated with the server certificate",
            "displayName": "Server Certificate Name",
            "name": "HTTPS_NAME",
            "required": false,
            "value": "jboss"
        },
        {
            "description": "The password for the keystore and certificate",
            "displayName": "Server Keystore Password",
            "name": "HTTPS_PASSWORD",
            "required": false,
            "value": "mykeystorepass"
        },
        {
            "description": "Database user name",
            "displayName": "Database Username",
            "from": "user[a-zA-Z0-9]{3}",
            "generate": "expression",
            "name": "DB_USERNAME",
            "required": true
        },
        {
            "description": "Database user password",
            "displayName": "Database Password",
            "from": "[a-zA-Z0-9]{8}",
            "generate": "expression",
            "name": "DB_PASSWORD",
            "required": true
        },
        {
            "description": "Sets xa-pool/min-pool-size for the configured datasource.",
            "displayName": "Datasource Minimum Pool Size",
            "name": "DB_MIN_POOL_SIZE",
            "required": false
        },
        {
            "description": "Sets xa-pool/max-pool-size for the configured datasource.",
            "displayName": "Datasource Maximum Pool Size",
            "name": "DB_MAX_POOL_SIZE",
            "required": false
        },
        {
            "description": "Sets transaction-isolation for the configured datasource.",
            "displayName": "Datasource Transaction Isolation",
            "name": "DB_TX_ISOLATION",
            "required": false
        },
        {
            "description": "The maximum number of client connections allowed. This also sets the maximum number of prepared transactions.",
            "displayName": "PostgreSQL Maximum number of connections",
            "name": "POSTGRESQL_MAX_CONNECTIONS",
            "required": false
        },
        {
            "description": "Configures how much memory is dedicated to PostgreSQL for caching data.",
            "displayName": "PostgreSQL Shared Buffers",
            "name": "POSTGRESQL_SHARED_BUFFERS",
            "required": false
        },
        {
            "description": "HornetQ cluster admin password",
            "displayName": "HornetQ Password",
            "from": "[a-zA-Z0-9]{8}",
            "generate": "expression",
            "name": "HORNETQ_CLUSTER_PASSWORD",
            "required": true
        },
        {
            "description": "GitHub trigger secret",
            "displayName": "Github Webhook Secret",
            "from": "[a-zA-Z0-9]{8}",
            "generate": "expression",
            "name": "GITHUB_WEBHOOK_SECRET",
            "required": true
        },
        {
            "description": "Generic build trigger secret",
            "displayName": "Generic Webhook Secret",
            "from": "[a-zA-Z0-9]{8}",
            "generate": "expression",
            "name": "GENERIC_WEBHOOK_SECRET",
            "required": true
        },
        {
            "description": "Namespace in which the ImageStreams for Red Hat Middleware images are installed. These ImageStreams are normally installed in the openshift namespace. You should only need to modify this if you've installed the ImageStreams in a different namespace/project.",
            "displayName": "ImageStream Namespace",
            "name": "IMAGE_STREAM_NAMESPACE",
            "required": true,
            "value": "openshift"
        },
        {
            "description": "Maven mirror to use for S2I builds",
            "displayName": "Maven mirror URL",
            "name": "MAVEN_MIRROR_URL",
            "required": false,
            "value": ""
        },
        {
            "description": "List of directories from which archives will be copied into the deployment folder. If unspecified, all archives in /target will be copied.",
            "displayName": "List of directories from which archives will be copied into the deployment folder.",
            "name": "ARTIFACT_DIR",
            "required": false,
            "value": ""
        },
        {
            "description": "The tag to use for the \"postgresql\" image stream.  Typically, this aligns with the major.minor version of PostgreSQL.",
            "displayName": "PostgreSQL Image Stream Tag",
            "name": "POSTGRESQL_IMAGE_STREAM_TAG",
            "required": true,
            "value": "9.5"
        },
        {
            "description": "Container memory limit",
            "displayName": "Container memory limit",
            "name": "MEMORY_LIMIT",
            "required": false,
            "value": "1Gi"
        }
    ]
}