{
    "apiVersion": "v1",
    "kind": "ImageStream",
    "metadata": {
        "annotations": {
            "openshift.io/display-name": "Perl"
        },
        "name": "perl"
    },
    "spec": {
        "tags": [
            {
                "annotations": {
                    "description": "Build and run Perl applications on CentOS 7. For more information about using this builder image, including OpenShift considerations, see https://github.com/sclorg/s2i-perl-container/blob/master/5.26/README.md.\n\nWARNING: By selecting this tag, your application will automatically update to use the latest version of Perl available on OpenShift, including major version updates.",
                    "iconClass": "icon-perl",
                    "openshift.io/display-name": "Perl (Latest)",
                    "openshift.io/provider-display-name": "Red Hat, Inc.",
                    "sampleRepo": "https://github.com/sclorg/dancer-ex.git",
                    "supports": "perl",
                    "tags": "builder,perl"
                },
                "from": {
                    "kind": "ImageStreamTag",
                    "name": "5.26"
                },
                "name": "latest",
                "referencePolicy": {
                    "type": "Local"
                }
            },
            {
                "annotations": {
                    "description": "Build and run Perl 5.24 applications on CentOS 7. For more information about using this builder image, including OpenShift considerations, see https://github.com/sclorg/s2i-perl-container/blob/master/5.24/README.md.",
                    "iconClass": "icon-perl",
                    "openshift.io/display-name": "Perl 5.24",
                    "openshift.io/provider-display-name": "Red Hat, Inc.",
                    "sampleRepo": "https://github.com/sclorg/dancer-ex.git",
                    "supports": "perl:5.24,perl",
                    "tags": "builder,perl",
                    "version": "5.24"
                },
                "from": {
                    "kind": "DockerImage",
                    "name": "docker.io/centos/perl-524-centos7:latest"
                },
                "name": "5.24",
                "referencePolicy": {
                    "type": "Local"
                }
            },
            {
                "annotations": {
                    "description": "Build and run Perl 5.26 applications on CentOS 7. For more information about using this builder image, including OpenShift considerations, see https://github.com/sclorg/s2i-perl-container/blob/master/5.26/README.md.",
                    "iconClass": "icon-perl",
                    "openshift.io/display-name": "Perl 5.26",
                    "openshift.io/provider-display-name": "Red Hat, Inc.",
                    "sampleRepo": "https://github.com/sclorg/dancer-ex.git",
                    "supports": "perl:5.26,perl",
                    "tags": "builder,perl",
                    "version": "5.26"
                },
                "from": {
                    "kind": "DockerImage",
                    "name": "docker.io/centos/perl-526-centos7:latest"
                },
                "name": "5.26",
                "referencePolicy": {
                    "type": "Local"
                }
            }
        ]
    }
}