{
  "apiVersion": "v1",
  "kind": "ImageStream",
  "metadata": {
    "annotations": {
      "openshift.io/display-name": "Elixir (elixir)"
    },
    "name": "elixir"
  },
  "spec": {
    "tags": [
      {
        "annotations": {
          "description": "Elixir catalog image.",
          "iconClass": "icon-elixir",
          "openshift.io/display-name": "Elixir V xxx",
          "openshift.io/provider-display-name": "Hobby Lobby",
          "sampleRepo": "git@hlgithub.hobbylobby.corp:SystemAdmins/ossamples-nginx.git",
          "supports": "elixir",
          "tags": "builder,elixir",
          "version": "v1.6.5-rhel7"
        },
        "from": {
          "kind": "DockerImage",
          "name": "hlrepomgmt01:8088/hl-s2i-elixir:v1.6.5-rhel7:latest"
        },
        "referencePolicy": {
          "type": "Local"
        },
        "name": "v1.6.5-rhel7"
      },
      {
        "annotations": {
          "description": "Elixir.",
          "iconClass": "icon-elixir",
          "openshift.io/display-name": "Elixir",
          "openshift.io/provider-display-name": "Hobby Lobby.",
          "sampleRepo": "git@hlgithub.hobbylobby.corp:SystemAdmins/ossamples-nginx.git",
          "supports": "elixir",
          "tags": "builder,elixir",
          "version": "v1.6.5-rhel7"
        },
        "from": {
          "kind": "DockerImage",
          "name": "hlrepomgmt01:8088/hl-s2i-elixir:v1.6.5-rhel7:latest"
        },
        "referencePolicy": {
          "type": "Local"
        },
        "name": "v1.6.5-rhel7"
      },
      {
        "annotations": {
          "description": "Elixir.",
          "iconClass": "icon-elixir",
          "openshift.io/display-name": "Elixir (Latest)",
          "openshift.io/provider-display-name": "Hobby Lobby.",
          "sampleRepo": "git@hlgithub.hobbylobby.corp:SystemAdmins/ossamples-nginx.git",
          "supports": "elixir",
          "tags": "builder,elixir"
        },
        "from": {
          "kind": "ImageStreamTag",
          "name": "v1.6.5-rhel7"
        },
        "referencePolicy": {
          "type": "Local"
        },
        "name": "latest"
      }
    ]
  }
}