{
    "apiVersion": "v1",
    "kind": "ImageStream",
    "metadata": {
        "annotations": {
            "openshift.io/display-name": "Red Hat Fuse 6.3 Java",
            "openshift.io/provider-display-name": "Red Hat, Inc."
        },
        "name": "fis-java-openshift"
    },
    "spec": {
        "tags": [
            {
                "annotations": {
                    "description": "Red Hat Fuse 6.2.1 Java S2I images.",
                    "iconClass": "icon-rh-integration",
                    "openshift.io/display-name": "Red Hat Fuse 6.2.1 Java",
                    "supports": "jboss-fuse:6.2.1,java:8,xpaas:1.2",
                    "tags": "builder,jboss-fuse,java,xpaas,hidden",
                    "version": "1.0"
                },
                "from": {
                    "kind": "DockerImage",
                    "name": "registry.redhat.io/jboss-fuse-6/fis-java-openshift:1.0"
                },
                "name": "1.0",
                "referencePolicy": {
                    "type": "Local"
                }
            },
            {
                "annotations": {
                    "description": "Red Hat Fuse 6.3 Java S2I images.",
                    "iconClass": "icon-rh-integration",
                    "openshift.io/display-name": "Red Hat Fuse 6.3 Java",
                    "supports": "jboss-fuse:6.3.0,java:8,xpaas:1.2",
                    "tags": "builder,jboss-fuse,java,xpaas,hidden",
                    "version": "2.0"
                },
                "from": {
                    "kind": "DockerImage",
                    "name": "registry.redhat.io/jboss-fuse-6/fis-java-openshift:2.0"
                },
                "name": "2.0",
                "referencePolicy": {
                    "type": "Local"
                }
            }
        ]
    }
}