{
    "apiVersion": "v1",
    "kind": "ImageStream",
    "metadata": {
        "annotations": {
            "openshift.io/display-name": "Red Hat Fuse Apicurito Generator",
            "openshift.io/provider-display-name": "Red Hat, Inc."
        },
        "name": "fuse-apicurito-generator"
    },
    "spec": {
        "tags": [
            {
                "annotations": {
                    "description": "Red Hat Apicurito Generator image.",
                    "openshift.io/display-name": "Red Hat Apicurito Generator",
                    "tags": "apicurio,fuse,hidden"
                },
                "from": {
                    "kind": "DockerImage",
                    "name": "registry.redhat.io/fuse7/fuse-apicurito-generator:1.2"
                },
                "name": "1.2",
                "referencePolicy": {
                    "type": "Local"
                }
            },
            {
                "annotations": {
                    "description": "Red Hat Apicurito Generator image.",
                    "openshift.io/display-name": "Red Hat Apicurito Generator",
                    "tags": "apicurio,fuse,hidden"
                },
                "from": {
                    "kind": "DockerImage",
                    "name": "registry.redhat.io/fuse7/fuse-apicurito-generator:1.3"
                },
                "name": "1.3",
                "referencePolicy": {
                    "type": "Local"
                }
            }
        ]
    }
}