{
    "apiVersion": "v1",
    "kind": "ImageStream",
    "metadata": {
        "annotations": {
            "openshift.io/display-name": "Red Hat Fuse 7 EAP",
            "openshift.io/provider-display-name": "Red Hat, Inc."
        },
        "name": "fuse7-eap-openshift"
    },
    "spec": {
        "tags": [
            {
                "annotations": {
                    "description": "Red Hat Fuse 7.0 EAP S2I images.",
                    "iconClass": "icon-rh-integration",
                    "openshift.io/display-name": "Red Hat Fuse 7.0 EAP",
                    "supports": "jboss-fuse:7.0.0,java:8,xpaas:1.2",
                    "tags": "builder,jboss-fuse,java,eap,xpaas,hidden",
                    "version": "1.0"
                },
                "from": {
                    "kind": "DockerImage",
                    "name": "registry.redhat.io/fuse7/fuse-eap-openshift:1.0"
                },
                "name": "1.0",
                "referencePolicy": {
                    "type": "Local"
                }
            },
            {
                "annotations": {
                    "description": "Red Hat Fuse 7.1 EAP S2I images.",
                    "iconClass": "icon-rh-integration",
                    "openshift.io/display-name": "Red Hat Fuse 7.1 EAP",
                    "supports": "jboss-fuse:7.1.0,java:8,xpaas:1.2",
                    "tags": "builder,jboss-fuse,java,eap,xpaas,hidden",
                    "version": "1.1"
                },
                "from": {
                    "kind": "DockerImage",
                    "name": "registry.redhat.io/fuse7/fuse-eap-openshift:1.1"
                },
                "name": "1.1",
                "referencePolicy": {
                    "type": "Local"
                }
            },
            {
                "annotations": {
                    "description": "Red Hat Fuse 7.2 EAP S2I images.",
                    "iconClass": "icon-rh-integration",
                    "openshift.io/display-name": "Red Hat Fuse 7.2 EAP",
                    "supports": "jboss-fuse:7.2.0,java:8,xpaas:1.2",
                    "tags": "builder,jboss-fuse,java,eap,xpaas,hidden",
                    "version": "1.2"
                },
                "from": {
                    "kind": "DockerImage",
                    "name": "registry.redhat.io/fuse7/fuse-eap-openshift:1.2"
                },
                "name": "1.2",
                "referencePolicy": {
                    "type": "Local"
                }
            },
            {
                "annotations": {
                    "description": "Red Hat Fuse 7.3 EAP S2I images.",
                    "iconClass": "icon-rh-integration",
                    "openshift.io/display-name": "Red Hat Fuse 7.3 EAP",
                    "supports": "jboss-fuse:7.3.0,java:8,xpaas:1.2",
                    "tags": "builder,jboss-fuse,java,eap,xpaas,hidden",
                    "version": "1.3"
                },
                "from": {
                    "kind": "DockerImage",
                    "name": "registry.redhat.io/fuse7/fuse-eap-openshift:1.3"
                },
                "name": "1.3",
                "referencePolicy": {
                    "type": "Local"
                }
            }
        ]
    }
}