{
    "apiVersion": "v1",
    "kind": "ImageStream",
    "metadata": {
        "annotations": {
            "openshift.io/display-name": "Red Hat Fuse 7.0 Console",
            "openshift.io/provider-display-name": "Red Hat, Inc."
        },
        "name": "jboss-fuse70-console"
    },
    "spec": {
        "tags": [
            {
                "annotations": {
                    "description": "Red Hat Fuse 7.0 Console image.",
                    "iconClass": "icon-rh-integration",
                    "openshift.io/display-name": "Red Hat Fuse 7.0 Console",
                    "supports": "jboss-fuse:7.0.0,java:8,xpaas:1.2",
                    "tags": "jboss-fuse,hawtio,java,xpaas,hidden",
                    "version": "1.0"
                },
                "from": {
                    "kind": "DockerImage",
                    "name": "registry.redhat.io/fuse7/fuse-console:1.0"
                },
                "name": "1.0",
                "referencePolicy": {
                    "type": "Local"
                }
            }
        ]
    }
}