{
    "apiVersion": "v1",
    "kind": "ImageStream",
    "labels": {
        "xpaas": "1.4.17"
    },
    "metadata": {
        "annotations": {
            "openshift.io/display-name": "Red Hat OpenJDK 8",
            "openshift.io/provider-display-name": "Red Hat, Inc.",
            "version": "1.4.17"
        },
        "name": "java"
    },
    "spec": {
        "tags": [
            {
                "annotations": {
                    "description": "Build and run Java applications using Maven and OpenJDK 8.",
                    "iconClass": "icon-rh-openjdk",
                    "openshift.io/display-name": "Red Hat OpenJDK 8",
                    "sampleContextDir": "undertow-servlet",
                    "sampleRepo": "https://github.com/jboss-openshift/openshift-quickstarts",
                    "supports": "java:8,java",
                    "tags": "builder,java,openjdk",
                    "version": "8"
                },
                "from": {
                    "kind": "DockerImage",
                    "name": "registry.redhat.io/redhat-openjdk-18/openjdk18-openshift:latest"
                },
                "name": "8",
                "referencePolicy": {
                    "type": "Local"
                }
            },
            {
                "annotations": {
                    "description": "Build and run Java applications using Maven and OpenJDK 11.",
                    "iconClass": "icon-rh-openjdk",
                    "openshift.io/display-name": "Red Hat OpenJDK 11",
                    "sampleContextDir": "undertow-servlet",
                    "sampleRepo": "https://github.com/jboss-openshift/openshift-quickstarts",
                    "supports": "java:11,java",
                    "tags": "builder,java,openjdk",
                    "version": "11"
                },
                "from": {
                    "kind": "DockerImage",
                    "name": "registry.redhat.io/openjdk/openjdk-11-rhel7:latest"
                },
                "name": "11",
                "referencePolicy": {
                    "type": "Local"
                }
            },
            {
                "annotations": {
                    "description": "Build and run Java applications using Maven and OpenJDK 11.",
                    "iconClass": "icon-rh-openjdk",
                    "openshift.io/display-name": "Red Hat OpenJDK 11",
                    "sampleContextDir": "undertow-servlet",
                    "sampleRepo": "https://github.com/jboss-openshift/openshift-quickstarts",
                    "supports": "java:11,java",
                    "tags": "builder,java,openjdk",
                    "version": "latest"
                },
                "from": {
                    "kind": "ImageStreamTag",
                    "name": "java:11"
                },
                "name": "latest",
                "referencePolicy": {
                    "type": "Local"
                }
            }
        ]
    }
}