{
    "apiVersion": "v1",
    "kind": "ImageStream",
    "labels": {
        "xpaas": "1.4.17"
    },
    "metadata": {
        "annotations": {
            "openshift.io/display-name": "Red Hat OpenJDK 11",
            "openshift.io/provider-display-name": "Red Hat, Inc.",
            "version": "1.4.17"
        },
        "name": "openjdk-11-rhel7"
    },
    "spec": {
        "tags": [
            {
                "annotations": {
                    "description": "Build and run Java applications using Maven and OpenJDK 11.",
                    "iconClass": "icon-rh-openjdk",
                    "openshift.io/display-name": "Red Hat OpenJDK 11",
                    "sampleContextDir": "undertow-servlet",
                    "sampleRepo": "https://github.com/jboss-openshift/openshift-quickstarts",
                    "supports": "java:11",
                    "tags": "builder,java,openjdk,hidden",
                    "version": "1.0"
                },
                "from": {
                    "kind": "DockerImage",
                    "name": "registry.redhat.io/openjdk/openjdk-11-rhel7:1.0"
                },
                "name": "1.0",
                "referencePolicy": {
                    "type": "Local"
                }
            }
        ]
    }
}