{
    "apiVersion": "v1",
    "kind": "ImageStream",
    "labels": {
        "xpaas": "1.4.17"
    },
    "metadata": {
        "annotations": {
            "openshift.io/display-name": "Red Hat OpenJDK 8",
            "openshift.io/provider-display-name": "Red Hat, Inc.",
            "version": "1.4.17"
        },
        "name": "redhat-openjdk18-openshift"
    },
    "spec": {
        "tags": [
            {
                "annotations": {
                    "description": "Build and run Java applications using Maven and OpenJDK 8.",
                    "iconClass": "icon-rh-openjdk",
                    "openshift.io/display-name": "Red Hat OpenJDK 8",
                    "sampleContextDir": "undertow-servlet",
                    "sampleRepo": "https://github.com/jboss-openshift/openshift-quickstarts",
                    "supports": "java:8",
                    "tags": "builder,java,openjdk,hidden",
                    "version": "1.0"
                },
                "from": {
                    "kind": "DockerImage",
                    "name": "registry.redhat.io/redhat-openjdk-18/openjdk18-openshift:1.0"
                },
                "name": "1.0",
                "referencePolicy": {
                    "type": "Local"
                }
            },
            {
                "annotations": {
                    "description": "Build and run Java applications using Maven and OpenJDK 8.",
                    "iconClass": "icon-rh-openjdk",
                    "openshift.io/display-name": "Red Hat OpenJDK 8",
                    "sampleContextDir": "undertow-servlet",
                    "sampleRepo": "https://github.com/jboss-openshift/openshift-quickstarts",
                    "supports": "java:8",
                    "tags": "builder,java,openjdk,hidden",
                    "version": "1.1"
                },
                "from": {
                    "kind": "DockerImage",
                    "name": "registry.redhat.io/redhat-openjdk-18/openjdk18-openshift:1.1"
                },
                "name": "1.1",
                "referencePolicy": {
                    "type": "Local"
                }
            },
            {
                "annotations": {
                    "description": "Build and run Java applications using Maven and OpenJDK 8.",
                    "iconClass": "icon-rh-openjdk",
                    "openshift.io/display-name": "Red Hat OpenJDK 8",
                    "sampleContextDir": "undertow-servlet",
                    "sampleRepo": "https://github.com/jboss-openshift/openshift-quickstarts",
                    "supports": "java:8",
                    "tags": "builder,java,openjdk,hidden",
                    "version": "1.2"
                },
                "from": {
                    "kind": "DockerImage",
                    "name": "registry.redhat.io/redhat-openjdk-18/openjdk18-openshift:1.2"
                },
                "name": "1.2",
                "referencePolicy": {
                    "type": "Local"
                }
            },
            {
                "annotations": {
                    "description": "Build and run Java applications using Maven and OpenJDK 8.",
                    "iconClass": "icon-rh-openjdk",
                    "openshift.io/display-name": "Red Hat OpenJDK 8",
                    "sampleContextDir": "undertow-servlet",
                    "sampleRepo": "https://github.com/jboss-openshift/openshift-quickstarts",
                    "supports": "java:8",
                    "tags": "builder,java,openjdk,hidden",
                    "version": "1.3"
                },
                "from": {
                    "kind": "DockerImage",
                    "name": "registry.redhat.io/redhat-openjdk-18/openjdk18-openshift:1.3"
                },
                "name": "1.3",
                "referencePolicy": {
                    "type": "Local"
                }
            },
            {
                "annotations": {
                    "description": "Build and run Java applications using Maven and OpenJDK 8.",
                    "iconClass": "icon-rh-openjdk",
                    "openshift.io/display-name": "Red Hat OpenJDK 8",
                    "sampleContextDir": "undertow-servlet",
                    "sampleRepo": "https://github.com/jboss-openshift/openshift-quickstarts",
                    "supports": "java:8",
                    "tags": "builder,java,openjdk,hidden",
                    "version": "1.4"
                },
                "from": {
                    "kind": "DockerImage",
                    "name": "registry.redhat.io/redhat-openjdk-18/openjdk18-openshift:1.4"
                },
                "name": "1.4",
                "referencePolicy": {
                    "type": "Local"
                }
            },
            {
                "annotations": {
                    "description": "Build and run Java applications using Maven and OpenJDK 8.",
                    "iconClass": "icon-rh-openjdk",
                    "openshift.io/display-name": "Red Hat OpenJDK 8",
                    "sampleContextDir": "undertow-servlet",
                    "sampleRepo": "https://github.com/jboss-openshift/openshift-quickstarts",
                    "supports": "java:8",
                    "tags": "builder,java,openjdk,hidden",
                    "version": "1.5"
                },
                "from": {
                    "kind": "DockerImage",
                    "name": "registry.redhat.io/redhat-openjdk-18/openjdk18-openshift:1.5"
                },
                "name": "1.5",
                "referencePolicy": {
                    "type": "Local"
                }
            }
        ]
    }
}