{
    "apiVersion": "v1",
    "kind": "ImageStream",
    "metadata": {
        "annotations": {
            "openshift.io/display-name": "Node.js"
        },
        "name": "nodejs"
    },
    "spec": {
        "tags": [
            {
                "annotations": {
                    "description": "Build and run Node.js applications on CentOS 7. For more information about using this builder image, including OpenShift considerations, see https://github.com/nodeshift/centos7-s2i-nodejs.\n\nWARNING: By selecting this tag, your application will automatically update to use the latest version of Node.js available on OpenShift, including major versions updates.",
                    "iconClass": "icon-nodejs",
                    "openshift.io/display-name": "Node.js (Latest)",
                    "openshift.io/provider-display-name": "Red Hat, Inc.",
                    "sampleRepo": "https://github.com/sclorg/nodejs-ex.git",
                    "supports": "nodejs",
                    "tags": "builder,nodejs"
                },
                "from": {
                    "kind": "ImageStreamTag",
                    "name": "12"
                },
                "name": "latest",
                "referencePolicy": {
                    "type": "Local"
                }
            },
            {
                "annotations": {
                    "description": "Build and run Node.js 8 applications on CentOS 7. For more information about using this builder image, including OpenShift considerations, see https://github.com/sclorg/s2i-nodejs-container/blob/master/8/README.md.",
                    "iconClass": "icon-nodejs",
                    "openshift.io/display-name": "Node.js 8",
                    "openshift.io/provider-display-name": "Red Hat, Inc.",
                    "sampleRepo": "https://github.com/sclorg/nodejs-ex.git",
                    "tags": "builder,nodejs",
                    "version": "8"
                },
                "from": {
                    "kind": "DockerImage",
                    "name": "docker.io/centos/nodejs-8-centos7:latest"
                },
                "name": "8",
                "referencePolicy": {
                    "type": "Local"
                }
            },
            {
                "annotations": {
                    "description": "Build and run Node.js 8 applications on CentOS 7. For more information about using this builder image, including OpenShift considerations, see https://github.com/nodeshift/centos7-s2i-nodejs.",
                    "iconClass": "icon-nodejs",
                    "openshift.io/display-name": "Node.js 8 (RHOAR)",
                    "openshift.io/provider-display-name": "Red Hat, Inc.",
                    "sampleRepo": "https://github.com/sclorg/nodejs-ex.git",
                    "tags": "builder,nodejs",
                    "version": "8"
                },
                "from": {
                    "kind": "DockerImage",
                    "name": "docker.io/nodeshift/centos7-s2i-nodejs:8.x"
                },
                "name": "8-RHOAR",
                "referencePolicy": {
                    "type": "Local"
                }
            },
            {
                "annotations": {
                    "description": "Build and run Node.js 10 applications on CentOS 7. For more information about using this builder image, including OpenShift considerations, see https://github.com/nodeshift/centos7-s2i-nodejs.",
                    "iconClass": "icon-nodejs",
                    "openshift.io/display-name": "Node.js 10",
                    "openshift.io/provider-display-name": "Red Hat, Inc.",
                    "sampleRepo": "https://github.com/sclorg/nodejs-ex.git",
                    "tags": "builder,nodejs",
                    "version": "10"
                },
                "from": {
                    "kind": "DockerImage",
                    "name": "docker.io/nodeshift/centos7-s2i-nodejs:10.x"
                },
                "name": "10",
                "referencePolicy": {
                    "type": "Local"
                }
            },
            {
                "annotations": {
                    "description": "Build and run Node.js 11 applications on CentOS 7. For more information about using this builder image, including OpenShift considerations, see https://github.com/nodeshift/centos7-s2i-nodejs.",
                    "iconClass": "icon-nodejs",
                    "openshift.io/display-name": "Node.js 11",
                    "openshift.io/provider-display-name": "Red Hat, Inc.",
                    "sampleRepo": "https://github.com/sclorg/nodejs-ex.git",
                    "tags": "builder,nodejs",
                    "version": "11"
                },
                "from": {
                    "kind": "DockerImage",
                    "name": "docker.io/nodeshift/centos7-s2i-nodejs:11.x"
                },
                "name": "11",
                "referencePolicy": {
                    "type": "Local"
                }
            },
            {
                "annotations": {
                    "description": "Build and run Node.js 12 applications on CentOS 7. For more information about using this builder image, including OpenShift considerations, see https://github.com/nodeshift/centos7-s2i-nodejs.",
                    "iconClass": "icon-nodejs",
                    "openshift.io/display-name": "Node.js 12",
                    "openshift.io/provider-display-name": "Red Hat, Inc.",
                    "sampleRepo": "https://github.com/sclorg/nodejs-ex.git",
                    "tags": "builder,nodejs",
                    "version": "12"
                },
                "from": {
                    "kind": "DockerImage",
                    "name": "docker.io/nodeshift/centos7-s2i-nodejs:12.x"
                },
                "name": "12",
                "referencePolicy": {
                    "type": "Local"
                }
            }
        ]
    }
}