{
    "apiVersion": "v1",
    "kind": "Template",
    "labels": {
        "template": "eap64-tx-recovery-s2i",
        "xpaas": "1.4.18"
    },
    "message": "A new EAP 6 based application has been created in your project.",
    "metadata": {
        "annotations": {
            "description": "An example EAP 6 application. For more information about using this template, see https://github.com/jboss-openshift/application-templates.",
            "iconClass": "icon-eap",
            "openshift.io/display-name": "JBoss EAP 6.4 (tx recovery)",
            "openshift.io/provider-display-name": "Red Hat, Inc.",
            "tags": "eap,javaee,java,jboss",
            "template.openshift.io/documentation-url": "https://access.redhat.com/documentation/en/red-hat-jboss-enterprise-application-platform/",
            "template.openshift.io/long-description": "This template defines resources needed to develop Red Hat Enterprise Application Server 6.4 based application, including a build configuration, application deployment configuration and insecure communication using http.  The template also demonstrates how to enable automated transaction recovery on scale down of application pods.  Automated transaction recovery is currently Technology Preview.",
            "template.openshift.io/support-url": "https://access.redhat.com",
            "version": "1.4.18"
        },
        "name": "eap64-tx-recovery-s2i"
    },
    "objects": [
        {
            "apiVersion": "v1",
            "kind": "ServiceAccount",
            "metadata": {
                "name": "${APPLICATION_NAME}-sa"
            }
        },
        {
            "apiVersion": "v1",
            "kind": "RoleBinding",
            "metadata": {
                "name": "${APPLICATION_NAME}-role-binding"
            },
            "roleRef": {
                "kind": "Role",
                "name": "view"
            },
            "subjects": [
                {
                    "kind": "ServiceAccount",
                    "name": "${APPLICATION_NAME}-sa"
                }
            ]
        },
        {
            "apiVersion": "v1",
            "kind": "Service",
            "metadata": {
                "annotations": {
                    "description": "The web server's http port."
                },
                "labels": {
                    "application": "${APPLICATION_NAME}"
                },
                "name": "${APPLICATION_NAME}"
            },
            "spec": {
                "ports": [
                    {
                        "port": 8080,
                        "targetPort": 8080
                    }
                ],
                "selector": {
                    "deploymentConfig": "${APPLICATION_NAME}"
                }
            }
        },
        {
            "apiVersion": "v1",
            "kind": "Service",
            "metadata": {
                "annotations": {
                    "description": "The JGroups ping port for clustering.",
                    "service.alpha.kubernetes.io/tolerate-unready-endpoints": "true"
                },
                "labels": {
                    "application": "${APPLICATION_NAME}"
                },
                "name": "${APPLICATION_NAME}-ping"
            },
            "spec": {
                "clusterIP": "None",
                "ports": [
                    {
                        "name": "ping",
                        "port": 8888
                    }
                ],
                "selector": {
                    "deploymentConfig": "${APPLICATION_NAME}"
                }
            }
        },
        {
            "apiVersion": "v1",
            "id": "${APPLICATION_NAME}-http",
            "kind": "Route",
            "metadata": {
                "annotations": {
                    "description": "Route for application's http service."
                },
                "labels": {
                    "application": "${APPLICATION_NAME}"
                },
                "name": "${APPLICATION_NAME}"
            },
            "spec": {
                "host": "${HOSTNAME_HTTP}",
                "to": {
                    "name": "${APPLICATION_NAME}"
                }
            }
        },
        {
            "apiVersion": "v1",
            "kind": "ImageStream",
            "metadata": {
                "labels": {
                    "application": "${APPLICATION_NAME}"
                },
                "name": "${APPLICATION_NAME}"
            }
        },
        {
            "apiVersion": "v1",
            "kind": "BuildConfig",
            "metadata": {
                "labels": {
                    "application": "${APPLICATION_NAME}"
                },
                "name": "${APPLICATION_NAME}"
            },
            "spec": {
                "output": {
                    "to": {
                        "kind": "ImageStreamTag",
                        "name": "${APPLICATION_NAME}:latest"
                    }
                },
                "source": {
                    "contextDir": "${CONTEXT_DIR}",
                    "git": {
                        "ref": "${SOURCE_REPOSITORY_REF}",
                        "uri": "${SOURCE_REPOSITORY_URL}"
                    },
                    "type": "Git"
                },
                "strategy": {
                    "sourceStrategy": {
                        "env": [
                            {
                                "name": "MAVEN_MIRROR_URL",
                                "value": "${MAVEN_MIRROR_URL}"
                            },
                            {
                                "name": "ARTIFACT_DIR",
                                "value": "${ARTIFACT_DIR}"
                            }
                        ],
                        "forcePull": true,
                        "from": {
                            "kind": "ImageStreamTag",
                            "name": "jboss-eap64-openshift:1.9",
                            "namespace": "${IMAGE_STREAM_NAMESPACE}"
                        }
                    },
                    "type": "Source"
                },
                "triggers": [
                    {
                        "github": {
                            "secret": "${GITHUB_WEBHOOK_SECRET}"
                        },
                        "type": "GitHub"
                    },
                    {
                        "generic": {
                            "secret": "${GENERIC_WEBHOOK_SECRET}"
                        },
                        "type": "Generic"
                    },
                    {
                        "imageChange": {},
                        "type": "ImageChange"
                    },
                    {
                        "type": "ConfigChange"
                    }
                ]
            }
        },
        {
            "apiVersion": "v1",
            "kind": "DeploymentConfig",
            "metadata": {
                "labels": {
                    "application": "${APPLICATION_NAME}"
                },
                "name": "${APPLICATION_NAME}"
            },
            "spec": {
                "replicas": 1,
                "selector": {
                    "deploymentConfig": "${APPLICATION_NAME}"
                },
                "strategy": {
                    "type": "Recreate"
                },
                "template": {
                    "metadata": {
                        "labels": {
                            "application": "${APPLICATION_NAME}",
                            "deploymentConfig": "${APPLICATION_NAME}"
                        },
                        "name": "${APPLICATION_NAME}"
                    },
                    "spec": {
                        "containers": [
                            {
                                "env": [
                                    {
                                        "name": "JGROUPS_PING_PROTOCOL",
                                        "value": "openshift.DNS_PING"
                                    },
                                    {
                                        "name": "OPENSHIFT_DNS_PING_SERVICE_NAME",
                                        "value": "${APPLICATION_NAME}-ping"
                                    },
                                    {
                                        "name": "OPENSHIFT_DNS_PING_SERVICE_PORT",
                                        "value": "8888"
                                    },
                                    {
                                        "name": "HORNETQ_CLUSTER_PASSWORD",
                                        "value": "${HORNETQ_CLUSTER_PASSWORD}"
                                    },
                                    {
                                        "name": "HORNETQ_QUEUES",
                                        "value": "${HORNETQ_QUEUES}"
                                    },
                                    {
                                        "name": "HORNETQ_TOPICS",
                                        "value": "${HORNETQ_TOPICS}"
                                    },
                                    {
                                        "name": "JGROUPS_CLUSTER_PASSWORD",
                                        "value": "${JGROUPS_CLUSTER_PASSWORD}"
                                    },
                                    {
                                        "name": "AUTO_DEPLOY_EXPLODED",
                                        "value": "${AUTO_DEPLOY_EXPLODED}"
                                    },
                                    {
                                        "name": "SPLIT_DATA",
                                        "value": "${SPLIT_DATA}"
                                    }
                                ],
                                "image": "${APPLICATION_NAME}",
                                "imagePullPolicy": "Always",
                                "livenessProbe": {
                                    "exec": {
                                        "command": [
                                            "/bin/bash",
                                            "-c",
                                            "/opt/eap/bin/livenessProbe.sh"
                                        ]
                                    },
                                    "initialDelaySeconds": 60
                                },
                                "name": "${APPLICATION_NAME}",
                                "ports": [
                                    {
                                        "containerPort": 8778,
                                        "name": "jolokia",
                                        "protocol": "TCP"
                                    },
                                    {
                                        "containerPort": 8080,
                                        "name": "http",
                                        "protocol": "TCP"
                                    },
                                    {
                                        "containerPort": 8888,
                                        "name": "ping",
                                        "protocol": "TCP"
                                    }
                                ],
                                "readinessProbe": {
                                    "exec": {
                                        "command": [
                                            "/bin/bash",
                                            "-c",
                                            "/opt/eap/bin/readinessProbe.sh"
                                        ]
                                    }
                                },
                                "resources": {
                                    "limits": {
                                        "memory": "${MEMORY_LIMIT}"
                                    }
                                },
                                "volumeMounts": [
                                    {
                                        "mountPath": "/opt/eap/standalone/partitioned_data",
                                        "name": "${APPLICATION_NAME}-eap-pvol"
                                    }
                                ]
                            }
                        ],
                        "serviceAccountName": "${APPLICATION_NAME}-sa",
                        "terminationGracePeriodSeconds": 60,
                        "volumes": [
                            {
                                "name": "${APPLICATION_NAME}-eap-pvol",
                                "persistentVolumeClaim": {
                                    "claimName": "${APPLICATION_NAME}-eap-claim"
                                }
                            }
                        ]
                    }
                },
                "triggers": [
                    {
                        "imageChangeParams": {
                            "automatic": true,
                            "containerNames": [
                                "${APPLICATION_NAME}"
                            ],
                            "from": {
                                "kind": "ImageStreamTag",
                                "name": "${APPLICATION_NAME}:latest"
                            }
                        },
                        "type": "ImageChange"
                    },
                    {
                        "type": "ConfigChange"
                    }
                ]
            }
        },
        {
            "apiVersion": "v1",
            "kind": "DeploymentConfig",
            "metadata": {
                "labels": {
                    "application": "${APPLICATION_NAME}"
                },
                "name": "${APPLICATION_NAME}-migration"
            },
            "spec": {
                "replicas": 1,
                "selector": {
                    "deploymentConfig": "${APPLICATION_NAME}-migration"
                },
                "strategy": {
                    "type": "Recreate"
                },
                "template": {
                    "metadata": {
                        "labels": {
                            "application": "${APPLICATION_NAME}",
                            "deploymentConfig": "${APPLICATION_NAME}-migration"
                        },
                        "name": "${APPLICATION_NAME}-migration"
                    },
                    "spec": {
                        "containers": [
                            {
                                "command": [
                                    "/opt/eap/bin/openshift-migrate.sh"
                                ],
                                "env": [
                                    {
                                        "name": "JGROUPS_PING_PROTOCOL",
                                        "value": "openshift.DNS_PING"
                                    },
                                    {
                                        "name": "OPENSHIFT_DNS_PING_SERVICE_NAME",
                                        "value": "${APPLICATION_NAME}-ping"
                                    },
                                    {
                                        "name": "OPENSHIFT_DNS_PING_SERVICE_PORT",
                                        "value": "8888"
                                    },
                                    {
                                        "name": "HORNETQ_CLUSTER_PASSWORD",
                                        "value": "${HORNETQ_CLUSTER_PASSWORD}"
                                    },
                                    {
                                        "name": "HORNETQ_QUEUES",
                                        "value": "${HORNETQ_QUEUES}"
                                    },
                                    {
                                        "name": "HORNETQ_TOPICS",
                                        "value": "${HORNETQ_TOPICS}"
                                    },
                                    {
                                        "name": "JGROUPS_CLUSTER_PASSWORD",
                                        "value": "${JGROUPS_CLUSTER_PASSWORD}"
                                    },
                                    {
                                        "name": "AUTO_DEPLOY_EXPLODED",
                                        "value": "${AUTO_DEPLOY_EXPLODED}"
                                    },
                                    {
                                        "name": "SPLIT_DATA",
                                        "value": "${SPLIT_DATA}"
                                    }
                                ],
                                "image": "${APPLICATION_NAME}",
                                "imagePullPolicy": "Always",
                                "name": "${APPLICATION_NAME}-migration",
                                "ports": [
                                    {
                                        "containerPort": 8778,
                                        "name": "jolokia",
                                        "protocol": "TCP"
                                    },
                                    {
                                        "containerPort": 8080,
                                        "name": "http",
                                        "protocol": "TCP"
                                    },
                                    {
                                        "containerPort": 8888,
                                        "name": "ping",
                                        "protocol": "TCP"
                                    }
                                ],
                                "resources": {
                                    "limits": {
                                        "memory": "${MEMORY_LIMIT}"
                                    }
                                },
                                "volumeMounts": [
                                    {
                                        "mountPath": "/opt/eap/standalone/partitioned_data",
                                        "name": "${APPLICATION_NAME}-eap-pvol"
                                    }
                                ]
                            }
                        ],
                        "serviceAccountName": "${APPLICATION_NAME}-sa",
                        "terminationGracePeriodSeconds": 60,
                        "volumes": [
                            {
                                "name": "${APPLICATION_NAME}-eap-pvol",
                                "persistentVolumeClaim": {
                                    "claimName": "${APPLICATION_NAME}-eap-claim"
                                }
                            }
                        ]
                    }
                },
                "triggers": [
                    {
                        "imageChangeParams": {
                            "automatic": true,
                            "containerNames": [
                                "${APPLICATION_NAME}-migration"
                            ],
                            "from": {
                                "kind": "ImageStreamTag",
                                "name": "${APPLICATION_NAME}:latest"
                            }
                        },
                        "type": "ImageChange"
                    },
                    {
                        "type": "ConfigChange"
                    }
                ]
            }
        },
        {
            "apiVersion": "v1",
            "kind": "PersistentVolumeClaim",
            "metadata": {
                "labels": {
                    "application": "${APPLICATION_NAME}"
                },
                "name": "${APPLICATION_NAME}-eap-claim"
            },
            "spec": {
                "accessModes": [
                    "ReadWriteMany"
                ],
                "resources": {
                    "requests": {
                        "storage": "${VOLUME_CAPACITY}"
                    }
                }
            }
        }
    ],
    "parameters": [
        {
            "description": "The name for the application.",
            "displayName": "Application Name",
            "name": "APPLICATION_NAME",
            "required": true,
            "value": "eap-app"
        },
        {
            "description": "Custom hostname for http service route.  Leave blank for default hostname, e.g.: <application-name>-<project>.<default-domain-suffix>",
            "displayName": "Custom http Route Hostname",
            "name": "HOSTNAME_HTTP",
            "required": false,
            "value": ""
        },
        {
            "description": "Git source URI for application",
            "displayName": "Git Repository URL",
            "name": "SOURCE_REPOSITORY_URL",
            "required": true,
            "value": "https://github.com/jboss-developer/jboss-eap-quickstarts"
        },
        {
            "description": "Git branch/tag reference",
            "displayName": "Git Reference",
            "name": "SOURCE_REPOSITORY_REF",
            "required": false,
            "value": "6.4.x"
        },
        {
            "description": "Path within Git project to build; empty for root project directory.",
            "displayName": "Context Directory",
            "name": "CONTEXT_DIR",
            "required": false,
            "value": "kitchensink"
        },
        {
            "description": "Queue names",
            "displayName": "Queues",
            "name": "HORNETQ_QUEUES",
            "required": false,
            "value": ""
        },
        {
            "description": "Topic names",
            "displayName": "Topics",
            "name": "HORNETQ_TOPICS",
            "required": false,
            "value": ""
        },
        {
            "description": "HornetQ cluster admin password",
            "displayName": "HornetQ Password",
            "from": "[a-zA-Z0-9]{8}",
            "generate": "expression",
            "name": "HORNETQ_CLUSTER_PASSWORD",
            "required": true
        },
        {
            "description": "GitHub trigger secret",
            "displayName": "Github Webhook Secret",
            "from": "[a-zA-Z0-9]{8}",
            "generate": "expression",
            "name": "GITHUB_WEBHOOK_SECRET",
            "required": true
        },
        {
            "description": "Generic build trigger secret",
            "displayName": "Generic Webhook Secret",
            "from": "[a-zA-Z0-9]{8}",
            "generate": "expression",
            "name": "GENERIC_WEBHOOK_SECRET",
            "required": true
        },
        {
            "description": "Namespace in which the ImageStreams for Red Hat Middleware images are installed. These ImageStreams are normally installed in the openshift namespace. You should only need to modify this if you've installed the ImageStreams in a different namespace/project.",
            "displayName": "ImageStream Namespace",
            "name": "IMAGE_STREAM_NAMESPACE",
            "required": true,
            "value": "openshift"
        },
        {
            "description": "JGroups cluster password",
            "displayName": "JGroups Cluster Password",
            "from": "[a-zA-Z0-9]{8}",
            "generate": "expression",
            "name": "JGROUPS_CLUSTER_PASSWORD",
            "required": true
        },
        {
            "description": "Controls whether exploded deployment content should be automatically deployed",
            "displayName": "Deploy Exploded Archives",
            "name": "AUTO_DEPLOY_EXPLODED",
            "required": false,
            "value": "false"
        },
        {
            "description": "Maven mirror to use for S2I builds",
            "displayName": "Maven mirror URL",
            "name": "MAVEN_MIRROR_URL",
            "required": false,
            "value": ""
        },
        {
            "description": "List of directories from which archives will be copied into the deployment folder. If unspecified, all archives in /target will be copied.",
            "name": "ARTIFACT_DIR",
            "required": false,
            "value": ""
        },
        {
            "description": "Container memory limit",
            "name": "MEMORY_LIMIT",
            "required": false,
            "value": "1Gi"
        },
        {
            "description": "Size of the volume used by EAP for persisting data.",
            "displayName": "EAP Volume Size",
            "name": "VOLUME_CAPACITY",
            "required": true,
            "value": "1Gi"
        },
        {
            "description": "Split the data directory for each node in a cluster.",
            "displayName": "Split the data directory?",
            "name": "SPLIT_DATA",
            "required": false,
            "value": "true"
        }
    ]
}