{
    "apiVersion": "v1",
    "kind": "Template",
    "labels": {
        "template": "eap72-sso-s2i",
        "xpaas": "1.0.0"
    },
    "message": "A new EAP based application with SSL and SSO support has been created in your project. Please be sure to create the following secrets: \"${HTTPS_SECRET}\" containing the ${HTTPS_KEYSTORE} file used for serving secure content; \"${JGROUPS_ENCRYPT_SECRET}\" containing the ${JGROUPS_ENCRYPT_KEYSTORE} file used for securing JGroups communications.",
    "metadata": {
        "annotations": {
            "description": "An example Red Hat JBoss EAP 7 application Single Sign-On application. For more information about using this template, see https://github.com/jboss-container-images/jboss-eap-7-openshift-image/blob/eap72/README.adoc",
            "iconClass": "icon-eap",
            "openshift.io/display-name": "JBoss EAP 7.2 + Single Sign-On with passthrough TLS",
            "openshift.io/provider-display-name": "Red Hat, Inc.",
            "tags": "eap,javaee,java,jboss,hidden",
            "template.openshift.io/documentation-url": "https://access.redhat.com/documentation/en/red-hat-jboss-enterprise-application-platform/",
            "template.openshift.io/long-description": "This template defines resources needed to develop a Red Hat JBoss Enterprise Application Platform 7.2 based application, including a build configuration, application deployment configuration, integrated with Red Hat Single Sign-On and secure communication using passthrough TLS.",
            "template.openshift.io/support-url": "https://access.redhat.com",
            "version": "1.0.0"
        },
        "name": "eap72-sso-s2i"
    },
    "objects": [
        {
            "apiVersion": "v1",
            "kind": "Service",
            "metadata": {
                "annotations": {
                    "description": "The web server's http port."
                },
                "labels": {
                    "application": "${APPLICATION_NAME}"
                },
                "name": "${APPLICATION_NAME}"
            },
            "spec": {
                "ports": [
                    {
                        "port": 8080,
                        "targetPort": 8080
                    }
                ],
                "selector": {
                    "deploymentConfig": "${APPLICATION_NAME}"
                }
            }
        },
        {
            "apiVersion": "v1",
            "kind": "Service",
            "metadata": {
                "annotations": {
                    "description": "The web server's https port."
                },
                "labels": {
                    "application": "${APPLICATION_NAME}"
                },
                "name": "secure-${APPLICATION_NAME}"
            },
            "spec": {
                "ports": [
                    {
                        "port": 8443,
                        "targetPort": 8443
                    }
                ],
                "selector": {
                    "deploymentConfig": "${APPLICATION_NAME}"
                }
            }
        },
        {
            "apiVersion": "v1",
            "kind": "Service",
            "metadata": {
                "annotations": {
                    "description": "The JGroups ping port for clustering.",
                    "service.alpha.kubernetes.io/tolerate-unready-endpoints": "true"
                },
                "labels": {
                    "application": "${APPLICATION_NAME}"
                },
                "name": "${APPLICATION_NAME}-ping"
            },
            "spec": {
                "clusterIP": "None",
                "ports": [
                    {
                        "name": "ping",
                        "port": 8888
                    }
                ],
                "publishNotReadyAddresses": true,
                "selector": {
                    "deploymentConfig": "${APPLICATION_NAME}"
                }
            }
        },
        {
            "apiVersion": "v1",
            "id": "${APPLICATION_NAME}-http",
            "kind": "Route",
            "metadata": {
                "annotations": {
                    "description": "Route for application's http service."
                },
                "labels": {
                    "application": "${APPLICATION_NAME}"
                },
                "name": "${APPLICATION_NAME}"
            },
            "spec": {
                "to": {
                    "name": "${APPLICATION_NAME}"
                }
            }
        },
        {
            "apiVersion": "v1",
            "id": "${APPLICATION_NAME}-https",
            "kind": "Route",
            "metadata": {
                "annotations": {
                    "description": "Route for application's https service."
                },
                "labels": {
                    "application": "${APPLICATION_NAME}"
                },
                "name": "secure-${APPLICATION_NAME}"
            },
            "spec": {
                "host": "${HOSTNAME_HTTPS}",
                "tls": {
                    "termination": "passthrough"
                },
                "to": {
                    "name": "secure-${APPLICATION_NAME}"
                }
            }
        },
        {
            "apiVersion": "v1",
            "kind": "ImageStream",
            "metadata": {
                "labels": {
                    "application": "${APPLICATION_NAME}"
                },
                "name": "${APPLICATION_NAME}"
            }
        },
        {
            "apiVersion": "v1",
            "kind": "BuildConfig",
            "metadata": {
                "labels": {
                    "application": "${APPLICATION_NAME}"
                },
                "name": "${APPLICATION_NAME}"
            },
            "spec": {
                "output": {
                    "to": {
                        "kind": "ImageStreamTag",
                        "name": "${APPLICATION_NAME}:latest"
                    }
                },
                "source": {
                    "contextDir": "${CONTEXT_DIR}",
                    "git": {
                        "ref": "${SOURCE_REPOSITORY_REF}",
                        "uri": "${SOURCE_REPOSITORY_URL}"
                    },
                    "images": [
                        {
                            "from": {
                                "kind": "ImageStreamTag",
                                "name": "redhat-sso73-openshift:1.0",
                                "namespace": "${IMAGE_STREAM_NAMESPACE}"
                            },
                            "paths": [
                                {
                                    "destinationDir": "./${CONTEXT_DIR}/extensions/sso-adapters",
                                    "sourcePath": "/opt/rh/rh-sso/client/eap7/."
                                }
                            ]
                        }
                    ],
                    "type": "Git"
                },
                "strategy": {
                    "sourceStrategy": {
                        "env": [
                            {
                                "name": "CUSTOM_INSTALL_DIRECTORIES",
                                "value": "extensions/*"
                            },
                            {
                                "name": "ARTIFACT_DIR",
                                "value": "${ARTIFACT_DIR}"
                            },
                            {
                                "name": "MAVEN_MIRROR_URL",
                                "value": "${MAVEN_MIRROR_URL}"
                            },
                            {
                                "name": "MAVEN_ARGS_APPEND",
                                "value": "${MAVEN_ARGS_APPEND}"
                            }
                        ],
                        "forcePull": true,
                        "from": {
                            "kind": "ImageStreamTag",
                            "name": "jboss-eap72-openshift:1.0",
                            "namespace": "${IMAGE_STREAM_NAMESPACE}"
                        },
                        "incremental": true
                    },
                    "type": "Source"
                },
                "triggers": [
                    {
                        "github": {
                            "secret": "${GITHUB_WEBHOOK_SECRET}"
                        },
                        "type": "GitHub"
                    },
                    {
                        "generic": {
                            "secret": "${GENERIC_WEBHOOK_SECRET}"
                        },
                        "type": "Generic"
                    },
                    {
                        "imageChange": {},
                        "type": "ImageChange"
                    },
                    {
                        "type": "ConfigChange"
                    }
                ]
            }
        },
        {
            "apiVersion": "v1",
            "kind": "DeploymentConfig",
            "metadata": {
                "labels": {
                    "application": "${APPLICATION_NAME}"
                },
                "name": "${APPLICATION_NAME}"
            },
            "spec": {
                "replicas": 1,
                "selector": {
                    "deploymentConfig": "${APPLICATION_NAME}"
                },
                "strategy": {
                    "type": "Recreate"
                },
                "template": {
                    "metadata": {
                        "labels": {
                            "application": "${APPLICATION_NAME}",
                            "deploymentConfig": "${APPLICATION_NAME}"
                        },
                        "name": "${APPLICATION_NAME}"
                    },
                    "spec": {
                        "containers": [
                            {
                                "env": [
                                    {
                                        "name": "JGROUPS_PING_PROTOCOL",
                                        "value": "dns.DNS_PING"
                                    },
                                    {
                                        "name": "OPENSHIFT_DNS_PING_SERVICE_NAME",
                                        "value": "${APPLICATION_NAME}-ping"
                                    },
                                    {
                                        "name": "OPENSHIFT_DNS_PING_SERVICE_PORT",
                                        "value": "8888"
                                    },
                                    {
                                        "name": "HOSTNAME_HTTP",
                                        "value": "${HOSTNAME_HTTP}"
                                    },
                                    {
                                        "name": "HOSTNAME_HTTPS",
                                        "value": "${HOSTNAME_HTTPS}"
                                    },
                                    {
                                        "name": "HTTPS_KEYSTORE_DIR",
                                        "value": "/etc/eap-secret-volume"
                                    },
                                    {
                                        "name": "HTTPS_KEYSTORE",
                                        "value": "${HTTPS_KEYSTORE}"
                                    },
                                    {
                                        "name": "HTTPS_KEYSTORE_TYPE",
                                        "value": "${HTTPS_KEYSTORE_TYPE}"
                                    },
                                    {
                                        "name": "HTTPS_NAME",
                                        "value": "${HTTPS_NAME}"
                                    },
                                    {
                                        "name": "HTTPS_PASSWORD",
                                        "value": "${HTTPS_PASSWORD}"
                                    },
                                    {
                                        "name": "MQ_CLUSTER_PASSWORD",
                                        "value": "${MQ_CLUSTER_PASSWORD}"
                                    },
                                    {
                                        "name": "MQ_QUEUES",
                                        "value": "${MQ_QUEUES}"
                                    },
                                    {
                                        "name": "MQ_TOPICS",
                                        "value": "${MQ_TOPICS}"
                                    },
                                    {
                                        "name": "JGROUPS_ENCRYPT_SECRET",
                                        "value": "${JGROUPS_ENCRYPT_SECRET}"
                                    },
                                    {
                                        "name": "JGROUPS_ENCRYPT_KEYSTORE_DIR",
                                        "value": "/etc/jgroups-encrypt-secret-volume"
                                    },
                                    {
                                        "name": "JGROUPS_ENCRYPT_KEYSTORE",
                                        "value": "${JGROUPS_ENCRYPT_KEYSTORE}"
                                    },
                                    {
                                        "name": "JGROUPS_ENCRYPT_NAME",
                                        "value": "${JGROUPS_ENCRYPT_NAME}"
                                    },
                                    {
                                        "name": "JGROUPS_ENCRYPT_PASSWORD",
                                        "value": "${JGROUPS_ENCRYPT_PASSWORD}"
                                    },
                                    {
                                        "name": "JGROUPS_CLUSTER_PASSWORD",
                                        "value": "${JGROUPS_CLUSTER_PASSWORD}"
                                    },
                                    {
                                        "name": "AUTO_DEPLOY_EXPLODED",
                                        "value": "${AUTO_DEPLOY_EXPLODED}"
                                    },
                                    {
                                        "name": "SSO_URL",
                                        "value": "${SSO_URL}"
                                    },
                                    {
                                        "name": "SSO_SERVICE_URL",
                                        "value": "${SSO_SERVICE_URL}"
                                    },
                                    {
                                        "name": "SSO_REALM",
                                        "value": "${SSO_REALM}"
                                    },
                                    {
                                        "name": "SSO_USERNAME",
                                        "value": "${SSO_USERNAME}"
                                    },
                                    {
                                        "name": "SSO_PASSWORD",
                                        "value": "${SSO_PASSWORD}"
                                    },
                                    {
                                        "name": "SSO_PUBLIC_KEY",
                                        "value": "${SSO_PUBLIC_KEY}"
                                    },
                                    {
                                        "name": "SSO_BEARER_ONLY",
                                        "value": "${SSO_BEARER_ONLY}"
                                    },
                                    {
                                        "name": "SSO_SAML_KEYSTORE_SECRET",
                                        "value": "${SSO_SAML_KEYSTORE_SECRET}"
                                    },
                                    {
                                        "name": "SSO_SAML_KEYSTORE",
                                        "value": "${SSO_SAML_KEYSTORE}"
                                    },
                                    {
                                        "name": "SSO_SAML_KEYSTORE_DIR",
                                        "value": "/etc/sso-saml-secret-volume"
                                    },
                                    {
                                        "name": "SSO_SAML_CERTIFICATE_NAME",
                                        "value": "${SSO_SAML_CERTIFICATE_NAME}"
                                    },
                                    {
                                        "name": "SSO_SAML_KEYSTORE_PASSWORD",
                                        "value": "${SSO_SAML_KEYSTORE_PASSWORD}"
                                    },
                                    {
                                        "name": "SSO_SECRET",
                                        "value": "${SSO_SECRET}"
                                    },
                                    {
                                        "name": "SSO_ENABLE_CORS",
                                        "value": "${SSO_ENABLE_CORS}"
                                    },
                                    {
                                        "name": "SSO_SAML_LOGOUT_PAGE",
                                        "value": "${SSO_SAML_LOGOUT_PAGE}"
                                    },
                                    {
                                        "name": "SSO_DISABLE_SSL_CERTIFICATE_VALIDATION",
                                        "value": "${SSO_DISABLE_SSL_CERTIFICATE_VALIDATION}"
                                    },
                                    {
                                        "name": "SSO_TRUSTSTORE",
                                        "value": "${SSO_TRUSTSTORE}"
                                    },
                                    {
                                        "name": "SSO_TRUSTSTORE_DIR",
                                        "value": "/etc/sso-secret-volume"
                                    },
                                    {
                                        "name": "SSO_TRUSTSTORE_PASSWORD",
                                        "value": "${SSO_TRUSTSTORE_PASSWORD}"
                                    }
                                ],
                                "image": "${APPLICATION_NAME}",
                                "imagePullPolicy": "Always",
                                "livenessProbe": {
                                    "exec": {
                                        "command": [
                                            "/bin/bash",
                                            "-c",
                                            "/opt/eap/bin/livenessProbe.sh"
                                        ]
                                    },
                                    "initialDelaySeconds": 60
                                },
                                "name": "${APPLICATION_NAME}",
                                "ports": [
                                    {
                                        "containerPort": 8778,
                                        "name": "jolokia",
                                        "protocol": "TCP"
                                    },
                                    {
                                        "containerPort": 8080,
                                        "name": "http",
                                        "protocol": "TCP"
                                    },
                                    {
                                        "containerPort": 8443,
                                        "name": "https",
                                        "protocol": "TCP"
                                    },
                                    {
                                        "containerPort": 8888,
                                        "name": "ping",
                                        "protocol": "TCP"
                                    }
                                ],
                                "readinessProbe": {
                                    "exec": {
                                        "command": [
                                            "/bin/bash",
                                            "-c",
                                            "/opt/eap/bin/readinessProbe.sh"
                                        ]
                                    }
                                },
                                "resources": {
                                    "limits": {
                                        "memory": "${MEMORY_LIMIT}"
                                    }
                                },
                                "volumeMounts": [
                                    {
                                        "mountPath": "/etc/sso-saml-secret-volume",
                                        "name": "sso-saml-keystore-volume",
                                        "readOnly": true
                                    },
                                    {
                                        "mountPath": "/etc/eap-secret-volume",
                                        "name": "eap-keystore-volume",
                                        "readOnly": true
                                    },
                                    {
                                        "mountPath": "/etc/jgroups-encrypt-secret-volume",
                                        "name": "eap-jgroups-keystore-volume",
                                        "readOnly": true
                                    },
                                    {
                                        "mountPath": "/etc/sso-secret-volume",
                                        "name": "sso-truststore-volume",
                                        "readOnly": true
                                    }
                                ]
                            }
                        ],
                        "terminationGracePeriodSeconds": 75,
                        "volumes": [
                            {
                                "name": "sso-saml-keystore-volume",
                                "secret": {
                                    "secretName": "${SSO_SAML_KEYSTORE_SECRET}"
                                }
                            },
                            {
                                "name": "eap-keystore-volume",
                                "secret": {
                                    "secretName": "${HTTPS_SECRET}"
                                }
                            },
                            {
                                "name": "eap-jgroups-keystore-volume",
                                "secret": {
                                    "secretName": "${JGROUPS_ENCRYPT_SECRET}"
                                }
                            },
                            {
                                "name": "sso-truststore-volume",
                                "secret": {
                                    "secretName": "${SSO_TRUSTSTORE_SECRET}"
                                }
                            }
                        ]
                    }
                },
                "triggers": [
                    {
                        "imageChangeParams": {
                            "automatic": true,
                            "containerNames": [
                                "${APPLICATION_NAME}"
                            ],
                            "from": {
                                "kind": "ImageStreamTag",
                                "name": "${APPLICATION_NAME}:latest"
                            }
                        },
                        "type": "ImageChange"
                    },
                    {
                        "type": "ConfigChange"
                    }
                ]
            }
        }
    ],
    "parameters": [
        {
            "description": "The name for the application.",
            "displayName": "Application Name",
            "name": "APPLICATION_NAME",
            "required": true,
            "value": "eap-app"
        },
        {
            "description": "Hostname for https service route (e.g. secure-eap-app-myproject.example.com).  Required for SSO-enabled applications.  This is added to the white list of redirects in the SSO server.",
            "displayName": "Custom https Route Hostname",
            "name": "HOSTNAME_HTTPS",
            "required": true,
            "value": ""
        },
        {
            "description": "Git source URI for application",
            "displayName": "Git Repository URL",
            "name": "SOURCE_REPOSITORY_URL",
            "required": true,
            "value": "https://github.com/redhat-developer/redhat-sso-quickstarts"
        },
        {
            "description": "Git branch/tag reference",
            "displayName": "Git Reference",
            "name": "SOURCE_REPOSITORY_REF",
            "required": false,
            "value": "7.0.x-ose"
        },
        {
            "description": "Path within Git project to build; empty for root project directory.",
            "displayName": "Context Directory",
            "name": "CONTEXT_DIR",
            "required": false,
            "value": ""
        },
        {
            "description": "Queue names, separated by commas. These queues will be automatically created when the broker starts. Also, they will be made accessible as JNDI resources in EAP. Note that all queues used by the application *must* be specified here in order to be created automatically on the remote AMQ broker.",
            "displayName": "Queues",
            "name": "MQ_QUEUES",
            "required": false,
            "value": ""
        },
        {
            "description": "Topic names, separated by commas. These topics will be automatically created when the broker starts. Also, they will be made accessible as JNDI resources in EAP. Note that all topics used by the application *must* be specified here in order to be created automatically on the remote AMQ broker.",
            "displayName": "Topics",
            "name": "MQ_TOPICS",
            "required": false,
            "value": ""
        },
        {
            "description": "AMQ cluster admin password",
            "displayName": "AMQ cluster password",
            "from": "[a-zA-Z0-9]{8}",
            "generate": "expression",
            "name": "MQ_CLUSTER_PASSWORD",
            "required": true
        },
        {
            "description": "The name of the secret containing the keystore file",
            "displayName": "Server Keystore Secret Name",
            "name": "HTTPS_SECRET",
            "required": true,
            "value": "eap7-app-secret"
        },
        {
            "description": "The name of the keystore file within the secret",
            "displayName": "Server Keystore Filename",
            "name": "HTTPS_KEYSTORE",
            "required": false,
            "value": "keystore.jks"
        },
        {
            "description": "The type of the keystore file (JKS or JCEKS)",
            "displayName": "Server Keystore Type",
            "name": "HTTPS_KEYSTORE_TYPE",
            "required": false,
            "value": ""
        },
        {
            "description": "The name associated with the server certificate (e.g. jboss)",
            "displayName": "Server Certificate Name",
            "name": "HTTPS_NAME",
            "required": false,
            "value": ""
        },
        {
            "description": "The password for the keystore and certificate (e.g. mykeystorepass)",
            "displayName": "Server Keystore Password",
            "name": "HTTPS_PASSWORD",
            "required": false,
            "value": ""
        },
        {
            "description": "GitHub trigger secret",
            "displayName": "Github Webhook Secret",
            "from": "[a-zA-Z0-9]{8}",
            "generate": "expression",
            "name": "GITHUB_WEBHOOK_SECRET",
            "required": true
        },
        {
            "description": "Generic build trigger secret",
            "displayName": "Generic Webhook Secret",
            "from": "[a-zA-Z0-9]{8}",
            "generate": "expression",
            "name": "GENERIC_WEBHOOK_SECRET",
            "required": true
        },
        {
            "description": "Namespace in which the ImageStreams for Red Hat Middleware images are installed. These ImageStreams are normally installed in the openshift namespace. You should only need to modify this if you've installed the ImageStreams in a different namespace/project.",
            "displayName": "ImageStream Namespace",
            "name": "IMAGE_STREAM_NAMESPACE",
            "required": true,
            "value": "openshift"
        },
        {
            "description": "The name of the secret containing the keystore file",
            "displayName": "JGroups Secret Name",
            "name": "JGROUPS_ENCRYPT_SECRET",
            "required": false,
            "value": "eap7-app-secret"
        },
        {
            "description": "The name of the keystore file within the secret",
            "displayName": "JGroups Keystore Filename",
            "name": "JGROUPS_ENCRYPT_KEYSTORE",
            "required": false,
            "value": "jgroups.jceks"
        },
        {
            "description": "The name associated with the server certificate (e.g. secret-key)",
            "displayName": "JGroups Certificate Name",
            "name": "JGROUPS_ENCRYPT_NAME",
            "required": false,
            "value": ""
        },
        {
            "description": "The password for the keystore and certificate (e.g. password)",
            "displayName": "JGroups Keystore Password",
            "name": "JGROUPS_ENCRYPT_PASSWORD",
            "required": false,
            "value": ""
        },
        {
            "description": "JGroups cluster password",
            "displayName": "JGroups Cluster Password",
            "from": "[a-zA-Z0-9]{8}",
            "generate": "expression",
            "name": "JGROUPS_CLUSTER_PASSWORD",
            "required": true
        },
        {
            "description": "Controls whether exploded deployment content should be automatically deployed",
            "displayName": "Deploy Exploded Archives",
            "name": "AUTO_DEPLOY_EXPLODED",
            "required": false,
            "value": "false"
        },
        {
            "description": "The URL for the SSO server (e.g. https://secure-sso-myproject.example.com/auth).  This is the URL through which the user will be redirected when a login or token is required by the application.",
            "displayName": "URL for SSO",
            "name": "SSO_URL",
            "required": true,
            "value": ""
        },
        {
            "description": "The URL for the internal SSO service, where secure-sso (the default) is the kubernetes service exposed by the SSO server.  This is used to create the application client(s) (see SSO_USERNAME).  This can also be the same as SSO_URL.",
            "displayName": "URL for SSO (internal service)",
            "name": "SSO_SERVICE_URL",
            "required": false,
            "value": "https://secure-sso:8443/auth"
        },
        {
            "description": "The SSO realm to which the application client(s) should be associated (e.g. demo).",
            "displayName": "SSO Realm",
            "name": "SSO_REALM",
            "required": true,
            "value": ""
        },
        {
            "description": "The username used to access the SSO service.  This is used to create the appliction client(s) within the specified SSO realm. This should match the SSO_SERVICE_USERNAME specified through one of the sso70-* templates.",
            "displayName": "SSO Username",
            "name": "SSO_USERNAME",
            "required": false,
            "value": ""
        },
        {
            "description": "The password for the SSO service user.",
            "displayName": "SSO Password",
            "name": "SSO_PASSWORD",
            "required": false,
            "value": ""
        },
        {
            "description": "SSO Public Key. Public key is recommended to be passed into the template to avoid man-in-the-middle security vulnerability",
            "displayName": "SSO Public Key",
            "name": "SSO_PUBLIC_KEY",
            "required": false,
            "value": ""
        },
        {
            "description": "SSO Client Access Type",
            "displayName": "SSO Bearer Only?",
            "name": "SSO_BEARER_ONLY",
            "required": false,
            "value": ""
        },
        {
            "description": "List of directories from which archives will be copied into the deployment folder.  If unspecified, all archives in /target will be copied.",
            "displayName": "Artifact Directories",
            "name": "ARTIFACT_DIR",
            "required": false,
            "value": "app-jee-jsp/target,service-jee-jaxrs/target,app-profile-jee-jsp/target,app-profile-saml-jee-jsp/target"
        },
        {
            "description": "The name of the secret containing the keystore file",
            "displayName": "SSO SAML Keystore Secret",
            "name": "SSO_SAML_KEYSTORE_SECRET",
            "required": false,
            "value": "eap7-app-secret"
        },
        {
            "description": "The name of the keystore file within the secret",
            "displayName": "SSO SAML Keystore",
            "name": "SSO_SAML_KEYSTORE",
            "required": false,
            "value": "keystore.jks"
        },
        {
            "description": "The name associated with the server certificate",
            "displayName": "SSO SAML Certificate Name",
            "name": "SSO_SAML_CERTIFICATE_NAME",
            "required": false,
            "value": "jboss"
        },
        {
            "description": "The password for the keystore and certificate",
            "displayName": "SSO SAML Keystore Password",
            "name": "SSO_SAML_KEYSTORE_PASSWORD",
            "required": false,
            "value": "mykeystorepass"
        },
        {
            "description": "The SSO Client Secret for Confidential Access",
            "displayName": "SSO Client Secret",
            "from": "[a-zA-Z0-9]{8}",
            "generate": "expression",
            "name": "SSO_SECRET",
            "required": true
        },
        {
            "description": "Enable CORS for SSO applications",
            "displayName": "Enable CORS for SSO?",
            "name": "SSO_ENABLE_CORS",
            "required": false,
            "value": "false"
        },
        {
            "description": "SSO logout page for SAML applications",
            "displayName": "SSO SAML Logout Page",
            "name": "SSO_SAML_LOGOUT_PAGE",
            "required": false,
            "value": "/"
        },
        {
            "description": "If true SSL communication between EAP and the SSO Server will be insecure (i.e. certificate validation is disabled with curl)",
            "displayName": "Disable SSL Validation in EAP->SSO communication",
            "name": "SSO_DISABLE_SSL_CERTIFICATE_VALIDATION",
            "required": false,
            "value": "true"
        },
        {
            "description": "The name of the truststore file within the secret (e.g. truststore.jks)",
            "displayName": "SSO Trust Store",
            "name": "SSO_TRUSTSTORE",
            "required": false,
            "value": ""
        },
        {
            "description": "The password for the truststore and certificate (e.g. mykeystorepass)",
            "displayName": "SSO Trust Store Password",
            "name": "SSO_TRUSTSTORE_PASSWORD",
            "required": false,
            "value": ""
        },
        {
            "description": "The name of the secret containing the truststore file (e.g. truststore-secret). Used for volume secretName",
            "displayName": "SSO Trust Store Secret",
            "name": "SSO_TRUSTSTORE_SECRET",
            "required": false,
            "value": "eap7-app-secret"
        },
        {
            "description": "Maven mirror to use for S2I builds",
            "displayName": "Maven mirror URL",
            "name": "MAVEN_MIRROR_URL",
            "required": false,
            "value": ""
        },
        {
            "description": "Maven additional arguments to use for S2I builds",
            "displayName": "Maven Additional Arguments",
            "name": "MAVEN_ARGS_APPEND",
            "required": false,
            "value": ""
        },
        {
            "description": "Container memory limit",
            "name": "MEMORY_LIMIT",
            "required": false,
            "value": "1Gi"
        }
    ]
}