{
    "apiVersion": "v1",
    "kind": "ImageStream",
    "metadata": {
        "annotations": {
            "openshift.io/display-name": "Red Hat Decision Manager Decision Central 7.4",
            "openshift.io/provider-display-name": "Red Hat, Inc."
        },
        "name": "rhdm74-decisioncentral-openshift"
    },
    "spec": {
        "tags": [
            {
                "annotations": {
                    "description": "Red Hat Decision Manager 7.4 - Decision Central image.",
                    "iconClass": "icon-jboss",
                    "supports": "rhdm:7.4",
                    "tags": "rhdm",
                    "version": "1.0"
                },
                "from": {
                    "kind": "DockerImage",
                    "name": "registry.redhat.io/rhdm-7/rhdm74-decisioncentral-openshift:1.0"
                },
                "name": "1.0",
                "referencePolicy": {
                    "type": "Local"
                }
            }
        ]
    }
}