{
    "apiVersion": "v1",
    "kind": "ImageStream",
    "metadata": {
        "annotations": {
            "openshift.io/display-name": "Python"
        },
        "name": "python"
    },
    "spec": {
        "tags": [
            {
                "annotations": {
                    "description": "Build and run Python applications on RHEL 7. For more information about using this builder image, including OpenShift considerations, see https://github.com/sclorg/s2i-python-container/blob/master/3.6/README.md.\n\nWARNING: By selecting this tag, your application will automatically update to use the latest version of Python available on OpenShift, including major version updates.",
                    "iconClass": "icon-python",
                    "openshift.io/display-name": "Python (Latest)",
                    "openshift.io/provider-display-name": "Red Hat, Inc.",
                    "sampleRepo": "https://github.com/sclorg/django-ex.git",
                    "supports": "python",
                    "tags": "builder,python"
                },
                "from": {
                    "kind": "ImageStreamTag",
                    "name": "3.6"
                },
                "name": "latest",
                "referencePolicy": {
                    "type": "Local"
                }
            },
            {
                "annotations": {
                    "description": "Build and run Python 2.7 applications on RHEL 7. For more information about using this builder image, including OpenShift considerations, see https://github.com/sclorg/s2i-python-container/blob/master/2.7/README.md.",
                    "iconClass": "icon-python",
                    "openshift.io/display-name": "Python 2.7",
                    "openshift.io/provider-display-name": "Red Hat, Inc.",
                    "sampleRepo": "https://github.com/sclorg/django-ex.git",
                    "supports": "python:2.7,python",
                    "tags": "builder,python",
                    "version": "2.7"
                },
                "from": {
                    "kind": "DockerImage",
                    "name": "registry.redhat.io/rhscl/python-27-rhel7:latest"
                },
                "name": "2.7",
                "referencePolicy": {
                    "type": "Local"
                }
            },
            {
                "annotations": {
                    "description": "Build and run Python 3.5 applications on RHEL 7. For more information about using this builder image, including OpenShift considerations, see https://github.com/sclorg/s2i-python-container/blob/master/3.5/README.md.",
                    "iconClass": "icon-python",
                    "openshift.io/display-name": "Python 3.5",
                    "openshift.io/provider-display-name": "Red Hat, Inc.",
                    "sampleRepo": "https://github.com/sclorg/django-ex.git",
                    "supports": "python:3.5,python",
                    "tags": "hidden,builder,python",
                    "version": "3.5"
                },
                "from": {
                    "kind": "DockerImage",
                    "name": "registry.redhat.io/rhscl/python-35-rhel7:latest"
                },
                "name": "3.5",
                "referencePolicy": {
                    "type": "Local"
                }
            },
            {
                "annotations": {
                    "description": "Build and run Python 3.6 applications on RHEL 7. For more information about using this builder image, including OpenShift considerations, see https://github.com/sclorg/s2i-python-container/blob/master/3.6/README.md.",
                    "iconClass": "icon-python",
                    "openshift.io/display-name": "Python 3.6",
                    "openshift.io/provider-display-name": "Red Hat, Inc.",
                    "sampleRepo": "https://github.com/sclorg/django-ex.git",
                    "supports": "python:3.6,python",
                    "tags": "builder,python",
                    "version": "3.6"
                },
                "from": {
                    "kind": "DockerImage",
                    "name": "registry.redhat.io/rhscl/python-36-rhel7:latest"
                },
                "name": "3.6",
                "referencePolicy": {
                    "type": "Local"
                }
            }
        ]
    }
}