{
    "zabbix_export": {
        "graphs": [
            {
                "graph_items": [
                    {
                        "calc_fnc": "2", 
                        "color": "F63100", 
                        "drawtype": "0", 
                        "item": {
                            "host": "CORP Template Module ICMP Ping", 
                            "key": "icmppingloss"
                        }, 
                        "sortorder": "0", 
                        "type": "0", 
                        "yaxisside": "1"
                    }, 
                    {
                        "calc_fnc": "2", 
                        "color": "1A7C11", 
                        "drawtype": "0", 
                        "item": {
                            "host": "CORP Template Module ICMP Ping", 
                            "key": "icmppingsec"
                        }, 
                        "sortorder": "1", 
                        "type": "0", 
                        "yaxisside": "0"
                    }
                ], 
                "height": "200", 
                "name": "ICMP Stats", 
                "percent_left": "0.0000", 
                "percent_right": "0.0000", 
                "show_3d": "0", 
                "show_legend": "1", 
                "show_triggers": "1", 
                "show_work_period": "1", 
                "type": "0", 
                "width": "900", 
                "yaxismax": "100.0000", 
                "yaxismin": "0.0000", 
                "ymax_item_1": "0", 
                "ymax_type_1": "0", 
                "ymin_item_1": "0", 
                "ymin_type_1": "0"
            }
        ], 
        "groups": [
            {
                "name": "CORP/Templates/Modules"
            }
        ], 
        "templates": [
            {
                "applications": [
                    {
                        "name": "Status"
                    }
                ], 
                "description": "Template Module ICMP Ping version: 0.14", 
                "discovery_rules": [], 
                "groups": [
                    {
                        "name": "CORP/Templates/Modules"
                    }
                ], 
                "httptests": [], 
                "items": [
                    {
                        "allowed_hosts": "", 
                        "applications": [
                            {
                                "name": "Status"
                            }
                        ], 
                        "authtype": "0", 
                        "delay": "60", 
                        "description": "", 
                        "history": "1w", 
                        "inventory_link": "0", 
                        "ipmi_sensor": "", 
                        "jmx_endpoint": "", 
                        "key": "icmpping", 
                        "logtimefmt": "", 
                        "master_item": [], 
                        "name": "ICMP ping", 
                        "params": "", 
                        "password": "", 
                        "port": "", 
                        "preprocessing": [], 
                        "privatekey": "", 
                        "publickey": "", 
                        "snmp_community": "", 
                        "snmp_oid": "", 
                        "snmpv3_authpassphrase": "", 
                        "snmpv3_authprotocol": "0", 
                        "snmpv3_contextname": "", 
                        "snmpv3_privpassphrase": "", 
                        "snmpv3_privprotocol": "0", 
                        "snmpv3_securitylevel": "0", 
                        "snmpv3_securityname": "", 
                        "status": "0", 
                        "trends": "365d", 
                        "type": "3", 
                        "units": "", 
                        "username": "", 
                        "value_type": "3", 
                        "valuemap": {
                            "name": "Service state"
                        }
                    }, 
                    {
                        "allowed_hosts": "", 
                        "applications": [
                            {
                                "name": "Status"
                            }
                        ], 
                        "authtype": "0", 
                        "delay": "60", 
                        "description": "", 
                        "history": "1w", 
                        "inventory_link": "0", 
                        "ipmi_sensor": "", 
                        "jmx_endpoint": "", 
                        "key": "icmppingloss", 
                        "logtimefmt": "", 
                        "master_item": [], 
                        "name": "ICMP loss", 
                        "params": "", 
                        "password": "", 
                        "port": "", 
                        "preprocessing": [], 
                        "privatekey": "", 
                        "publickey": "", 
                        "snmp_community": "", 
                        "snmp_oid": "", 
                        "snmpv3_authpassphrase": "", 
                        "snmpv3_authprotocol": "0", 
                        "snmpv3_contextname": "", 
                        "snmpv3_privpassphrase": "", 
                        "snmpv3_privprotocol": "0", 
                        "snmpv3_securitylevel": "0", 
                        "snmpv3_securityname": "", 
                        "status": "0", 
                        "trends": "365d", 
                        "type": "3", 
                        "units": "%", 
                        "username": "", 
                        "value_type": "0", 
                        "valuemap": []
                    }, 
                    {
                        "allowed_hosts": "", 
                        "applications": [
                            {
                                "name": "Status"
                            }
                        ], 
                        "authtype": "0", 
                        "delay": "60", 
                        "description": "", 
                        "history": "1w", 
                        "inventory_link": "0", 
                        "ipmi_sensor": "", 
                        "jmx_endpoint": "", 
                        "key": "icmppingsec", 
                        "logtimefmt": "", 
                        "master_item": [], 
                        "name": "ICMP response time", 
                        "params": "", 
                        "password": "", 
                        "port": "", 
                        "preprocessing": [], 
                        "privatekey": "", 
                        "publickey": "", 
                        "snmp_community": "", 
                        "snmp_oid": "", 
                        "snmpv3_authpassphrase": "", 
                        "snmpv3_authprotocol": "0", 
                        "snmpv3_contextname": "", 
                        "snmpv3_privpassphrase": "", 
                        "snmpv3_privprotocol": "0", 
                        "snmpv3_securitylevel": "0", 
                        "snmpv3_securityname": "", 
                        "status": "0", 
                        "trends": "365d", 
                        "type": "3", 
                        "units": "s", 
                        "username": "", 
                        "value_type": "0", 
                        "valuemap": []
                    }
                ], 
                "macros": [
                    {
                        "macro": "{$ICMP_CRIT}", 
                        "value": "3"
                    }, 
                    {
                        "macro": "{$ICMP_CRIT_TIME}", 
                        "value": "5m"
                    }, 
                    {
                        "macro": "{$ICMP_LOSS_WARN}", 
                        "value": "20"
                    }, 
                    {
                        "macro": "{$ICMP_RESPONSE_TIME_WARN}", 
                        "value": "0.15"
                    }
                ], 
                "name": "CORP Template Module ICMP Ping", 
                "screens": [], 
                "template": "CORP Template Module ICMP Ping", 
                "templates": []
            }
        ], 
        "triggers": [
            {
                "correlation_mode": "0", 
                "correlation_tag": "", 
                "dependencies": [
                    {
                        "expression": "{CORP Template Module ICMP Ping:icmpping.count({$ICMP_CRIT_TIME},0,eq)}>{$ICMP_CRIT}", 
                        "name": "Unavailable by ICMP ping", 
                        "recovery_expression": ""
                    }
                ], 
                "description": "Last value: {ITEM.LASTVALUE1}.\r\nThe last ping attempt returned timeout.  Please check device connectivity.", 
                "expression": "{CORP Template Module ICMP Ping:icmpping.last()}=0", 
                "manual_close": "0", 
                "name": "Did not respond to ICMP ping", 
                "priority": "1", 
                "recovery_expression": "", 
                "recovery_mode": "0", 
                "status": "0", 
                "tags": [], 
                "type": "0", 
                "url": ""
            }, 
            {
                "correlation_mode": "0", 
                "correlation_tag": "", 
                "dependencies": [
                    {
                        "expression": "{CORP Template Module ICMP Ping:icmpping.count({$ICMP_CRIT_TIME},0,eq)}>{$ICMP_CRIT}", 
                        "name": "Unavailable by ICMP ping", 
                        "recovery_expression": ""
                    }
                ], 
                "description": "", 
                "expression": "{CORP Template Module ICMP Ping:icmppingloss.max(10m)}<100 and {CORP Template Module ICMP Ping:icmppingloss.count(5m,{$ICMP_LOSS_WARN},gt)}>3", 
                "manual_close": "0", 
                "name": "High ICMP ping loss", 
                "priority": "2", 
                "recovery_expression": "", 
                "recovery_mode": "0", 
                "status": "0", 
                "tags": [], 
                "type": "0", 
                "url": ""
            }, 
            {
                "correlation_mode": "0", 
                "correlation_tag": "", 
                "dependencies": [
                    {
                        "expression": "{CORP Template Module ICMP Ping:icmppingloss.max(10m)}<100 and {CORP Template Module ICMP Ping:icmppingloss.count(5m,{$ICMP_LOSS_WARN},gt)}>3", 
                        "name": "High ICMP ping loss", 
                        "recovery_expression": ""
                    }, 
                    {
                        "expression": "{CORP Template Module ICMP Ping:icmpping.count({$ICMP_CRIT_TIME},0,eq)}>{$ICMP_CRIT}", 
                        "name": "Unavailable by ICMP ping", 
                        "recovery_expression": ""
                    }
                ], 
                "description": "", 
                "expression": "{CORP Template Module ICMP Ping:icmppingsec.count(5m,{$ICMP_RESPONSE_TIME_WARN},gt)}>3", 
                "manual_close": "0", 
                "name": "High ICMP ping response time", 
                "priority": "2", 
                "recovery_expression": "", 
                "recovery_mode": "0", 
                "status": "0", 
                "tags": [], 
                "type": "0", 
                "url": ""
            }, 
            {
                "correlation_mode": "0", 
                "correlation_tag": "", 
                "dependencies": [], 
                "description": "Last value: {ITEM.LASTVALUE1}.\r\nIn the last {$ICMP_CRIT_TIME}, {$ICMP_CRIT} ping attempts returned timeout.  Please check device connectivity.", 
                "expression": "{CORP Template Module ICMP Ping:icmpping.count({$ICMP_CRIT_TIME},0,eq)}>{$ICMP_CRIT}", 
                "manual_close": "0", 
                "name": "Unavailable by ICMP ping", 
                "priority": "4", 
                "recovery_expression": "", 
                "recovery_mode": "0", 
                "status": "0", 
                "tags": [], 
                "type": "0", 
                "url": ""
            }
        ], 
        "value_maps": [
            {
                "mappings": [
                    {
                        "newvalue": "Down", 
                        "value": "0"
                    }, 
                    {
                        "newvalue": "Up", 
                        "value": "1"
                    }
                ], 
                "name": "Service state"
            }
        ], 
        "version": "3.4"
    }
}