{
    "zabbix_export": {
        "graphs": [
            {
                "graph_items": [
                    {
                        "calc_fnc": "2", 
                        "color": "1A7C11", 
                        "drawtype": "0", 
                        "item": {
                            "host": "CORP Template Service Store Front", 
                            "key": "net.tcp.service.perf[{$SF_HTTP_TYPE},{HOST.CONN},{$SF_HTTP_PORT}]"
                        }, 
                        "sortorder": "0", 
                        "type": "0", 
                        "yaxisside": "0"
                    }
                ], 
                "height": "200", 
                "name": "Store Front port response time", 
                "percent_left": "0.0000", 
                "percent_right": "0.0000", 
                "show_3d": "0", 
                "show_legend": "1", 
                "show_triggers": "1", 
                "show_work_period": "1", 
                "type": "0", 
                "width": "900", 
                "yaxismax": "100.0000", 
                "yaxismin": "0.0000", 
                "ymax_item_1": "0", 
                "ymax_type_1": "0", 
                "ymin_item_1": "0", 
                "ymin_type_1": "0"
            }
        ], 
        "groups": [
            {
                "name": "CORP/Templates/Service"
            }
        ], 
        "templates": [
            {
                "applications": [
                    {
                        "name": "Store Front"
                    }
                ], 
                "description": "", 
                "discovery_rules": [], 
                "groups": [
                    {
                        "name": "CORP/Templates/Service"
                    }
                ], 
                "httptests": [
                    {
                        "agent": "Zabbix", 
                        "application": {
                            "name": "Store Front"
                        }, 
                        "attempts": "1", 
                        "authentication": "0", 
                        "delay": "1m", 
                        "headers": [], 
                        "http_password": "", 
                        "http_proxy": "", 
                        "http_user": "", 
                        "name": "Store Front User simulation", 
                        "ssl_cert_file": "", 
                        "ssl_key_file": "", 
                        "ssl_key_password": "", 
                        "status": "0", 
                        "steps": [
                            {
                                "follow_redirects": "0", 
                                "headers": [], 
                                "name": "Landing Page (insecure)", 
                                "posts": [], 
                                "query_fields": [], 
                                "required": "", 
                                "retrieve_mode": "0", 
                                "status_codes": "302-307", 
                                "timeout": "15s", 
                                "url": "http://{HOST.CONN}/", 
                                "variables": []
                            }, 
                            {
                                "follow_redirects": "1", 
                                "headers": [], 
                                "name": "Landing Page", 
                                "posts": [], 
                                "query_fields": [], 
                                "required": "Shop by Department", 
                                "retrieve_mode": "0", 
                                "status_codes": "200", 
                                "timeout": "15s", 
                                "url": "{$SF_HTTP_TYPE}://{HOST.CONN}/", 
                                "variables": []
                            }, 
                            {
                                "follow_redirects": "1", 
                                "headers": [], 
                                "name": "Search", 
                                "posts": [], 
                                "query_fields": [
                                    {
                                        "name": "text", 
                                        "value": "test"
                                    }
                                ], 
                                "required": "data-productcode=\"[0-9]+\"", 
                                "retrieve_mode": "0", 
                                "status_codes": "200", 
                                "timeout": "15s", 
                                "url": "{$SF_HTTP_TYPE}://{HOST.CONN}/search/", 
                                "variables": []
                            }
                        ], 
                        "variables": [], 
                        "verify_host": "0", 
                        "verify_peer": "0"
                    }
                ], 
                "items": [
                    {
                        "allowed_hosts": "", 
                        "applications": [
                            {
                                "name": "Store Front"
                            }
                        ], 
                        "authtype": "0", 
                        "delay": "1m", 
                        "description": "", 
                        "history": "90d", 
                        "inventory_link": "0", 
                        "ipmi_sensor": "", 
                        "jmx_endpoint": "", 
                        "key": "net.tcp.service.perf[{$SF_HTTP_TYPE},{HOST.CONN},{$SF_HTTP_PORT}]", 
                        "logtimefmt": "", 
                        "master_item": [], 
                        "name": "{$SF_HTTP_TYPE} port {$SF_HTTP_PORT} response time", 
                        "params": "", 
                        "password": "", 
                        "port": "", 
                        "preprocessing": [], 
                        "privatekey": "", 
                        "publickey": "", 
                        "snmp_community": "", 
                        "snmp_oid": "", 
                        "snmpv3_authpassphrase": "", 
                        "snmpv3_authprotocol": "0", 
                        "snmpv3_contextname": "", 
                        "snmpv3_privpassphrase": "", 
                        "snmpv3_privprotocol": "0", 
                        "snmpv3_securitylevel": "0", 
                        "snmpv3_securityname": "", 
                        "status": "0", 
                        "trends": "365d", 
                        "type": "3", 
                        "units": "s", 
                        "username": "", 
                        "value_type": "0", 
                        "valuemap": []
                    }
                ], 
                "macros": [
                    {
                        "macro": "{$SF_HTTP_PORT}", 
                        "value": "443"
                    }, 
                    {
                        "macro": "{$SF_HTTP_TYPE}", 
                        "value": "https"
                    }
                ], 
                "name": "CORP Template Service Store Front", 
                "screens": [], 
                "template": "CORP Template Service Store Front", 
                "templates": [
                    {
                        "name": "CORP Template Module ICMP Ping"
                    }
                ]
            }
        ], 
        "triggers": [
            {
                "correlation_mode": "0", 
                "correlation_tag": "", 
                "dependencies": [
                    {
                        "expression": "{CORP Template Service Store Front:net.tcp.service.perf[{$SF_HTTP_TYPE},{HOST.CONN},{$SF_HTTP_PORT}].count(5m,0,eq)}>2", 
                        "name": "Store Front not accepting {$SF_HTTP_TYPE} connections on port {$SF_HTTP_PORT}", 
                        "recovery_expression": ""
                    }
                ], 
                "description": "", 
                "expression": "{CORP Template Service Store Front:web.test.fail[Store Front User simulation].count(5m,1,eq)}>2 and {CORP Template Service Store Front:web.test.error[Store Front User simulation].strlen()}<>0", 
                "manual_close": "0", 
                "name": "Redirect to secure failed landing page failing", 
                "priority": "5", 
                "recovery_expression": "", 
                "recovery_mode": "0", 
                "status": "0", 
                "tags": [], 
                "type": "0", 
                "url": ""
            }, 
            {
                "correlation_mode": "0", 
                "correlation_tag": "", 
                "dependencies": [
                    {
                        "expression": "{CORP Template Service Store Front:web.test.fail[Store Front User simulation].count(5m,2,eq)}>2 and {CORP Template Service Store Front:web.test.error[Store Front User simulation].strlen()}<>0", 
                        "name": "Secure Landing page failing to load correctly", 
                        "recovery_expression": ""
                    }
                ], 
                "description": "", 
                "expression": "{CORP Template Service Store Front:web.test.fail[Store Front User simulation].count(5m,3,eq)}>2 and {CORP Template Service Store Front:web.test.error[Store Front User simulation].strlen()}<>0", 
                "manual_close": "0", 
                "name": "Search test failing", 
                "priority": "5", 
                "recovery_expression": "", 
                "recovery_mode": "0", 
                "status": "0", 
                "tags": [], 
                "type": "0", 
                "url": ""
            }, 
            {
                "correlation_mode": "0", 
                "correlation_tag": "", 
                "dependencies": [
                    {
                        "expression": "{CORP Template Service Store Front:web.test.fail[Store Front User simulation].count(5m,1,eq)}>2 and {CORP Template Service Store Front:web.test.error[Store Front User simulation].strlen()}<>0", 
                        "name": "Redirect to secure failed landing page failing", 
                        "recovery_expression": ""
                    }
                ], 
                "description": "", 
                "expression": "{CORP Template Service Store Front:web.test.fail[Store Front User simulation].count(5m,2,eq)}>2 and {CORP Template Service Store Front:web.test.error[Store Front User simulation].strlen()}<>0", 
                "manual_close": "0", 
                "name": "Secure Landing page failing to load correctly", 
                "priority": "5", 
                "recovery_expression": "", 
                "recovery_mode": "0", 
                "status": "0", 
                "tags": [], 
                "type": "0", 
                "url": ""
            }, 
            {
                "correlation_mode": "0", 
                "correlation_tag": "", 
                "dependencies": [
                    {
                        "expression": "{CORP Template Service Store Front:icmpping.count({$ICMP_CRIT_TIME},0,eq)}>{$ICMP_CRIT}", 
                        "name": "Unavailable by ICMP ping", 
                        "recovery_expression": ""
                    }
                ], 
                "description": "", 
                "expression": "{CORP Template Service Store Front:net.tcp.service.perf[{$SF_HTTP_TYPE},{HOST.CONN},{$SF_HTTP_PORT}].count(5m,0,eq)}>2", 
                "manual_close": "0", 
                "name": "Store Front not accepting {$SF_HTTP_TYPE} connections on port {$SF_HTTP_PORT}", 
                "priority": "5", 
                "recovery_expression": "", 
                "recovery_mode": "0", 
                "status": "0", 
                "tags": [], 
                "type": "0", 
                "url": ""
            }
        ], 
        "version": "3.4"
    }
}