{
    "zabbix_export": {
        "groups": [
            {
                "name": "CORP/Templates/Operating Systems"
            }
        ], 
        "templates": [
            {
                "applications": [], 
                "description": "", 
                "discovery_rules": [], 
                "groups": [
                    {
                        "name": "CORP/Templates/Operating Systems"
                    }
                ], 
                "httptests": [], 
                "items": [], 
                "macros": [], 
                "name": "CORP Template OS Windows", 
                "screens": [
                    {
                        "hsize": "2", 
                        "name": "Host Health", 
                        "screen_items": [
                            {
                                "application": "", 
                                "colspan": "1", 
                                "dynamic": "0", 
                                "elements": "0", 
                                "halign": "0", 
                                "height": "100", 
                                "max_columns": "3", 
                                "resource": {
                                    "host": "CORP Template OS Windows", 
                                    "name": "CPU load"
                                }, 
                                "resourcetype": "0", 
                                "rowspan": "1", 
                                "sort_triggers": "0", 
                                "style": "0", 
                                "url": "", 
                                "valign": "0", 
                                "width": "500", 
                                "x": "1", 
                                "y": "0"
                            }, 
                            {
                                "application": "", 
                                "colspan": "1", 
                                "dynamic": "0", 
                                "elements": "0", 
                                "halign": "0", 
                                "height": "100", 
                                "max_columns": "3", 
                                "resource": {
                                    "host": "CORP Template OS Windows", 
                                    "name": "Memory usage"
                                }, 
                                "resourcetype": "0", 
                                "rowspan": "1", 
                                "sort_triggers": "0", 
                                "style": "0", 
                                "url": "", 
                                "valign": "0", 
                                "width": "500", 
                                "x": "0", 
                                "y": "1"
                            }, 
                            {
                                "application": "", 
                                "colspan": "1", 
                                "dynamic": "0", 
                                "elements": "0", 
                                "halign": "0", 
                                "height": "100", 
                                "max_columns": "3", 
                                "resource": {
                                    "host": "CORP Template OS Windows", 
                                    "name": "ICMP Stats"
                                }, 
                                "resourcetype": "0", 
                                "rowspan": "1", 
                                "sort_triggers": "0", 
                                "style": "0", 
                                "url": "", 
                                "valign": "0", 
                                "width": "500", 
                                "x": "1", 
                                "y": "1"
                            }, 
                            {
                                "application": "", 
                                "colspan": "1", 
                                "dynamic": "0", 
                                "elements": "0", 
                                "halign": "0", 
                                "height": "100", 
                                "max_columns": "3", 
                                "resource": {
                                    "host": "CORP Template OS Windows", 
                                    "name": "CPU jumps"
                                }, 
                                "resourcetype": "0", 
                                "rowspan": "1", 
                                "sort_triggers": "0", 
                                "style": "0", 
                                "url": "", 
                                "valign": "0", 
                                "width": "500", 
                                "x": "0", 
                                "y": "2"
                            }
                        ], 
                        "vsize": "4"
                    }
                ], 
                "template": "CORP Template OS Windows", 
                "templates": [
                    {
                        "name": "CORP Template Module WMI"
                    }, 
                    {
                        "name": "CORP Template OS Base"
                    }
                ]
            }
        ], 
        "version": "3.4"
    }
}