{
    "zabbix_export": {
        "groups": [
            {
                "name": "CORP/Templates/Cloud"
            }
        ], 
        "templates": [
            {
                "applications": [
                    {
                        "name": "ELB"
                    }
                ], 
                "description": "", 
                "discovery_rules": [], 
                "groups": [
                    {
                        "name": "CORP/Templates/Cloud"
                    }
                ], 
                "httptests": [], 
                "items": [
                    {
                        "allowed_hosts": "", 
                        "applications": [
                            {
                                "name": "ELB"
                            }
                        ], 
                        "authtype": "0", 
                        "delay": "300", 
                        "description": "The number of connections that were not successfully established between the load balancer and the registered instances. Because the load balancer retries the connection when there are errors, this count can exceed the request rate. Note that this count also includes any connection errors related to health checks.\r\n\r\nReporting criteria: There is a nonzero value\r\n\r\nStatistics: The most useful statistic is Sum. Note that Average, Minimum, and Maximum are reported per load balancer node and are not typically useful. However, the difference between the minimum and maximum (or peak to average or average to trough) might be useful to determine whether a load balancer node is an outlier.\r\n\r\nExample: Suppose that your load balancer has 2 instances in us-west-2a and 2 instances in us-west-2b, and that attempts to connect to 1 instance in us-west-2a result in back-end connection errors. The sum for us-west-2a includes these connection errors, while the sum for us-west-2b does not include them. Therefore, the sum for the load balancer equals the sum for us-west-2a.", 
                        "history": "90d", 
                        "inventory_link": "0", 
                        "ipmi_sensor": "", 
                        "jmx_endpoint": "", 
                        "key": "cloudwatch.metric[300,BackendConnectionErrors,AWS/ELB,Sum,{$REGION},LoadBalancerName={HOST.HOST},{$ACCOUNT}]", 
                        "logtimefmt": "", 
                        "master_item": [], 
                        "name": "Backend Connection Errors", 
                        "params": "", 
                        "password": "", 
                        "port": "", 
                        "preprocessing": [], 
                        "privatekey": "", 
                        "publickey": "", 
                        "snmp_community": "", 
                        "snmp_oid": "", 
                        "snmpv3_authpassphrase": "", 
                        "snmpv3_authprotocol": "0", 
                        "snmpv3_contextname": "", 
                        "snmpv3_privpassphrase": "", 
                        "snmpv3_privprotocol": "0", 
                        "snmpv3_securitylevel": "0", 
                        "snmpv3_securityname": "", 
                        "status": "0", 
                        "trends": "365d", 
                        "type": "10", 
                        "units": "", 
                        "username": "", 
                        "value_type": "0", 
                        "valuemap": []
                    }, 
                    {
                        "allowed_hosts": "", 
                        "applications": [
                            {
                                "name": "ELB"
                            }
                        ], 
                        "authtype": "0", 
                        "delay": "300", 
                        "description": "The number of connections that were not successfully established between the load balancer and the registered instances. Because the load balancer retries the connection when there are errors, this count can exceed the request rate. Note that this count also includes any connection errors related to health checks.\r\n\r\nReporting criteria: There is a nonzero value\r\n\r\nStatistics: The most useful statistic is Sum. Note that Average, Minimum, and Maximum are reported per load balancer node and are not typically useful. However, the difference between the minimum and maximum (or peak to average or average to trough) might be useful to determine whether a load balancer node is an outlier.\r\n\r\nExample: Suppose that your load balancer has 2 instances in us-west-2a and 2 instances in us-west-2b, and that attempts to connect to 1 instance in us-west-2a result in back-end connection errors. The sum for us-west-2a includes these connection errors, while the sum for us-west-2b does not include them. Therefore, the sum for the load balancer equals the sum for us-west-2a.", 
                        "history": "90d", 
                        "inventory_link": "0", 
                        "ipmi_sensor": "", 
                        "jmx_endpoint": "", 
                        "key": "cloudwatch.metric[300,EstimatedALBActiveConnectionCount,AWS/ELB,Average,{$REGION},LoadBalancerName={HOST.HOST},{$ACCOUNT}]", 
                        "logtimefmt": "", 
                        "master_item": [], 
                        "name": "Estimated ALB Active Connection Count", 
                        "params": "", 
                        "password": "", 
                        "port": "", 
                        "preprocessing": [], 
                        "privatekey": "", 
                        "publickey": "", 
                        "snmp_community": "", 
                        "snmp_oid": "", 
                        "snmpv3_authpassphrase": "", 
                        "snmpv3_authprotocol": "0", 
                        "snmpv3_contextname": "", 
                        "snmpv3_privpassphrase": "", 
                        "snmpv3_privprotocol": "0", 
                        "snmpv3_securitylevel": "0", 
                        "snmpv3_securityname": "", 
                        "status": "0", 
                        "trends": "365d", 
                        "type": "10", 
                        "units": "", 
                        "username": "", 
                        "value_type": "0", 
                        "valuemap": []
                    }, 
                    {
                        "allowed_hosts": "", 
                        "applications": [
                            {
                                "name": "ELB"
                            }
                        ], 
                        "authtype": "0", 
                        "delay": "300", 
                        "description": "The number of connections that were not successfully established between the load balancer and the registered instances. Because the load balancer retries the connection when there are errors, this count can exceed the request rate. Note that this count also includes any connection errors related to health checks.\r\n\r\nReporting criteria: There is a nonzero value\r\n\r\nStatistics: The most useful statistic is Sum. Note that Average, Minimum, and Maximum are reported per load balancer node and are not typically useful. However, the difference between the minimum and maximum (or peak to average or average to trough) might be useful to determine whether a load balancer node is an outlier.\r\n\r\nExample: Suppose that your load balancer has 2 instances in us-west-2a and 2 instances in us-west-2b, and that attempts to connect to 1 instance in us-west-2a result in back-end connection errors. The sum for us-west-2a includes these connection errors, while the sum for us-west-2b does not include them. Therefore, the sum for the load balancer equals the sum for us-west-2a.", 
                        "history": "90d", 
                        "inventory_link": "0", 
                        "ipmi_sensor": "", 
                        "jmx_endpoint": "", 
                        "key": "cloudwatch.metric[300,EstimatedALBConsumedLCUs,AWS/ELB,Average,{$REGION},LoadBalancerName={HOST.HOST},{$ACCOUNT}]", 
                        "logtimefmt": "", 
                        "master_item": [], 
                        "name": "Estimated ALB Consumed LCUs", 
                        "params": "", 
                        "password": "", 
                        "port": "", 
                        "preprocessing": [], 
                        "privatekey": "", 
                        "publickey": "", 
                        "snmp_community": "", 
                        "snmp_oid": "", 
                        "snmpv3_authpassphrase": "", 
                        "snmpv3_authprotocol": "0", 
                        "snmpv3_contextname": "", 
                        "snmpv3_privpassphrase": "", 
                        "snmpv3_privprotocol": "0", 
                        "snmpv3_securitylevel": "0", 
                        "snmpv3_securityname": "", 
                        "status": "0", 
                        "trends": "365d", 
                        "type": "10", 
                        "units": "", 
                        "username": "", 
                        "value_type": "0", 
                        "valuemap": []
                    }, 
                    {
                        "allowed_hosts": "", 
                        "applications": [
                            {
                                "name": "ELB"
                            }
                        ], 
                        "authtype": "0", 
                        "delay": "300", 
                        "description": "The number of connections that were not successfully established between the load balancer and the registered instances. Because the load balancer retries the connection when there are errors, this count can exceed the request rate. Note that this count also includes any connection errors related to health checks.\r\n\r\nReporting criteria: There is a nonzero value\r\n\r\nStatistics: The most useful statistic is Sum. Note that Average, Minimum, and Maximum are reported per load balancer node and are not typically useful. However, the difference between the minimum and maximum (or peak to average or average to trough) might be useful to determine whether a load balancer node is an outlier.\r\n\r\nExample: Suppose that your load balancer has 2 instances in us-west-2a and 2 instances in us-west-2b, and that attempts to connect to 1 instance in us-west-2a result in back-end connection errors. The sum for us-west-2a includes these connection errors, while the sum for us-west-2b does not include them. Therefore, the sum for the load balancer equals the sum for us-west-2a.", 
                        "history": "90d", 
                        "inventory_link": "0", 
                        "ipmi_sensor": "", 
                        "jmx_endpoint": "", 
                        "key": "cloudwatch.metric[300,EstimatedALBNewConnectionCount,AWS/ELB,Sum,{$REGION},LoadBalancerName={HOST.HOST},{$ACCOUNT}]", 
                        "logtimefmt": "", 
                        "master_item": [], 
                        "name": "Estimated ALB New Connection Count", 
                        "params": "", 
                        "password": "", 
                        "port": "", 
                        "preprocessing": [], 
                        "privatekey": "", 
                        "publickey": "", 
                        "snmp_community": "", 
                        "snmp_oid": "", 
                        "snmpv3_authpassphrase": "", 
                        "snmpv3_authprotocol": "0", 
                        "snmpv3_contextname": "", 
                        "snmpv3_privpassphrase": "", 
                        "snmpv3_privprotocol": "0", 
                        "snmpv3_securitylevel": "0", 
                        "snmpv3_securityname": "", 
                        "status": "0", 
                        "trends": "365d", 
                        "type": "10", 
                        "units": "", 
                        "username": "", 
                        "value_type": "0", 
                        "valuemap": []
                    }, 
                    {
                        "allowed_hosts": "", 
                        "applications": [
                            {
                                "name": "ELB"
                            }
                        ], 
                        "authtype": "0", 
                        "delay": "300", 
                        "description": "The number of connections that were not successfully established between the load balancer and the registered instances. Because the load balancer retries the connection when there are errors, this count can exceed the request rate. Note that this count also includes any connection errors related to health checks.\r\n\r\nReporting criteria: There is a nonzero value\r\n\r\nStatistics: The most useful statistic is Sum. Note that Average, Minimum, and Maximum are reported per load balancer node and are not typically useful. However, the difference between the minimum and maximum (or peak to average or average to trough) might be useful to determine whether a load balancer node is an outlier.\r\n\r\nExample: Suppose that your load balancer has 2 instances in us-west-2a and 2 instances in us-west-2b, and that attempts to connect to 1 instance in us-west-2a result in back-end connection errors. The sum for us-west-2a includes these connection errors, while the sum for us-west-2b does not include them. Therefore, the sum for the load balancer equals the sum for us-west-2a.", 
                        "history": "90d", 
                        "inventory_link": "0", 
                        "ipmi_sensor": "", 
                        "jmx_endpoint": "", 
                        "key": "cloudwatch.metric[300,EstimatedProcessedBytes,AWS/ELB,Sum,{$REGION},LoadBalancerName={HOST.HOST},{$ACCOUNT}]", 
                        "logtimefmt": "", 
                        "master_item": [], 
                        "name": "Estimated Processed Bytes", 
                        "params": "", 
                        "password": "", 
                        "port": "", 
                        "preprocessing": [], 
                        "privatekey": "", 
                        "publickey": "", 
                        "snmp_community": "", 
                        "snmp_oid": "", 
                        "snmpv3_authpassphrase": "", 
                        "snmpv3_authprotocol": "0", 
                        "snmpv3_contextname": "", 
                        "snmpv3_privpassphrase": "", 
                        "snmpv3_privprotocol": "0", 
                        "snmpv3_securitylevel": "0", 
                        "snmpv3_securityname": "", 
                        "status": "0", 
                        "trends": "365d", 
                        "type": "10", 
                        "units": "", 
                        "username": "", 
                        "value_type": "0", 
                        "valuemap": []
                    }, 
                    {
                        "allowed_hosts": "", 
                        "applications": [
                            {
                                "name": "ELB"
                            }
                        ], 
                        "authtype": "0", 
                        "delay": "300", 
                        "description": "The number of healthy instances registered with your load balancer. A newly registered instance is considered healthy after it passes the first health check. If cross-zone load balancing is enabled, the number of healthy instances for the LoadBalancerName dimension is calculated across all Availability Zones. Otherwise, it is calculated per Availability Zone.\r\n\r\nReporting criteria: There are registered instances\r\n\r\nStatistics: The most useful statistics are Average and Maximum. These statistics are determined by the load balancer nodes. Note that some load balancer nodes might determine that an instance is unhealthy for a brief period while other nodes determine that it is healthy.\r\n\r\nExample: Suppose that your load balancer has 2 instances in us-west-2a and 2 instances in us-west-2b, us-west-2a has 1 unhealthy instance, and us-west-2b has no unhealthy instances. With the AvailabilityZone dimension, there is an average of 1 healthy and 1 unhealthy instance in us-west-2a, and an average of 2 healthy and 0 unhealthy instances in us-west-2b.", 
                        "history": "90d", 
                        "inventory_link": "0", 
                        "ipmi_sensor": "", 
                        "jmx_endpoint": "", 
                        "key": "cloudwatch.metric[300,HealthyHostCount,AWS/ELB,Maximum,{$REGION},LoadBalancerName={HOST.HOST},{$ACCOUNT}]", 
                        "logtimefmt": "", 
                        "master_item": [], 
                        "name": "Healthy Hosts", 
                        "params": "", 
                        "password": "", 
                        "port": "", 
                        "preprocessing": [], 
                        "privatekey": "", 
                        "publickey": "", 
                        "snmp_community": "", 
                        "snmp_oid": "", 
                        "snmpv3_authpassphrase": "", 
                        "snmpv3_authprotocol": "0", 
                        "snmpv3_contextname": "", 
                        "snmpv3_privpassphrase": "", 
                        "snmpv3_privprotocol": "0", 
                        "snmpv3_securitylevel": "0", 
                        "snmpv3_securityname": "", 
                        "status": "0", 
                        "trends": "365d", 
                        "type": "10", 
                        "units": "hosts", 
                        "username": "", 
                        "value_type": "0", 
                        "valuemap": []
                    }, 
                    {
                        "allowed_hosts": "", 
                        "applications": [
                            {
                                "name": "ELB"
                            }
                        ], 
                        "authtype": "0", 
                        "delay": "300", 
                        "description": "The number of connections that were not successfully established between the load balancer and the registered instances. Because the load balancer retries the connection when there are errors, this count can exceed the request rate. Note that this count also includes any connection errors related to health checks.\r\n\r\nReporting criteria: There is a nonzero value\r\n\r\nStatistics: The most useful statistic is Sum. Note that Average, Minimum, and Maximum are reported per load balancer node and are not typically useful. However, the difference between the minimum and maximum (or peak to average or average to trough) might be useful to determine whether a load balancer node is an outlier.\r\n\r\nExample: Suppose that your load balancer has 2 instances in us-west-2a and 2 instances in us-west-2b, and that attempts to connect to 1 instance in us-west-2a result in back-end connection errors. The sum for us-west-2a includes these connection errors, while the sum for us-west-2b does not include them. Therefore, the sum for the load balancer equals the sum for us-west-2a.", 
                        "history": "90d", 
                        "inventory_link": "0", 
                        "ipmi_sensor": "", 
                        "jmx_endpoint": "", 
                        "key": "cloudwatch.metric[300,HTTPCode_Backend_2XX,AWS/ELB,Sum,{$REGION},LoadBalancerName={HOST.HOST},{$ACCOUNT}]", 
                        "logtimefmt": "", 
                        "master_item": [], 
                        "name": "HTTP Code Backend 200", 
                        "params": "", 
                        "password": "", 
                        "port": "", 
                        "preprocessing": [], 
                        "privatekey": "", 
                        "publickey": "", 
                        "snmp_community": "", 
                        "snmp_oid": "", 
                        "snmpv3_authpassphrase": "", 
                        "snmpv3_authprotocol": "0", 
                        "snmpv3_contextname": "", 
                        "snmpv3_privpassphrase": "", 
                        "snmpv3_privprotocol": "0", 
                        "snmpv3_securitylevel": "0", 
                        "snmpv3_securityname": "", 
                        "status": "0", 
                        "trends": "365d", 
                        "type": "10", 
                        "units": "", 
                        "username": "", 
                        "value_type": "0", 
                        "valuemap": []
                    }, 
                    {
                        "allowed_hosts": "", 
                        "applications": [
                            {
                                "name": "ELB"
                            }
                        ], 
                        "authtype": "0", 
                        "delay": "300", 
                        "description": "The number of connections that were not successfully established between the load balancer and the registered instances. Because the load balancer retries the connection when there are errors, this count can exceed the request rate. Note that this count also includes any connection errors related to health checks.\r\n\r\nReporting criteria: There is a nonzero value\r\n\r\nStatistics: The most useful statistic is Sum. Note that Average, Minimum, and Maximum are reported per load balancer node and are not typically useful. However, the difference between the minimum and maximum (or peak to average or average to trough) might be useful to determine whether a load balancer node is an outlier.\r\n\r\nExample: Suppose that your load balancer has 2 instances in us-west-2a and 2 instances in us-west-2b, and that attempts to connect to 1 instance in us-west-2a result in back-end connection errors. The sum for us-west-2a includes these connection errors, while the sum for us-west-2b does not include them. Therefore, the sum for the load balancer equals the sum for us-west-2a.", 
                        "history": "90d", 
                        "inventory_link": "0", 
                        "ipmi_sensor": "", 
                        "jmx_endpoint": "", 
                        "key": "cloudwatch.metric[300,HTTPCode_Backend_3XX,AWS/ELB,Sum,{$REGION},LoadBalancerName={HOST.HOST},{$ACCOUNT}]", 
                        "logtimefmt": "", 
                        "master_item": [], 
                        "name": "HTTP Code Backend 300", 
                        "params": "", 
                        "password": "", 
                        "port": "", 
                        "preprocessing": [], 
                        "privatekey": "", 
                        "publickey": "", 
                        "snmp_community": "", 
                        "snmp_oid": "", 
                        "snmpv3_authpassphrase": "", 
                        "snmpv3_authprotocol": "0", 
                        "snmpv3_contextname": "", 
                        "snmpv3_privpassphrase": "", 
                        "snmpv3_privprotocol": "0", 
                        "snmpv3_securitylevel": "0", 
                        "snmpv3_securityname": "", 
                        "status": "0", 
                        "trends": "365d", 
                        "type": "10", 
                        "units": "", 
                        "username": "", 
                        "value_type": "0", 
                        "valuemap": []
                    }, 
                    {
                        "allowed_hosts": "", 
                        "applications": [
                            {
                                "name": "ELB"
                            }
                        ], 
                        "authtype": "0", 
                        "delay": "300", 
                        "description": "The number of connections that were not successfully established between the load balancer and the registered instances. Because the load balancer retries the connection when there are errors, this count can exceed the request rate. Note that this count also includes any connection errors related to health checks.\r\n\r\nReporting criteria: There is a nonzero value\r\n\r\nStatistics: The most useful statistic is Sum. Note that Average, Minimum, and Maximum are reported per load balancer node and are not typically useful. However, the difference between the minimum and maximum (or peak to average or average to trough) might be useful to determine whether a load balancer node is an outlier.\r\n\r\nExample: Suppose that your load balancer has 2 instances in us-west-2a and 2 instances in us-west-2b, and that attempts to connect to 1 instance in us-west-2a result in back-end connection errors. The sum for us-west-2a includes these connection errors, while the sum for us-west-2b does not include them. Therefore, the sum for the load balancer equals the sum for us-west-2a.", 
                        "history": "90d", 
                        "inventory_link": "0", 
                        "ipmi_sensor": "", 
                        "jmx_endpoint": "", 
                        "key": "cloudwatch.metric[300,HTTPCode_Backend_4XX,AWS/ELB,Sum,{$REGION},LoadBalancerName={HOST.HOST},{$ACCOUNT}]", 
                        "logtimefmt": "", 
                        "master_item": [], 
                        "name": "HTTP Code Backend 400", 
                        "params": "", 
                        "password": "", 
                        "port": "", 
                        "preprocessing": [], 
                        "privatekey": "", 
                        "publickey": "", 
                        "snmp_community": "", 
                        "snmp_oid": "", 
                        "snmpv3_authpassphrase": "", 
                        "snmpv3_authprotocol": "0", 
                        "snmpv3_contextname": "", 
                        "snmpv3_privpassphrase": "", 
                        "snmpv3_privprotocol": "0", 
                        "snmpv3_securitylevel": "0", 
                        "snmpv3_securityname": "", 
                        "status": "0", 
                        "trends": "365d", 
                        "type": "10", 
                        "units": "", 
                        "username": "", 
                        "value_type": "0", 
                        "valuemap": []
                    }, 
                    {
                        "allowed_hosts": "", 
                        "applications": [
                            {
                                "name": "ELB"
                            }
                        ], 
                        "authtype": "0", 
                        "delay": "300", 
                        "description": "The number of connections that were not successfully established between the load balancer and the registered instances. Because the load balancer retries the connection when there are errors, this count can exceed the request rate. Note that this count also includes any connection errors related to health checks.\r\n\r\nReporting criteria: There is a nonzero value\r\n\r\nStatistics: The most useful statistic is Sum. Note that Average, Minimum, and Maximum are reported per load balancer node and are not typically useful. However, the difference between the minimum and maximum (or peak to average or average to trough) might be useful to determine whether a load balancer node is an outlier.\r\n\r\nExample: Suppose that your load balancer has 2 instances in us-west-2a and 2 instances in us-west-2b, and that attempts to connect to 1 instance in us-west-2a result in back-end connection errors. The sum for us-west-2a includes these connection errors, while the sum for us-west-2b does not include them. Therefore, the sum for the load balancer equals the sum for us-west-2a.", 
                        "history": "90d", 
                        "inventory_link": "0", 
                        "ipmi_sensor": "", 
                        "jmx_endpoint": "", 
                        "key": "cloudwatch.metric[300,HTTPCode_Backend_5XX,AWS/ELB,Sum,{$REGION},LoadBalancerName={HOST.HOST},{$ACCOUNT}]", 
                        "logtimefmt": "", 
                        "master_item": [], 
                        "name": "HTTP Code Backend 500", 
                        "params": "", 
                        "password": "", 
                        "port": "", 
                        "preprocessing": [], 
                        "privatekey": "", 
                        "publickey": "", 
                        "snmp_community": "", 
                        "snmp_oid": "", 
                        "snmpv3_authpassphrase": "", 
                        "snmpv3_authprotocol": "0", 
                        "snmpv3_contextname": "", 
                        "snmpv3_privpassphrase": "", 
                        "snmpv3_privprotocol": "0", 
                        "snmpv3_securitylevel": "0", 
                        "snmpv3_securityname": "", 
                        "status": "0", 
                        "trends": "365d", 
                        "type": "10", 
                        "units": "", 
                        "username": "", 
                        "value_type": "0", 
                        "valuemap": []
                    }, 
                    {
                        "allowed_hosts": "", 
                        "applications": [
                            {
                                "name": "ELB"
                            }
                        ], 
                        "authtype": "0", 
                        "delay": "300", 
                        "description": "The number of connections that were not successfully established between the load balancer and the registered instances. Because the load balancer retries the connection when there are errors, this count can exceed the request rate. Note that this count also includes any connection errors related to health checks.\r\n\r\nReporting criteria: There is a nonzero value\r\n\r\nStatistics: The most useful statistic is Sum. Note that Average, Minimum, and Maximum are reported per load balancer node and are not typically useful. However, the difference between the minimum and maximum (or peak to average or average to trough) might be useful to determine whether a load balancer node is an outlier.\r\n\r\nExample: Suppose that your load balancer has 2 instances in us-west-2a and 2 instances in us-west-2b, and that attempts to connect to 1 instance in us-west-2a result in back-end connection errors. The sum for us-west-2a includes these connection errors, while the sum for us-west-2b does not include them. Therefore, the sum for the load balancer equals the sum for us-west-2a.", 
                        "history": "90d", 
                        "inventory_link": "0", 
                        "ipmi_sensor": "", 
                        "jmx_endpoint": "", 
                        "key": "cloudwatch.metric[300,HTTPCode_ELB_5XX,AWS/ELB,Sum,{$REGION},LoadBalancerName={HOST.HOST},{$ACCOUNT}]", 
                        "logtimefmt": "", 
                        "master_item": [], 
                        "name": "HTTP Code ELB 500", 
                        "params": "", 
                        "password": "", 
                        "port": "", 
                        "preprocessing": [], 
                        "privatekey": "", 
                        "publickey": "", 
                        "snmp_community": "", 
                        "snmp_oid": "", 
                        "snmpv3_authpassphrase": "", 
                        "snmpv3_authprotocol": "0", 
                        "snmpv3_contextname": "", 
                        "snmpv3_privpassphrase": "", 
                        "snmpv3_privprotocol": "0", 
                        "snmpv3_securitylevel": "0", 
                        "snmpv3_securityname": "", 
                        "status": "0", 
                        "trends": "365d", 
                        "type": "10", 
                        "units": "", 
                        "username": "", 
                        "value_type": "0", 
                        "valuemap": []
                    }, 
                    {
                        "allowed_hosts": "", 
                        "applications": [
                            {
                                "name": "ELB"
                            }
                        ], 
                        "authtype": "0", 
                        "delay": "300", 
                        "description": "The number of connections that were not successfully established between the load balancer and the registered instances. Because the load balancer retries the connection when there are errors, this count can exceed the request rate. Note that this count also includes any connection errors related to health checks.\r\n\r\nReporting criteria: There is a nonzero value\r\n\r\nStatistics: The most useful statistic is Sum. Note that Average, Minimum, and Maximum are reported per load balancer node and are not typically useful. However, the difference between the minimum and maximum (or peak to average or average to trough) might be useful to determine whether a load balancer node is an outlier.\r\n\r\nExample: Suppose that your load balancer has 2 instances in us-west-2a and 2 instances in us-west-2b, and that attempts to connect to 1 instance in us-west-2a result in back-end connection errors. The sum for us-west-2a includes these connection errors, while the sum for us-west-2b does not include them. Therefore, the sum for the load balancer equals the sum for us-west-2a.", 
                        "history": "90d", 
                        "inventory_link": "0", 
                        "ipmi_sensor": "", 
                        "jmx_endpoint": "", 
                        "key": "cloudwatch.metric[300,Latency,AWS/ELB,Average,{$REGION},LoadBalancerName={HOST.HOST},{$ACCOUNT}]", 
                        "logtimefmt": "", 
                        "master_item": [], 
                        "name": "Latency", 
                        "params": "", 
                        "password": "", 
                        "port": "", 
                        "preprocessing": [], 
                        "privatekey": "", 
                        "publickey": "", 
                        "snmp_community": "", 
                        "snmp_oid": "", 
                        "snmpv3_authpassphrase": "", 
                        "snmpv3_authprotocol": "0", 
                        "snmpv3_contextname": "", 
                        "snmpv3_privpassphrase": "", 
                        "snmpv3_privprotocol": "0", 
                        "snmpv3_securitylevel": "0", 
                        "snmpv3_securityname": "", 
                        "status": "0", 
                        "trends": "365d", 
                        "type": "10", 
                        "units": "", 
                        "username": "", 
                        "value_type": "0", 
                        "valuemap": []
                    }, 
                    {
                        "allowed_hosts": "", 
                        "applications": [
                            {
                                "name": "ELB"
                            }
                        ], 
                        "authtype": "0", 
                        "delay": "300", 
                        "description": "The number of connections that were not successfully established between the load balancer and the registered instances. Because the load balancer retries the connection when there are errors, this count can exceed the request rate. Note that this count also includes any connection errors related to health checks.\r\n\r\nReporting criteria: There is a nonzero value\r\n\r\nStatistics: The most useful statistic is Sum. Note that Average, Minimum, and Maximum are reported per load balancer node and are not typically useful. However, the difference between the minimum and maximum (or peak to average or average to trough) might be useful to determine whether a load balancer node is an outlier.\r\n\r\nExample: Suppose that your load balancer has 2 instances in us-west-2a and 2 instances in us-west-2b, and that attempts to connect to 1 instance in us-west-2a result in back-end connection errors. The sum for us-west-2a includes these connection errors, while the sum for us-west-2b does not include them. Therefore, the sum for the load balancer equals the sum for us-west-2a.", 
                        "history": "90d", 
                        "inventory_link": "0", 
                        "ipmi_sensor": "", 
                        "jmx_endpoint": "", 
                        "key": "cloudwatch.metric[300,RequestCount,AWS/ELB,Sum,{$REGION},LoadBalancerName={HOST.HOST},{$ACCOUNT}]", 
                        "logtimefmt": "", 
                        "master_item": [], 
                        "name": "Request Count", 
                        "params": "", 
                        "password": "", 
                        "port": "", 
                        "preprocessing": [], 
                        "privatekey": "", 
                        "publickey": "", 
                        "snmp_community": "", 
                        "snmp_oid": "", 
                        "snmpv3_authpassphrase": "", 
                        "snmpv3_authprotocol": "0", 
                        "snmpv3_contextname": "", 
                        "snmpv3_privpassphrase": "", 
                        "snmpv3_privprotocol": "0", 
                        "snmpv3_securitylevel": "0", 
                        "snmpv3_securityname": "", 
                        "status": "0", 
                        "trends": "365d", 
                        "type": "10", 
                        "units": "", 
                        "username": "", 
                        "value_type": "0", 
                        "valuemap": []
                    }, 
                    {
                        "allowed_hosts": "", 
                        "applications": [
                            {
                                "name": "ELB"
                            }
                        ], 
                        "authtype": "0", 
                        "delay": "300", 
                        "description": "The number of connections that were not successfully established between the load balancer and the registered instances. Because the load balancer retries the connection when there are errors, this count can exceed the request rate. Note that this count also includes any connection errors related to health checks.\r\n\r\nReporting criteria: There is a nonzero value\r\n\r\nStatistics: The most useful statistic is Sum. Note that Average, Minimum, and Maximum are reported per load balancer node and are not typically useful. However, the difference between the minimum and maximum (or peak to average or average to trough) might be useful to determine whether a load balancer node is an outlier.\r\n\r\nExample: Suppose that your load balancer has 2 instances in us-west-2a and 2 instances in us-west-2b, and that attempts to connect to 1 instance in us-west-2a result in back-end connection errors. The sum for us-west-2a includes these connection errors, while the sum for us-west-2b does not include them. Therefore, the sum for the load balancer equals the sum for us-west-2a.", 
                        "history": "90d", 
                        "inventory_link": "0", 
                        "ipmi_sensor": "", 
                        "jmx_endpoint": "", 
                        "key": "cloudwatch.metric[300,SurgeQueueLength,AWS/ELB,Maximum,{$REGION},LoadBalancerName={HOST.HOST},{$ACCOUNT}]", 
                        "logtimefmt": "", 
                        "master_item": [], 
                        "name": "Surge Queue Length", 
                        "params": "", 
                        "password": "", 
                        "port": "", 
                        "preprocessing": [], 
                        "privatekey": "", 
                        "publickey": "", 
                        "snmp_community": "", 
                        "snmp_oid": "", 
                        "snmpv3_authpassphrase": "", 
                        "snmpv3_authprotocol": "0", 
                        "snmpv3_contextname": "", 
                        "snmpv3_privpassphrase": "", 
                        "snmpv3_privprotocol": "0", 
                        "snmpv3_securitylevel": "0", 
                        "snmpv3_securityname": "", 
                        "status": "0", 
                        "trends": "365d", 
                        "type": "10", 
                        "units": "", 
                        "username": "", 
                        "value_type": "0", 
                        "valuemap": []
                    }, 
                    {
                        "allowed_hosts": "", 
                        "applications": [
                            {
                                "name": "ELB"
                            }
                        ], 
                        "authtype": "0", 
                        "delay": "300", 
                        "description": "", 
                        "history": "90d", 
                        "inventory_link": "0", 
                        "ipmi_sensor": "", 
                        "jmx_endpoint": "", 
                        "key": "cloudwatch.metric[300,UnHealthyHostCount,AWS/ELB,Maximum,{$REGION},LoadBalancerName={HOST.HOST},{$ACCOUNT}]", 
                        "logtimefmt": "", 
                        "master_item": [], 
                        "name": "UnHealthy Hosts", 
                        "params": "", 
                        "password": "", 
                        "port": "", 
                        "preprocessing": [], 
                        "privatekey": "", 
                        "publickey": "", 
                        "snmp_community": "", 
                        "snmp_oid": "", 
                        "snmpv3_authpassphrase": "", 
                        "snmpv3_authprotocol": "0", 
                        "snmpv3_contextname": "", 
                        "snmpv3_privpassphrase": "", 
                        "snmpv3_privprotocol": "0", 
                        "snmpv3_securitylevel": "0", 
                        "snmpv3_securityname": "", 
                        "status": "0", 
                        "trends": "365d", 
                        "type": "10", 
                        "units": "hosts", 
                        "username": "", 
                        "value_type": "0", 
                        "valuemap": []
                    }
                ], 
                "macros": [
                    {
                        "macro": "{$HEALTHY_HOST_THRES}", 
                        "value": "2"
                    }
                ], 
                "name": "CORP Template AWS ELB", 
                "screens": [], 
                "template": "CORP Template AWS ELB", 
                "templates": []
            }
        ], 
        "triggers": [
            {
                "correlation_mode": "0", 
                "correlation_tag": "", 
                "dependencies": [
                    {
                        "expression": "{CORP Template AWS ELB:cloudwatch.metric[300,HealthyHostCount,AWS/ELB,Maximum,{$REGION},LoadBalancerName={HOST.HOST},{$ACCOUNT}].count(5m,{$HEALTHY_HOST_THRES},lt)}>0", 
                        "name": "Low number of Healthy Hosts", 
                        "recovery_expression": ""
                    }
                ], 
                "description": "", 
                "expression": "{CORP Template AWS ELB:cloudwatch.metric[300,UnHealthyHostCount,AWS/ELB,Maximum,{$REGION},LoadBalancerName={HOST.HOST},{$ACCOUNT}].count(5m,0,gt)}>0", 
                "manual_close": "0", 
                "name": "High number of UnHealthy Hosts", 
                "priority": "3", 
                "recovery_expression": "", 
                "recovery_mode": "0", 
                "status": "0", 
                "tags": [], 
                "type": "0", 
                "url": ""
            }, 
            {
                "correlation_mode": "0", 
                "correlation_tag": "", 
                "dependencies": [
                    {
                        "expression": "{CORP Template AWS ELB:cloudwatch.metric[300,HealthyHostCount,AWS/ELB,Maximum,{$REGION},LoadBalancerName={HOST.HOST},{$ACCOUNT}].count(5m,1,lt)}>0", 
                        "name": "No Healthy Hosts", 
                        "recovery_expression": ""
                    }
                ], 
                "description": "", 
                "expression": "{CORP Template AWS ELB:cloudwatch.metric[300,HealthyHostCount,AWS/ELB,Maximum,{$REGION},LoadBalancerName={HOST.HOST},{$ACCOUNT}].count(5m,{$HEALTHY_HOST_THRES},lt)}>0", 
                "manual_close": "0", 
                "name": "Low number of Healthy Hosts", 
                "priority": "4", 
                "recovery_expression": "", 
                "recovery_mode": "0", 
                "status": "0", 
                "tags": [], 
                "type": "0", 
                "url": ""
            }, 
            {
                "correlation_mode": "0", 
                "correlation_tag": "", 
                "dependencies": [], 
                "description": "", 
                "expression": "{CORP Template AWS ELB:cloudwatch.metric[300,HealthyHostCount,AWS/ELB,Maximum,{$REGION},LoadBalancerName={HOST.HOST},{$ACCOUNT}].count(5m,1,lt)}>0", 
                "manual_close": "0", 
                "name": "No Healthy Hosts", 
                "priority": "5", 
                "recovery_expression": "", 
                "recovery_mode": "0", 
                "status": "0", 
                "tags": [], 
                "type": "0", 
                "url": ""
            }
        ], 
        "version": "3.4"
    }
}