{
    "zabbix_export": {
        "groups": [
            {
                "name": "CORP/Templates/Cloud"
            }
        ], 
        "templates": [
            {
                "applications": [
                    {
                        "name": "Burst bucket"
                    }, 
                    {
                        "name": "CPU"
                    }, 
                    {
                        "name": "Memory"
                    }, 
                    {
                        "name": "Network"
                    }, 
                    {
                        "name": "RDS"
                    }, 
                    {
                        "name": "RDS Storage"
                    }
                ], 
                "description": "", 
                "discovery_rules": [], 
                "groups": [
                    {
                        "name": "CORP/Templates/Cloud"
                    }
                ], 
                "httptests": [], 
                "items": [
                    {
                        "allowed_hosts": "", 
                        "applications": [
                            {
                                "name": "RDS Storage"
                            }
                        ], 
                        "authtype": "0", 
                        "delay": "300", 
                        "description": "", 
                        "history": "90d", 
                        "inventory_link": "0", 
                        "ipmi_sensor": "", 
                        "jmx_endpoint": "", 
                        "key": "cloudwatch.metric[300,BinLogDiskUsage,AWS/RDS,Maximum,{$REGION},DBInstanceIdentifier={HOST.HOST},{$ACCOUNT}]", 
                        "logtimefmt": "", 
                        "master_item": [], 
                        "name": "Bin Log Disk Usage", 
                        "params": "", 
                        "password": "", 
                        "port": "", 
                        "preprocessing": [], 
                        "privatekey": "", 
                        "publickey": "", 
                        "snmp_community": "", 
                        "snmp_oid": "", 
                        "snmpv3_authpassphrase": "", 
                        "snmpv3_authprotocol": "0", 
                        "snmpv3_contextname": "", 
                        "snmpv3_privpassphrase": "", 
                        "snmpv3_privprotocol": "0", 
                        "snmpv3_securitylevel": "0", 
                        "snmpv3_securityname": "", 
                        "status": "0", 
                        "trends": "365d", 
                        "type": "10", 
                        "units": "B", 
                        "username": "", 
                        "value_type": "0", 
                        "valuemap": []
                    }, 
                    {
                        "allowed_hosts": "", 
                        "applications": [
                            {
                                "name": "CPU"
                            }
                        ], 
                        "authtype": "0", 
                        "delay": "300", 
                        "description": "", 
                        "history": "90d", 
                        "inventory_link": "0", 
                        "ipmi_sensor": "", 
                        "jmx_endpoint": "", 
                        "key": "cloudwatch.metric[300,CPUUtilization,AWS/RDS,Average,{$REGION},DBInstanceIdentifier={HOST.HOST},{$ACCOUNT}]", 
                        "logtimefmt": "", 
                        "master_item": [], 
                        "name": "CPU Usage", 
                        "params": "", 
                        "password": "", 
                        "port": "", 
                        "preprocessing": [], 
                        "privatekey": "", 
                        "publickey": "", 
                        "snmp_community": "", 
                        "snmp_oid": "", 
                        "snmpv3_authpassphrase": "", 
                        "snmpv3_authprotocol": "0", 
                        "snmpv3_contextname": "", 
                        "snmpv3_privpassphrase": "", 
                        "snmpv3_privprotocol": "0", 
                        "snmpv3_securitylevel": "0", 
                        "snmpv3_securityname": "", 
                        "status": "0", 
                        "trends": "365d", 
                        "type": "10", 
                        "units": "%", 
                        "username": "", 
                        "value_type": "0", 
                        "valuemap": []
                    }, 
                    {
                        "allowed_hosts": "", 
                        "applications": [
                            {
                                "name": "RDS"
                            }
                        ], 
                        "authtype": "0", 
                        "delay": "300", 
                        "description": "", 
                        "history": "90d", 
                        "inventory_link": "0", 
                        "ipmi_sensor": "", 
                        "jmx_endpoint": "", 
                        "key": "cloudwatch.metric[300,DatabaseConnections,AWS/RDS,Maximum,{$REGION},DBInstanceIdentifier={HOST.HOST},{$ACCOUNT}]", 
                        "logtimefmt": "", 
                        "master_item": [], 
                        "name": "Database Connections", 
                        "params": "", 
                        "password": "", 
                        "port": "", 
                        "preprocessing": [], 
                        "privatekey": "", 
                        "publickey": "", 
                        "snmp_community": "", 
                        "snmp_oid": "", 
                        "snmpv3_authpassphrase": "", 
                        "snmpv3_authprotocol": "0", 
                        "snmpv3_contextname": "", 
                        "snmpv3_privpassphrase": "", 
                        "snmpv3_privprotocol": "0", 
                        "snmpv3_securitylevel": "0", 
                        "snmpv3_securityname": "", 
                        "status": "0", 
                        "trends": "365d", 
                        "type": "10", 
                        "units": "", 
                        "username": "", 
                        "value_type": "0", 
                        "valuemap": []
                    }, 
                    {
                        "allowed_hosts": "", 
                        "applications": [
                            {
                                "name": "RDS Storage"
                            }
                        ], 
                        "authtype": "0", 
                        "delay": "300", 
                        "description": "", 
                        "history": "90d", 
                        "inventory_link": "0", 
                        "ipmi_sensor": "", 
                        "jmx_endpoint": "", 
                        "key": "cloudwatch.metric[300,DiskQueueDepth,AWS/RDS,Average,{$REGION},DBInstanceIdentifier={HOST.HOST},{$ACCOUNT}]", 
                        "logtimefmt": "", 
                        "master_item": [], 
                        "name": "Disk Queue Depth", 
                        "params": "", 
                        "password": "", 
                        "port": "", 
                        "preprocessing": [], 
                        "privatekey": "", 
                        "publickey": "", 
                        "snmp_community": "", 
                        "snmp_oid": "", 
                        "snmpv3_authpassphrase": "", 
                        "snmpv3_authprotocol": "0", 
                        "snmpv3_contextname": "", 
                        "snmpv3_privpassphrase": "", 
                        "snmpv3_privprotocol": "0", 
                        "snmpv3_securitylevel": "0", 
                        "snmpv3_securityname": "", 
                        "status": "0", 
                        "trends": "365d", 
                        "type": "10", 
                        "units": "", 
                        "username": "", 
                        "value_type": "0", 
                        "valuemap": []
                    }, 
                    {
                        "allowed_hosts": "", 
                        "applications": [
                            {
                                "name": "Memory"
                            }
                        ], 
                        "authtype": "0", 
                        "delay": "300", 
                        "description": "", 
                        "history": "90d", 
                        "inventory_link": "0", 
                        "ipmi_sensor": "", 
                        "jmx_endpoint": "", 
                        "key": "cloudwatch.metric[300,FreeableMemory,AWS/RDS,Average,{$REGION},DBInstanceIdentifier={HOST.HOST},{$ACCOUNT}]", 
                        "logtimefmt": "", 
                        "master_item": [], 
                        "name": "Freeable Memory", 
                        "params": "", 
                        "password": "", 
                        "port": "", 
                        "preprocessing": [], 
                        "privatekey": "", 
                        "publickey": "", 
                        "snmp_community": "", 
                        "snmp_oid": "", 
                        "snmpv3_authpassphrase": "", 
                        "snmpv3_authprotocol": "0", 
                        "snmpv3_contextname": "", 
                        "snmpv3_privpassphrase": "", 
                        "snmpv3_privprotocol": "0", 
                        "snmpv3_securitylevel": "0", 
                        "snmpv3_securityname": "", 
                        "status": "0", 
                        "trends": "365d", 
                        "type": "10", 
                        "units": "B", 
                        "username": "", 
                        "value_type": "0", 
                        "valuemap": []
                    }, 
                    {
                        "allowed_hosts": "", 
                        "applications": [
                            {
                                "name": "RDS Storage"
                            }
                        ], 
                        "authtype": "0", 
                        "delay": "300", 
                        "description": "", 
                        "history": "90d", 
                        "inventory_link": "0", 
                        "ipmi_sensor": "", 
                        "jmx_endpoint": "", 
                        "key": "cloudwatch.metric[300,FreeStorageSpace,AWS/RDS,Average,{$REGION},DBInstanceIdentifier={HOST.HOST},{$ACCOUNT}]", 
                        "logtimefmt": "", 
                        "master_item": [], 
                        "name": "Free storage space", 
                        "params": "", 
                        "password": "", 
                        "port": "", 
                        "preprocessing": [], 
                        "privatekey": "", 
                        "publickey": "", 
                        "snmp_community": "", 
                        "snmp_oid": "", 
                        "snmpv3_authpassphrase": "", 
                        "snmpv3_authprotocol": "0", 
                        "snmpv3_contextname": "", 
                        "snmpv3_privpassphrase": "", 
                        "snmpv3_privprotocol": "0", 
                        "snmpv3_securitylevel": "0", 
                        "snmpv3_securityname": "", 
                        "status": "0", 
                        "trends": "365d", 
                        "type": "10", 
                        "units": "B", 
                        "username": "", 
                        "value_type": "0", 
                        "valuemap": []
                    }, 
                    {
                        "allowed_hosts": "", 
                        "applications": [
                            {
                                "name": "Network"
                            }
                        ], 
                        "authtype": "0", 
                        "delay": "300", 
                        "description": "", 
                        "history": "90d", 
                        "inventory_link": "0", 
                        "ipmi_sensor": "", 
                        "jmx_endpoint": "", 
                        "key": "cloudwatch.metric[300,NetworkReceiveThroughput,AWS/RDS,Average,{$REGION},DBInstanceIdentifier={HOST.HOST},{$ACCOUNT}]", 
                        "logtimefmt": "", 
                        "master_item": [], 
                        "name": "Network Receive Throughput", 
                        "params": "", 
                        "password": "", 
                        "port": "", 
                        "preprocessing": [], 
                        "privatekey": "", 
                        "publickey": "", 
                        "snmp_community": "", 
                        "snmp_oid": "", 
                        "snmpv3_authpassphrase": "", 
                        "snmpv3_authprotocol": "0", 
                        "snmpv3_contextname": "", 
                        "snmpv3_privpassphrase": "", 
                        "snmpv3_privprotocol": "0", 
                        "snmpv3_securitylevel": "0", 
                        "snmpv3_securityname": "", 
                        "status": "0", 
                        "trends": "365d", 
                        "type": "10", 
                        "units": "Bps", 
                        "username": "", 
                        "value_type": "0", 
                        "valuemap": []
                    }, 
                    {
                        "allowed_hosts": "", 
                        "applications": [
                            {
                                "name": "Network"
                            }
                        ], 
                        "authtype": "0", 
                        "delay": "300", 
                        "description": "", 
                        "history": "90d", 
                        "inventory_link": "0", 
                        "ipmi_sensor": "", 
                        "jmx_endpoint": "", 
                        "key": "cloudwatch.metric[300,NetworkTransmitThroughput,AWS/RDS,Average,{$REGION},DBInstanceIdentifier={HOST.HOST},{$ACCOUNT}]", 
                        "logtimefmt": "", 
                        "master_item": [], 
                        "name": "Network Transmit Throughput", 
                        "params": "", 
                        "password": "", 
                        "port": "", 
                        "preprocessing": [], 
                        "privatekey": "", 
                        "publickey": "", 
                        "snmp_community": "", 
                        "snmp_oid": "", 
                        "snmpv3_authpassphrase": "", 
                        "snmpv3_authprotocol": "0", 
                        "snmpv3_contextname": "", 
                        "snmpv3_privpassphrase": "", 
                        "snmpv3_privprotocol": "0", 
                        "snmpv3_securitylevel": "0", 
                        "snmpv3_securityname": "", 
                        "status": "0", 
                        "trends": "365d", 
                        "type": "10", 
                        "units": "Bps", 
                        "username": "", 
                        "value_type": "0", 
                        "valuemap": []
                    }, 
                    {
                        "allowed_hosts": "", 
                        "applications": [
                            {
                                "name": "RDS Storage"
                            }
                        ], 
                        "authtype": "0", 
                        "delay": "300", 
                        "description": "", 
                        "history": "90d", 
                        "inventory_link": "0", 
                        "ipmi_sensor": "", 
                        "jmx_endpoint": "", 
                        "key": "cloudwatch.metric[300,ReadIOPS,AWS/RDS,Average,{$REGION},DBInstanceIdentifier={HOST.HOST},{$ACCOUNT}]", 
                        "logtimefmt": "", 
                        "master_item": [], 
                        "name": "Read IOPS", 
                        "params": "", 
                        "password": "", 
                        "port": "", 
                        "preprocessing": [], 
                        "privatekey": "", 
                        "publickey": "", 
                        "snmp_community": "", 
                        "snmp_oid": "", 
                        "snmpv3_authpassphrase": "", 
                        "snmpv3_authprotocol": "0", 
                        "snmpv3_contextname": "", 
                        "snmpv3_privpassphrase": "", 
                        "snmpv3_privprotocol": "0", 
                        "snmpv3_securitylevel": "0", 
                        "snmpv3_securityname": "", 
                        "status": "0", 
                        "trends": "365d", 
                        "type": "10", 
                        "units": "Operations/s", 
                        "username": "", 
                        "value_type": "0", 
                        "valuemap": []
                    }, 
                    {
                        "allowed_hosts": "", 
                        "applications": [
                            {
                                "name": "RDS Storage"
                            }
                        ], 
                        "authtype": "0", 
                        "delay": "300", 
                        "description": "", 
                        "history": "90d", 
                        "inventory_link": "0", 
                        "ipmi_sensor": "", 
                        "jmx_endpoint": "", 
                        "key": "cloudwatch.metric[300,ReadLatency,AWS/RDS,Average,{$REGION},DBInstanceIdentifier={HOST.HOST},{$ACCOUNT}]", 
                        "logtimefmt": "", 
                        "master_item": [], 
                        "name": "Read Latency", 
                        "params": "", 
                        "password": "", 
                        "port": "", 
                        "preprocessing": [], 
                        "privatekey": "", 
                        "publickey": "", 
                        "snmp_community": "", 
                        "snmp_oid": "", 
                        "snmpv3_authpassphrase": "", 
                        "snmpv3_authprotocol": "0", 
                        "snmpv3_contextname": "", 
                        "snmpv3_privpassphrase": "", 
                        "snmpv3_privprotocol": "0", 
                        "snmpv3_securitylevel": "0", 
                        "snmpv3_securityname": "", 
                        "status": "0", 
                        "trends": "365d", 
                        "type": "10", 
                        "units": "s", 
                        "username": "", 
                        "value_type": "0", 
                        "valuemap": []
                    }, 
                    {
                        "allowed_hosts": "", 
                        "applications": [
                            {
                                "name": "RDS Storage"
                            }
                        ], 
                        "authtype": "0", 
                        "delay": "300", 
                        "description": "", 
                        "history": "90d", 
                        "inventory_link": "0", 
                        "ipmi_sensor": "", 
                        "jmx_endpoint": "", 
                        "key": "cloudwatch.metric[300,ReadThroughput,AWS/RDS,Average,{$REGION},DBInstanceIdentifier={HOST.HOST},{$ACCOUNT}]", 
                        "logtimefmt": "", 
                        "master_item": [], 
                        "name": "Read Throughput", 
                        "params": "", 
                        "password": "", 
                        "port": "", 
                        "preprocessing": [], 
                        "privatekey": "", 
                        "publickey": "", 
                        "snmp_community": "", 
                        "snmp_oid": "", 
                        "snmpv3_authpassphrase": "", 
                        "snmpv3_authprotocol": "0", 
                        "snmpv3_contextname": "", 
                        "snmpv3_privpassphrase": "", 
                        "snmpv3_privprotocol": "0", 
                        "snmpv3_securitylevel": "0", 
                        "snmpv3_securityname": "", 
                        "status": "0", 
                        "trends": "365d", 
                        "type": "10", 
                        "units": "Bps", 
                        "username": "", 
                        "value_type": "0", 
                        "valuemap": []
                    }, 
                    {
                        "allowed_hosts": "", 
                        "applications": [
                            {
                                "name": "RDS"
                            }
                        ], 
                        "authtype": "0", 
                        "delay": "300", 
                        "description": "", 
                        "history": "90d", 
                        "inventory_link": "0", 
                        "ipmi_sensor": "", 
                        "jmx_endpoint": "", 
                        "key": "cloudwatch.metric[300,ReplicaLag,AWS/RDS,Average,{$REGION},DBInstanceIdentifier={HOST.HOST},{$ACCOUNT}]", 
                        "logtimefmt": "", 
                        "master_item": [], 
                        "name": "Replica Lag", 
                        "params": "", 
                        "password": "", 
                        "port": "", 
                        "preprocessing": [], 
                        "privatekey": "", 
                        "publickey": "", 
                        "snmp_community": "", 
                        "snmp_oid": "", 
                        "snmpv3_authpassphrase": "", 
                        "snmpv3_authprotocol": "0", 
                        "snmpv3_contextname": "", 
                        "snmpv3_privpassphrase": "", 
                        "snmpv3_privprotocol": "0", 
                        "snmpv3_securitylevel": "0", 
                        "snmpv3_securityname": "", 
                        "status": "0", 
                        "trends": "365d", 
                        "type": "10", 
                        "units": "s", 
                        "username": "", 
                        "value_type": "0", 
                        "valuemap": []
                    }, 
                    {
                        "allowed_hosts": "", 
                        "applications": [
                            {
                                "name": "RDS Storage"
                            }
                        ], 
                        "authtype": "0", 
                        "delay": "300", 
                        "description": "", 
                        "history": "90d", 
                        "inventory_link": "0", 
                        "ipmi_sensor": "", 
                        "jmx_endpoint": "", 
                        "key": "cloudwatch.metric[300,SwapUsage,AWS/RDS,Average,{$REGION},DBInstanceIdentifier={HOST.HOST},{$ACCOUNT}]", 
                        "logtimefmt": "", 
                        "master_item": [], 
                        "name": "Swap Usage", 
                        "params": "", 
                        "password": "", 
                        "port": "", 
                        "preprocessing": [], 
                        "privatekey": "", 
                        "publickey": "", 
                        "snmp_community": "", 
                        "snmp_oid": "", 
                        "snmpv3_authpassphrase": "", 
                        "snmpv3_authprotocol": "0", 
                        "snmpv3_contextname": "", 
                        "snmpv3_privpassphrase": "", 
                        "snmpv3_privprotocol": "0", 
                        "snmpv3_securitylevel": "0", 
                        "snmpv3_securityname": "", 
                        "status": "0", 
                        "trends": "365d", 
                        "type": "10", 
                        "units": "B", 
                        "username": "", 
                        "value_type": "0", 
                        "valuemap": []
                    }, 
                    {
                        "allowed_hosts": "", 
                        "applications": [
                            {
                                "name": "RDS Storage"
                            }
                        ], 
                        "authtype": "0", 
                        "delay": "300", 
                        "description": "", 
                        "history": "90d", 
                        "inventory_link": "0", 
                        "ipmi_sensor": "", 
                        "jmx_endpoint": "", 
                        "key": "cloudwatch.metric[300,WriteIOPS,AWS/RDS,Average,{$REGION},DBInstanceIdentifier={HOST.HOST},{$ACCOUNT}]", 
                        "logtimefmt": "", 
                        "master_item": [], 
                        "name": "Write IOPS", 
                        "params": "", 
                        "password": "", 
                        "port": "", 
                        "preprocessing": [], 
                        "privatekey": "", 
                        "publickey": "", 
                        "snmp_community": "", 
                        "snmp_oid": "", 
                        "snmpv3_authpassphrase": "", 
                        "snmpv3_authprotocol": "0", 
                        "snmpv3_contextname": "", 
                        "snmpv3_privpassphrase": "", 
                        "snmpv3_privprotocol": "0", 
                        "snmpv3_securitylevel": "0", 
                        "snmpv3_securityname": "", 
                        "status": "0", 
                        "trends": "365d", 
                        "type": "10", 
                        "units": "Operations/s", 
                        "username": "", 
                        "value_type": "0", 
                        "valuemap": []
                    }, 
                    {
                        "allowed_hosts": "", 
                        "applications": [
                            {
                                "name": "RDS Storage"
                            }
                        ], 
                        "authtype": "0", 
                        "delay": "300", 
                        "description": "", 
                        "history": "90d", 
                        "inventory_link": "0", 
                        "ipmi_sensor": "", 
                        "jmx_endpoint": "", 
                        "key": "cloudwatch.metric[300,WriteLatency,AWS/RDS,Average,{$REGION},DBInstanceIdentifier={HOST.HOST},{$ACCOUNT}]", 
                        "logtimefmt": "", 
                        "master_item": [], 
                        "name": "Write Latency", 
                        "params": "", 
                        "password": "", 
                        "port": "", 
                        "preprocessing": [], 
                        "privatekey": "", 
                        "publickey": "", 
                        "snmp_community": "", 
                        "snmp_oid": "", 
                        "snmpv3_authpassphrase": "", 
                        "snmpv3_authprotocol": "0", 
                        "snmpv3_contextname": "", 
                        "snmpv3_privpassphrase": "", 
                        "snmpv3_privprotocol": "0", 
                        "snmpv3_securitylevel": "0", 
                        "snmpv3_securityname": "", 
                        "status": "0", 
                        "trends": "365d", 
                        "type": "10", 
                        "units": "s", 
                        "username": "", 
                        "value_type": "0", 
                        "valuemap": []
                    }, 
                    {
                        "allowed_hosts": "", 
                        "applications": [
                            {
                                "name": "RDS Storage"
                            }
                        ], 
                        "authtype": "0", 
                        "delay": "300", 
                        "description": "", 
                        "history": "90d", 
                        "inventory_link": "0", 
                        "ipmi_sensor": "", 
                        "jmx_endpoint": "", 
                        "key": "cloudwatch.metric[300,WriteThroughput,AWS/RDS,Average,{$REGION},DBInstanceIdentifier={HOST.HOST},{$ACCOUNT}]", 
                        "logtimefmt": "", 
                        "master_item": [], 
                        "name": "Write Throughput", 
                        "params": "", 
                        "password": "", 
                        "port": "", 
                        "preprocessing": [], 
                        "privatekey": "", 
                        "publickey": "", 
                        "snmp_community": "", 
                        "snmp_oid": "", 
                        "snmpv3_authpassphrase": "", 
                        "snmpv3_authprotocol": "0", 
                        "snmpv3_contextname": "", 
                        "snmpv3_privpassphrase": "", 
                        "snmpv3_privprotocol": "0", 
                        "snmpv3_securitylevel": "0", 
                        "snmpv3_securityname": "", 
                        "status": "0", 
                        "trends": "365d", 
                        "type": "10", 
                        "units": "Bps", 
                        "username": "", 
                        "value_type": "0", 
                        "valuemap": []
                    }
                ], 
                "macros": [], 
                "name": "CORP Template AWS RDS Instance", 
                "screens": [], 
                "template": "CORP Template AWS RDS Instance", 
                "templates": []
            }
        ], 
        "version": "3.4"
    }
}