{
    "zabbix_export": {
        "groups": [
            {
                "name": "CORP/Templates/Modules"
            }
        ], 
        "templates": [
            {
                "applications": [
                    {
                        "name": "Sessions"
                    }, 
                    {
                        "name": "Tomcat"
                    }
                ], 
                "description": "", 
                "discovery_rules": [
                    {
                        "allowed_hosts": "", 
                        "authtype": "0", 
                        "delay": "1h", 
                        "description": "", 
                        "filter": {
                            "conditions": [], 
                            "evaltype": "0", 
                            "formula": ""
                        }, 
                        "graph_prototypes": [
                            {
                                "graph_items": [
                                    {
                                        "calc_fnc": "2", 
                                        "color": "1A7C11", 
                                        "drawtype": "0", 
                                        "item": {
                                            "host": "CORP Template Module Java Catalina", 
                                            "key": "jmx[\"{#JMXOBJ}\",accessCount]"
                                        }, 
                                        "sortorder": "0", 
                                        "type": "0", 
                                        "yaxisside": "1"
                                    }, 
                                    {
                                        "calc_fnc": "2", 
                                        "color": "F63100", 
                                        "drawtype": "0", 
                                        "item": {
                                            "host": "CORP Template Module Java Catalina", 
                                            "key": "jmx[\"{#JMXOBJ}\",hitsCount]"
                                        }, 
                                        "sortorder": "1", 
                                        "type": "0", 
                                        "yaxisside": "1"
                                    }, 
                                    {
                                        "calc_fnc": "2", 
                                        "color": "2774A4", 
                                        "drawtype": "0", 
                                        "item": {
                                            "host": "CORP Template Module Java Catalina", 
                                            "key": "jmx[\"{#JMXOBJ}\",cacheMaxSize]"
                                        }, 
                                        "sortorder": "2", 
                                        "type": "0", 
                                        "yaxisside": "0"
                                    }, 
                                    {
                                        "calc_fnc": "2", 
                                        "color": "A54F10", 
                                        "drawtype": "0", 
                                        "item": {
                                            "host": "CORP Template Module Java Catalina", 
                                            "key": "jmx[\"{#JMXOBJ}\",cacheSize]"
                                        }, 
                                        "sortorder": "3", 
                                        "type": "0", 
                                        "yaxisside": "0"
                                    }
                                ], 
                                "height": "200", 
                                "name": "{#JMXHOST}{#JMXCONTEXT} cache", 
                                "percent_left": "0.0000", 
                                "percent_right": "0.0000", 
                                "show_3d": "0", 
                                "show_legend": "1", 
                                "show_triggers": "1", 
                                "show_work_period": "1", 
                                "type": "0", 
                                "width": "900", 
                                "yaxismax": "100.0000", 
                                "yaxismin": "0.0000", 
                                "ymax_item_1": "0", 
                                "ymax_type_1": "0", 
                                "ymin_item_1": "0", 
                                "ymin_type_1": "0"
                            }
                        ], 
                        "host_prototypes": [], 
                        "ipmi_sensor": "", 
                        "item_prototypes": [
                            {
                                "allowed_hosts": "", 
                                "application_prototypes": [
                                    {
                                        "name": "Cache {#JMXHOST}{#JMXCONTEXT}"
                                    }, 
                                    {
                                        "name": "{#JMXHOST}{#JMXCONTEXT}"
                                    }
                                ], 
                                "applications": [], 
                                "authtype": "0", 
                                "delay": "1m", 
                                "description": "", 
                                "history": "90d", 
                                "inventory_link": "0", 
                                "ipmi_sensor": "", 
                                "jmx_endpoint": "service:jmx:rmi:///jndi/rmi://{HOST.CONN}:{HOST.PORT}/jmxrmi", 
                                "key": "jmx[\"{#JMXOBJ}\",accessCount]", 
                                "logtimefmt": "", 
                                "master_item_prototype": [], 
                                "name": "{#JMXHOST}{#JMXCONTEXT} access per second", 
                                "params": "", 
                                "password": "{$JMX_PASSWORD}", 
                                "port": "", 
                                "preprocessing": [
                                    {
                                        "params": "", 
                                        "type": "10"
                                    }
                                ], 
                                "privatekey": "", 
                                "publickey": "", 
                                "snmp_community": "", 
                                "snmp_oid": "", 
                                "snmpv3_authpassphrase": "", 
                                "snmpv3_authprotocol": "0", 
                                "snmpv3_contextname": "", 
                                "snmpv3_privpassphrase": "", 
                                "snmpv3_privprotocol": "0", 
                                "snmpv3_securitylevel": "0", 
                                "snmpv3_securityname": "", 
                                "status": "0", 
                                "trends": "365d", 
                                "type": "16", 
                                "units": "", 
                                "username": "{$JMX_USER}", 
                                "value_type": "0", 
                                "valuemap": []
                            }, 
                            {
                                "allowed_hosts": "", 
                                "application_prototypes": [
                                    {
                                        "name": "Cache {#JMXHOST}{#JMXCONTEXT}"
                                    }, 
                                    {
                                        "name": "{#JMXHOST}{#JMXCONTEXT}"
                                    }
                                ], 
                                "applications": [], 
                                "authtype": "0", 
                                "delay": "1h", 
                                "description": "", 
                                "history": "90d", 
                                "inventory_link": "0", 
                                "ipmi_sensor": "", 
                                "jmx_endpoint": "service:jmx:rmi:///jndi/rmi://{HOST.CONN}:{HOST.PORT}/jmxrmi", 
                                "key": "jmx[\"{#JMXOBJ}\",cacheMaxSize]", 
                                "logtimefmt": "", 
                                "master_item_prototype": [], 
                                "name": "{#JMXHOST}{#JMXCONTEXT} max size", 
                                "params": "", 
                                "password": "{$JMX_PASSWORD}", 
                                "port": "", 
                                "preprocessing": [], 
                                "privatekey": "", 
                                "publickey": "", 
                                "snmp_community": "", 
                                "snmp_oid": "", 
                                "snmpv3_authpassphrase": "", 
                                "snmpv3_authprotocol": "0", 
                                "snmpv3_contextname": "", 
                                "snmpv3_privpassphrase": "", 
                                "snmpv3_privprotocol": "0", 
                                "snmpv3_securitylevel": "0", 
                                "snmpv3_securityname": "", 
                                "status": "0", 
                                "trends": "365d", 
                                "type": "16", 
                                "units": "B", 
                                "username": "{$JMX_USER}", 
                                "value_type": "3", 
                                "valuemap": []
                            }, 
                            {
                                "allowed_hosts": "", 
                                "application_prototypes": [
                                    {
                                        "name": "Cache {#JMXHOST}{#JMXCONTEXT}"
                                    }, 
                                    {
                                        "name": "{#JMXHOST}{#JMXCONTEXT}"
                                    }
                                ], 
                                "applications": [], 
                                "authtype": "0", 
                                "delay": "1m", 
                                "description": "", 
                                "history": "90d", 
                                "inventory_link": "0", 
                                "ipmi_sensor": "", 
                                "jmx_endpoint": "service:jmx:rmi:///jndi/rmi://{HOST.CONN}:{HOST.PORT}/jmxrmi", 
                                "key": "jmx[\"{#JMXOBJ}\",cacheSize]", 
                                "logtimefmt": "", 
                                "master_item_prototype": [], 
                                "name": "{#JMXHOST}{#JMXCONTEXT} size", 
                                "params": "", 
                                "password": "{$JMX_PASSWORD}", 
                                "port": "", 
                                "preprocessing": [], 
                                "privatekey": "", 
                                "publickey": "", 
                                "snmp_community": "", 
                                "snmp_oid": "", 
                                "snmpv3_authpassphrase": "", 
                                "snmpv3_authprotocol": "0", 
                                "snmpv3_contextname": "", 
                                "snmpv3_privpassphrase": "", 
                                "snmpv3_privprotocol": "0", 
                                "snmpv3_securitylevel": "0", 
                                "snmpv3_securityname": "", 
                                "status": "0", 
                                "trends": "365d", 
                                "type": "16", 
                                "units": "B", 
                                "username": "{$JMX_USER}", 
                                "value_type": "3", 
                                "valuemap": []
                            }, 
                            {
                                "allowed_hosts": "", 
                                "application_prototypes": [
                                    {
                                        "name": "Cache {#JMXHOST}{#JMXCONTEXT}"
                                    }, 
                                    {
                                        "name": "{#JMXHOST}{#JMXCONTEXT}"
                                    }
                                ], 
                                "applications": [], 
                                "authtype": "0", 
                                "delay": "1m", 
                                "description": "", 
                                "history": "90d", 
                                "inventory_link": "0", 
                                "ipmi_sensor": "", 
                                "jmx_endpoint": "service:jmx:rmi:///jndi/rmi://{HOST.CONN}:{HOST.PORT}/jmxrmi", 
                                "key": "jmx[\"{#JMXOBJ}\",hitsCount]", 
                                "logtimefmt": "", 
                                "master_item_prototype": [], 
                                "name": "{#JMXHOST}{#JMXCONTEXT} hits per second", 
                                "params": "", 
                                "password": "{$JMX_PASSWORD}", 
                                "port": "", 
                                "preprocessing": [
                                    {
                                        "params": "", 
                                        "type": "10"
                                    }
                                ], 
                                "privatekey": "", 
                                "publickey": "", 
                                "snmp_community": "", 
                                "snmp_oid": "", 
                                "snmpv3_authpassphrase": "", 
                                "snmpv3_authprotocol": "0", 
                                "snmpv3_contextname": "", 
                                "snmpv3_privpassphrase": "", 
                                "snmpv3_privprotocol": "0", 
                                "snmpv3_securitylevel": "0", 
                                "snmpv3_securityname": "", 
                                "status": "0", 
                                "trends": "365d", 
                                "type": "16", 
                                "units": "", 
                                "username": "{$JMX_USER}", 
                                "value_type": "0", 
                                "valuemap": []
                            }
                        ], 
                        "jmx_endpoint": "service:jmx:rmi:///jndi/rmi://{HOST.CONN}:{HOST.PORT}/jmxrmi", 
                        "key": "jmx.discovery[beans,\"Catalina:type=Cache,host=*,context=*\"]", 
                        "lifetime": "30d", 
                        "name": "Catalina Cache", 
                        "params": "", 
                        "password": "{$JMX_PASSWORD}", 
                        "port": "", 
                        "privatekey": "", 
                        "publickey": "", 
                        "snmp_community": "", 
                        "snmp_oid": "", 
                        "snmpv3_authpassphrase": "", 
                        "snmpv3_authprotocol": "0", 
                        "snmpv3_contextname": "", 
                        "snmpv3_privpassphrase": "", 
                        "snmpv3_privprotocol": "0", 
                        "snmpv3_securitylevel": "0", 
                        "snmpv3_securityname": "", 
                        "status": "0", 
                        "trigger_prototypes": [
                            {
                                "correlation_mode": "0", 
                                "correlation_tag": "", 
                                "dependencies": [], 
                                "description": "", 
                                "expression": "{CORP Template Module Java Catalina:jmx[\"{#JMXOBJ}\",hitsCount].avg(5m)}<({CORP Template Module Java Catalina:jmx[\"{#JMXOBJ}\",accessCount].avg(5m)}*({$JMX_CAT_CACHE_HIT:\"{#JMXHOST}{#JMXCONTEXT}\"}/100))", 
                                "manual_close": "0", 
                                "name": "{$JMX_CAT_CACHE_HIT:\"{#JMXHOST}{#JMXCONTEXT}\"}% Cache miss {#JMXHOST}{#JMXCONTEXT} on {HOST.NAME}", 
                                "priority": "2", 
                                "recovery_expression": "", 
                                "recovery_mode": "0", 
                                "status": "0", 
                                "tags": [], 
                                "type": "0", 
                                "url": ""
                            }, 
                            {
                                "correlation_mode": "0", 
                                "correlation_tag": "", 
                                "dependencies": [], 
                                "description": "", 
                                "expression": "{CORP Template Module Java Catalina:jmx[\"{#JMXOBJ}\",cacheSize].avg(5m)}<({CORP Template Module Java Catalina:jmx[\"{#JMXOBJ}\",cacheMaxSize].avg(5m)}*({$JMX_CAT_CACHE_SIZE:\"{#JMXHOST}{#JMXCONTEXT}\"}/100))", 
                                "manual_close": "0", 
                                "name": "{$JMX_CAT_CACHE_SIZE:\"{#JMXHOST}{#JMXCONTEXT}\"}% Cache populated of {#JMXHOST}{#JMXCONTEXT} on {HOST.NAME}", 
                                "priority": "1", 
                                "recovery_expression": "", 
                                "recovery_mode": "0", 
                                "status": "0", 
                                "tags": [], 
                                "type": "0", 
                                "url": ""
                            }
                        ], 
                        "type": "16", 
                        "username": "{$JMX_USER}"
                    }, 
                    {
                        "allowed_hosts": "", 
                        "authtype": "0", 
                        "delay": "1h", 
                        "description": "", 
                        "filter": {
                            "conditions": [], 
                            "evaltype": "0", 
                            "formula": ""
                        }, 
                        "graph_prototypes": [
                            {
                                "graph_items": [
                                    {
                                        "calc_fnc": "2", 
                                        "color": "1A7C11", 
                                        "drawtype": "0", 
                                        "item": {
                                            "host": "CORP Template Module Java Catalina", 
                                            "key": "jmx[\"{#JMXOBJ}\", bytesReceived]"
                                        }, 
                                        "sortorder": "0", 
                                        "type": "0", 
                                        "yaxisside": "0"
                                    }, 
                                    {
                                        "calc_fnc": "2", 
                                        "color": "F63100", 
                                        "drawtype": "0", 
                                        "item": {
                                            "host": "CORP Template Module Java Catalina", 
                                            "key": "jmx[\"{#JMXOBJ}\", bytesSent]"
                                        }, 
                                        "sortorder": "1", 
                                        "type": "0", 
                                        "yaxisside": "0"
                                    }, 
                                    {
                                        "calc_fnc": "2", 
                                        "color": "FC6EA3", 
                                        "drawtype": "0", 
                                        "item": {
                                            "host": "CORP Template Module Java Catalina", 
                                            "key": "jmx[\"{#JMXOBJ}\", errorCount]"
                                        }, 
                                        "sortorder": "2", 
                                        "type": "0", 
                                        "yaxisside": "1"
                                    }, 
                                    {
                                        "calc_fnc": "2", 
                                        "color": "6C59DC", 
                                        "drawtype": "0", 
                                        "item": {
                                            "host": "CORP Template Module Java Catalina", 
                                            "key": "jmx[\"{#JMXOBJ}\", requestCount]"
                                        }, 
                                        "sortorder": "3", 
                                        "type": "0", 
                                        "yaxisside": "1"
                                    }
                                ], 
                                "height": "200", 
                                "name": "{#JMXNAME} Traffic", 
                                "percent_left": "0.0000", 
                                "percent_right": "0.0000", 
                                "show_3d": "0", 
                                "show_legend": "1", 
                                "show_triggers": "1", 
                                "show_work_period": "1", 
                                "type": "0", 
                                "width": "900", 
                                "yaxismax": "100.0000", 
                                "yaxismin": "0.0000", 
                                "ymax_item_1": "0", 
                                "ymax_type_1": "0", 
                                "ymin_item_1": "0", 
                                "ymin_type_1": "0"
                            }
                        ], 
                        "host_prototypes": [], 
                        "ipmi_sensor": "", 
                        "item_prototypes": [
                            {
                                "allowed_hosts": "", 
                                "application_prototypes": [
                                    {
                                        "name": "Global Request Processor {#JMXNAME}"
                                    }, 
                                    {
                                        "name": "{#JMXNAME}"
                                    }
                                ], 
                                "applications": [], 
                                "authtype": "0", 
                                "delay": "1m", 
                                "description": "", 
                                "history": "90d", 
                                "inventory_link": "0", 
                                "ipmi_sensor": "", 
                                "jmx_endpoint": "service:jmx:rmi:///jndi/rmi://{HOST.CONN}:{HOST.PORT}/jmxrmi", 
                                "key": "jmx[\"{#JMXOBJ}\", bytesReceived]", 
                                "logtimefmt": "", 
                                "master_item_prototype": [], 
                                "name": "{#JMXNAME} bytes recieved per second", 
                                "params": "", 
                                "password": "{$JMX_PASSWORD}", 
                                "port": "", 
                                "preprocessing": [
                                    {
                                        "params": "", 
                                        "type": "10"
                                    }
                                ], 
                                "privatekey": "", 
                                "publickey": "", 
                                "snmp_community": "", 
                                "snmp_oid": "", 
                                "snmpv3_authpassphrase": "", 
                                "snmpv3_authprotocol": "0", 
                                "snmpv3_contextname": "", 
                                "snmpv3_privpassphrase": "", 
                                "snmpv3_privprotocol": "0", 
                                "snmpv3_securitylevel": "0", 
                                "snmpv3_securityname": "", 
                                "status": "0", 
                                "trends": "365d", 
                                "type": "16", 
                                "units": "B", 
                                "username": "{$JMX_USER}", 
                                "value_type": "0", 
                                "valuemap": []
                            }, 
                            {
                                "allowed_hosts": "", 
                                "application_prototypes": [
                                    {
                                        "name": "Global Request Processor {#JMXNAME}"
                                    }, 
                                    {
                                        "name": "{#JMXNAME}"
                                    }
                                ], 
                                "applications": [], 
                                "authtype": "0", 
                                "delay": "1m", 
                                "description": "", 
                                "history": "90d", 
                                "inventory_link": "0", 
                                "ipmi_sensor": "", 
                                "jmx_endpoint": "service:jmx:rmi:///jndi/rmi://{HOST.CONN}:{HOST.PORT}/jmxrmi", 
                                "key": "jmx[\"{#JMXOBJ}\", bytesSent]", 
                                "logtimefmt": "", 
                                "master_item_prototype": [], 
                                "name": "{#JMXNAME} bytes sent per second", 
                                "params": "", 
                                "password": "{$JMX_PASSWORD}", 
                                "port": "", 
                                "preprocessing": [
                                    {
                                        "params": "", 
                                        "type": "10"
                                    }
                                ], 
                                "privatekey": "", 
                                "publickey": "", 
                                "snmp_community": "", 
                                "snmp_oid": "", 
                                "snmpv3_authpassphrase": "", 
                                "snmpv3_authprotocol": "0", 
                                "snmpv3_contextname": "", 
                                "snmpv3_privpassphrase": "", 
                                "snmpv3_privprotocol": "0", 
                                "snmpv3_securitylevel": "0", 
                                "snmpv3_securityname": "", 
                                "status": "0", 
                                "trends": "365d", 
                                "type": "16", 
                                "units": "B", 
                                "username": "{$JMX_USER}", 
                                "value_type": "0", 
                                "valuemap": []
                            }, 
                            {
                                "allowed_hosts": "", 
                                "application_prototypes": [
                                    {
                                        "name": "Global Request Processor {#JMXNAME}"
                                    }, 
                                    {
                                        "name": "{#JMXNAME}"
                                    }
                                ], 
                                "applications": [], 
                                "authtype": "0", 
                                "delay": "1m", 
                                "description": "", 
                                "history": "90d", 
                                "inventory_link": "0", 
                                "ipmi_sensor": "", 
                                "jmx_endpoint": "service:jmx:rmi:///jndi/rmi://{HOST.CONN}:{HOST.PORT}/jmxrmi", 
                                "key": "jmx[\"{#JMXOBJ}\", errorCount]", 
                                "logtimefmt": "", 
                                "master_item_prototype": [], 
                                "name": "{#JMXNAME} errors per second", 
                                "params": "", 
                                "password": "{$JMX_PASSWORD}", 
                                "port": "", 
                                "preprocessing": [
                                    {
                                        "params": "", 
                                        "type": "10"
                                    }
                                ], 
                                "privatekey": "", 
                                "publickey": "", 
                                "snmp_community": "", 
                                "snmp_oid": "", 
                                "snmpv3_authpassphrase": "", 
                                "snmpv3_authprotocol": "0", 
                                "snmpv3_contextname": "", 
                                "snmpv3_privpassphrase": "", 
                                "snmpv3_privprotocol": "0", 
                                "snmpv3_securitylevel": "0", 
                                "snmpv3_securityname": "", 
                                "status": "0", 
                                "trends": "365d", 
                                "type": "16", 
                                "units": "", 
                                "username": "{$JMX_USER}", 
                                "value_type": "0", 
                                "valuemap": []
                            }, 
                            {
                                "allowed_hosts": "", 
                                "application_prototypes": [
                                    {
                                        "name": "Global Request Processor {#JMXNAME}"
                                    }, 
                                    {
                                        "name": "{#JMXNAME}"
                                    }
                                ], 
                                "applications": [], 
                                "authtype": "0", 
                                "delay": "1m", 
                                "description": "", 
                                "history": "90d", 
                                "inventory_link": "0", 
                                "ipmi_sensor": "", 
                                "jmx_endpoint": "service:jmx:rmi:///jndi/rmi://{HOST.CONN}:{HOST.PORT}/jmxrmi", 
                                "key": "jmx[\"{#JMXOBJ}\", processingTime]", 
                                "logtimefmt": "", 
                                "master_item_prototype": [], 
                                "name": "{#JMXNAME} processing time", 
                                "params": "", 
                                "password": "{$JMX_PASSWORD}", 
                                "port": "", 
                                "preprocessing": [
                                    {
                                        "params": "0.001", 
                                        "type": "1"
                                    }
                                ], 
                                "privatekey": "", 
                                "publickey": "", 
                                "snmp_community": "", 
                                "snmp_oid": "", 
                                "snmpv3_authpassphrase": "", 
                                "snmpv3_authprotocol": "0", 
                                "snmpv3_contextname": "", 
                                "snmpv3_privpassphrase": "", 
                                "snmpv3_privprotocol": "0", 
                                "snmpv3_securitylevel": "0", 
                                "snmpv3_securityname": "", 
                                "status": "0", 
                                "trends": "365d", 
                                "type": "16", 
                                "units": "s", 
                                "username": "{$JMX_USER}", 
                                "value_type": "0", 
                                "valuemap": []
                            }, 
                            {
                                "allowed_hosts": "", 
                                "application_prototypes": [
                                    {
                                        "name": "Global Request Processor {#JMXNAME}"
                                    }, 
                                    {
                                        "name": "{#JMXNAME}"
                                    }
                                ], 
                                "applications": [], 
                                "authtype": "0", 
                                "delay": "1m", 
                                "description": "", 
                                "history": "90d", 
                                "inventory_link": "0", 
                                "ipmi_sensor": "", 
                                "jmx_endpoint": "service:jmx:rmi:///jndi/rmi://{HOST.CONN}:{HOST.PORT}/jmxrmi", 
                                "key": "jmx[\"{#JMXOBJ}\", requestCount]", 
                                "logtimefmt": "", 
                                "master_item_prototype": [], 
                                "name": "{#JMXNAME} requests per second", 
                                "params": "", 
                                "password": "{$JMX_PASSWORD}", 
                                "port": "", 
                                "preprocessing": [
                                    {
                                        "params": "", 
                                        "type": "10"
                                    }
                                ], 
                                "privatekey": "", 
                                "publickey": "", 
                                "snmp_community": "", 
                                "snmp_oid": "", 
                                "snmpv3_authpassphrase": "", 
                                "snmpv3_authprotocol": "0", 
                                "snmpv3_contextname": "", 
                                "snmpv3_privpassphrase": "", 
                                "snmpv3_privprotocol": "0", 
                                "snmpv3_securitylevel": "0", 
                                "snmpv3_securityname": "", 
                                "status": "0", 
                                "trends": "365d", 
                                "type": "16", 
                                "units": "", 
                                "username": "{$JMX_USER}", 
                                "value_type": "0", 
                                "valuemap": []
                            }
                        ], 
                        "jmx_endpoint": "service:jmx:rmi:///jndi/rmi://{HOST.CONN}:{HOST.PORT}/jmxrmi", 
                        "key": "jmx.discovery[beans,\"Catalina:type=GlobalRequestProcessor,name=*\"]", 
                        "lifetime": "30d", 
                        "name": "Catalina Global Request Processor", 
                        "params": "", 
                        "password": "{$JMX_PASSWORD}", 
                        "port": "", 
                        "privatekey": "", 
                        "publickey": "", 
                        "snmp_community": "", 
                        "snmp_oid": "", 
                        "snmpv3_authpassphrase": "", 
                        "snmpv3_authprotocol": "0", 
                        "snmpv3_contextname": "", 
                        "snmpv3_privpassphrase": "", 
                        "snmpv3_privprotocol": "0", 
                        "snmpv3_securitylevel": "0", 
                        "snmpv3_securityname": "", 
                        "status": "0", 
                        "trigger_prototypes": [
                            {
                                "correlation_mode": "0", 
                                "correlation_tag": "", 
                                "dependencies": [], 
                                "description": "", 
                                "expression": "{CORP Template Module Java Catalina:jmx[\"{#JMXOBJ}\", errorCount].avg(5m)}>({CORP Template Module Java Catalina:jmx[\"{#JMXOBJ}\", requestCount].avg(5m)}*({$JMX_GRP_ERROR:\"{#JMXNAME}\"}/100))", 
                                "manual_close": "0", 
                                "name": "{$JMX_GRP_ERROR:\"{#JMXNAME}\"}% requests erroring on {HOST.NAME}", 
                                "priority": "2", 
                                "recovery_expression": "", 
                                "recovery_mode": "0", 
                                "status": "0", 
                                "tags": [], 
                                "type": "0", 
                                "url": ""
                            }
                        ], 
                        "type": "16", 
                        "username": "{$JMX_USER}"
                    }, 
                    {
                        "allowed_hosts": "", 
                        "authtype": "0", 
                        "delay": "1h", 
                        "description": "", 
                        "filter": {
                            "conditions": [], 
                            "evaltype": "0", 
                            "formula": ""
                        }, 
                        "graph_prototypes": [
                            {
                                "graph_items": [
                                    {
                                        "calc_fnc": "2", 
                                        "color": "1A7C11", 
                                        "drawtype": "0", 
                                        "item": {
                                            "host": "CORP Template Module Java Catalina", 
                                            "key": "jmx[\"{#JMXOBJ}\",activeSessions]"
                                        }, 
                                        "sortorder": "0", 
                                        "type": "0", 
                                        "yaxisside": "0"
                                    }, 
                                    {
                                        "calc_fnc": "2", 
                                        "color": "F63100", 
                                        "drawtype": "0", 
                                        "item": {
                                            "host": "CORP Template Module Java Catalina", 
                                            "key": "jmx[\"{#JMXOBJ}\",maxActive]"
                                        }, 
                                        "sortorder": "1", 
                                        "type": "0", 
                                        "yaxisside": "0"
                                    }, 
                                    {
                                        "calc_fnc": "2", 
                                        "color": "2774A4", 
                                        "drawtype": "0", 
                                        "item": {
                                            "host": "CORP Template Module Java Catalina", 
                                            "key": "jmx[\"{#JMXOBJ}\",maxActiveSessions]"
                                        }, 
                                        "sortorder": "2", 
                                        "type": "0", 
                                        "yaxisside": "0"
                                    }, 
                                    {
                                        "calc_fnc": "2", 
                                        "color": "A54F10", 
                                        "drawtype": "0", 
                                        "item": {
                                            "host": "CORP Template Module Java Catalina", 
                                            "key": "jmx[\"{#JMXOBJ}\",sessionCounter]"
                                        }, 
                                        "sortorder": "3", 
                                        "type": "0", 
                                        "yaxisside": "1"
                                    }
                                ], 
                                "height": "200", 
                                "name": "{#JMXHOST}{#JMXCONTEXT} Sessions", 
                                "percent_left": "0.0000", 
                                "percent_right": "0.0000", 
                                "show_3d": "0", 
                                "show_legend": "1", 
                                "show_triggers": "1", 
                                "show_work_period": "1", 
                                "type": "0", 
                                "width": "900", 
                                "yaxismax": "100.0000", 
                                "yaxismin": "0.0000", 
                                "ymax_item_1": "0", 
                                "ymax_type_1": "0", 
                                "ymin_item_1": "0", 
                                "ymin_type_1": "0"
                            }
                        ], 
                        "host_prototypes": [], 
                        "ipmi_sensor": "", 
                        "item_prototypes": [
                            {
                                "allowed_hosts": "", 
                                "application_prototypes": [
                                    {
                                        "name": "{#JMXHOST}{#JMXPATH}"
                                    }, 
                                    {
                                        "name": "{#JMXHOST}{#JMXPATH} Manager"
                                    }
                                ], 
                                "applications": [
                                    {
                                        "name": "Sessions"
                                    }
                                ], 
                                "authtype": "0", 
                                "delay": "1m", 
                                "description": "", 
                                "history": "90d", 
                                "inventory_link": "0", 
                                "ipmi_sensor": "", 
                                "jmx_endpoint": "service:jmx:rmi:///jndi/rmi://{HOST.CONN}:{HOST.PORT}/jmxrmi", 
                                "key": "jmx[\"{#JMXOBJ}\",activeSessions]", 
                                "logtimefmt": "", 
                                "master_item_prototype": [], 
                                "name": "{#JMXHOST}{#JMXCONTEXT} active sessions", 
                                "params": "", 
                                "password": "{$JMX_PASSWORD}", 
                                "port": "", 
                                "preprocessing": [], 
                                "privatekey": "", 
                                "publickey": "", 
                                "snmp_community": "", 
                                "snmp_oid": "", 
                                "snmpv3_authpassphrase": "", 
                                "snmpv3_authprotocol": "0", 
                                "snmpv3_contextname": "", 
                                "snmpv3_privpassphrase": "", 
                                "snmpv3_privprotocol": "0", 
                                "snmpv3_securitylevel": "0", 
                                "snmpv3_securityname": "", 
                                "status": "0", 
                                "trends": "365d", 
                                "type": "16", 
                                "units": "", 
                                "username": "{$JMX_USER}", 
                                "value_type": "3", 
                                "valuemap": []
                            }, 
                            {
                                "allowed_hosts": "", 
                                "application_prototypes": [
                                    {
                                        "name": "{#JMXHOST}{#JMXPATH}"
                                    }, 
                                    {
                                        "name": "{#JMXHOST}{#JMXPATH} Manager"
                                    }
                                ], 
                                "applications": [
                                    {
                                        "name": "Sessions"
                                    }
                                ], 
                                "authtype": "0", 
                                "delay": "1h", 
                                "description": "", 
                                "history": "90d", 
                                "inventory_link": "0", 
                                "ipmi_sensor": "", 
                                "jmx_endpoint": "service:jmx:rmi:///jndi/rmi://{HOST.CONN}:{HOST.PORT}/jmxrmi", 
                                "key": "jmx[\"{#JMXOBJ}\",maxActiveSessions]", 
                                "logtimefmt": "", 
                                "master_item_prototype": [], 
                                "name": "{#JMXHOST}{#JMXCONTEXT} max active sessions allowed", 
                                "params": "", 
                                "password": "{$JMX_PASSWORD}", 
                                "port": "", 
                                "preprocessing": [], 
                                "privatekey": "", 
                                "publickey": "", 
                                "snmp_community": "", 
                                "snmp_oid": "", 
                                "snmpv3_authpassphrase": "", 
                                "snmpv3_authprotocol": "0", 
                                "snmpv3_contextname": "", 
                                "snmpv3_privpassphrase": "", 
                                "snmpv3_privprotocol": "0", 
                                "snmpv3_securitylevel": "0", 
                                "snmpv3_securityname": "", 
                                "status": "0", 
                                "trends": "365d", 
                                "type": "16", 
                                "units": "", 
                                "username": "{$JMX_USER}", 
                                "value_type": "0", 
                                "valuemap": []
                            }, 
                            {
                                "allowed_hosts": "", 
                                "application_prototypes": [
                                    {
                                        "name": "{#JMXHOST}{#JMXPATH}"
                                    }, 
                                    {
                                        "name": "{#JMXHOST}{#JMXPATH} Manager"
                                    }
                                ], 
                                "applications": [
                                    {
                                        "name": "Sessions"
                                    }
                                ], 
                                "authtype": "0", 
                                "delay": "1m", 
                                "description": "", 
                                "history": "90d", 
                                "inventory_link": "0", 
                                "ipmi_sensor": "", 
                                "jmx_endpoint": "service:jmx:rmi:///jndi/rmi://{HOST.CONN}:{HOST.PORT}/jmxrmi", 
                                "key": "jmx[\"{#JMXOBJ}\",maxActive]", 
                                "logtimefmt": "", 
                                "master_item_prototype": [], 
                                "name": "{#JMXHOST}{#JMXCONTEXT} max active sessions", 
                                "params": "", 
                                "password": "{$JMX_PASSWORD}", 
                                "port": "", 
                                "preprocessing": [], 
                                "privatekey": "", 
                                "publickey": "", 
                                "snmp_community": "", 
                                "snmp_oid": "", 
                                "snmpv3_authpassphrase": "", 
                                "snmpv3_authprotocol": "0", 
                                "snmpv3_contextname": "", 
                                "snmpv3_privpassphrase": "", 
                                "snmpv3_privprotocol": "0", 
                                "snmpv3_securitylevel": "0", 
                                "snmpv3_securityname": "", 
                                "status": "0", 
                                "trends": "365d", 
                                "type": "16", 
                                "units": "", 
                                "username": "{$JMX_USER}", 
                                "value_type": "3", 
                                "valuemap": []
                            }, 
                            {
                                "allowed_hosts": "", 
                                "application_prototypes": [
                                    {
                                        "name": "{#JMXHOST}{#JMXPATH}"
                                    }, 
                                    {
                                        "name": "{#JMXHOST}{#JMXPATH} Manager"
                                    }
                                ], 
                                "applications": [
                                    {
                                        "name": "Sessions"
                                    }
                                ], 
                                "authtype": "0", 
                                "delay": "1m", 
                                "description": "", 
                                "history": "90d", 
                                "inventory_link": "0", 
                                "ipmi_sensor": "", 
                                "jmx_endpoint": "service:jmx:rmi:///jndi/rmi://{HOST.CONN}:{HOST.PORT}/jmxrmi", 
                                "key": "jmx[\"{#JMXOBJ}\",sessionCounter]", 
                                "logtimefmt": "", 
                                "master_item_prototype": [], 
                                "name": "{#JMXHOST}{#JMXCONTEXT} sessions per second", 
                                "params": "", 
                                "password": "{$JMX_PASSWORD}", 
                                "port": "", 
                                "preprocessing": [
                                    {
                                        "params": "", 
                                        "type": "10"
                                    }
                                ], 
                                "privatekey": "", 
                                "publickey": "", 
                                "snmp_community": "", 
                                "snmp_oid": "", 
                                "snmpv3_authpassphrase": "", 
                                "snmpv3_authprotocol": "0", 
                                "snmpv3_contextname": "", 
                                "snmpv3_privpassphrase": "", 
                                "snmpv3_privprotocol": "0", 
                                "snmpv3_securitylevel": "0", 
                                "snmpv3_securityname": "", 
                                "status": "0", 
                                "trends": "365d", 
                                "type": "16", 
                                "units": "", 
                                "username": "{$JMX_USER}", 
                                "value_type": "0", 
                                "valuemap": []
                            }
                        ], 
                        "jmx_endpoint": "service:jmx:rmi:///jndi/rmi://{HOST.CONN}:{HOST.PORT}/jmxrmi", 
                        "key": "jmx.discovery[beans,\"Catalina:type=Manager,context=*,host=*\"]", 
                        "lifetime": "30d", 
                        "name": "Catalina Manager", 
                        "params": "", 
                        "password": "{$JMX_PASSWORD}", 
                        "port": "", 
                        "privatekey": "", 
                        "publickey": "", 
                        "snmp_community": "", 
                        "snmp_oid": "", 
                        "snmpv3_authpassphrase": "", 
                        "snmpv3_authprotocol": "0", 
                        "snmpv3_contextname": "", 
                        "snmpv3_privpassphrase": "", 
                        "snmpv3_privprotocol": "0", 
                        "snmpv3_securitylevel": "0", 
                        "snmpv3_securityname": "", 
                        "status": "0", 
                        "trigger_prototypes": [], 
                        "type": "16", 
                        "username": "{$JMX_USER}"
                    }, 
                    {
                        "allowed_hosts": "", 
                        "authtype": "0", 
                        "delay": "1h", 
                        "description": "", 
                        "filter": {
                            "conditions": [], 
                            "evaltype": "0", 
                            "formula": ""
                        }, 
                        "graph_prototypes": [
                            {
                                "graph_items": [
                                    {
                                        "calc_fnc": "2", 
                                        "color": "1A7C11", 
                                        "drawtype": "0", 
                                        "item": {
                                            "host": "CORP Template Module Java Catalina", 
                                            "key": "jmx[\"{#JMXOBJ}\",connectionCount]"
                                        }, 
                                        "sortorder": "0", 
                                        "type": "0", 
                                        "yaxisside": "0"
                                    }, 
                                    {
                                        "calc_fnc": "2", 
                                        "color": "F63100", 
                                        "drawtype": "0", 
                                        "item": {
                                            "host": "CORP Template Module Java Catalina", 
                                            "key": "jmx[\"{#JMXOBJ}\",maxConnections]"
                                        }, 
                                        "sortorder": "1", 
                                        "type": "0", 
                                        "yaxisside": "0"
                                    }
                                ], 
                                "height": "200", 
                                "name": "{#JMXPORT} connections", 
                                "percent_left": "0.0000", 
                                "percent_right": "0.0000", 
                                "show_3d": "0", 
                                "show_legend": "1", 
                                "show_triggers": "1", 
                                "show_work_period": "1", 
                                "type": "0", 
                                "width": "900", 
                                "yaxismax": "100.0000", 
                                "yaxismin": "0.0000", 
                                "ymax_item_1": "0", 
                                "ymax_type_1": "0", 
                                "ymin_item_1": "0", 
                                "ymin_type_1": "0"
                            }
                        ], 
                        "host_prototypes": [], 
                        "ipmi_sensor": "", 
                        "item_prototypes": [
                            {
                                "allowed_hosts": "", 
                                "application_prototypes": [
                                    {
                                        "name": "Protocol Handler {#JMXPORT}"
                                    }, 
                                    {
                                        "name": "{#JMXPORT}"
                                    }
                                ], 
                                "applications": [], 
                                "authtype": "0", 
                                "delay": "1h", 
                                "description": "", 
                                "history": "90d", 
                                "inventory_link": "0", 
                                "ipmi_sensor": "", 
                                "jmx_endpoint": "service:jmx:rmi:///jndi/rmi://{HOST.CONN}:{HOST.PORT}/jmxrmi", 
                                "key": "jmx[\"{#JMXOBJ}\",compression]", 
                                "logtimefmt": "", 
                                "master_item_prototype": [], 
                                "name": "{#JMXPORT} gzip compression", 
                                "params": "", 
                                "password": "{$JMX_PASSWORD}", 
                                "port": "", 
                                "preprocessing": [], 
                                "privatekey": "", 
                                "publickey": "", 
                                "snmp_community": "", 
                                "snmp_oid": "", 
                                "snmpv3_authpassphrase": "", 
                                "snmpv3_authprotocol": "0", 
                                "snmpv3_contextname": "", 
                                "snmpv3_privpassphrase": "", 
                                "snmpv3_privprotocol": "0", 
                                "snmpv3_securitylevel": "0", 
                                "snmpv3_securityname": "", 
                                "status": "0", 
                                "trends": "0", 
                                "type": "16", 
                                "units": "", 
                                "username": "{$JMX_USER}", 
                                "value_type": "1", 
                                "valuemap": []
                            }, 
                            {
                                "allowed_hosts": "", 
                                "application_prototypes": [
                                    {
                                        "name": "Protocol Handler {#JMXPORT}"
                                    }, 
                                    {
                                        "name": "{#JMXPORT}"
                                    }
                                ], 
                                "applications": [], 
                                "authtype": "0", 
                                "delay": "1m", 
                                "description": "", 
                                "history": "90d", 
                                "inventory_link": "0", 
                                "ipmi_sensor": "", 
                                "jmx_endpoint": "service:jmx:rmi:///jndi/rmi://{HOST.CONN}:{HOST.PORT}/jmxrmi", 
                                "key": "jmx[\"{#JMXOBJ}\",connectionCount]", 
                                "logtimefmt": "", 
                                "master_item_prototype": [], 
                                "name": "{#JMXPORT} connections", 
                                "params": "", 
                                "password": "{$JMX_PASSWORD}", 
                                "port": "", 
                                "preprocessing": [], 
                                "privatekey": "", 
                                "publickey": "", 
                                "snmp_community": "", 
                                "snmp_oid": "", 
                                "snmpv3_authpassphrase": "", 
                                "snmpv3_authprotocol": "0", 
                                "snmpv3_contextname": "", 
                                "snmpv3_privpassphrase": "", 
                                "snmpv3_privprotocol": "0", 
                                "snmpv3_securitylevel": "0", 
                                "snmpv3_securityname": "", 
                                "status": "0", 
                                "trends": "365d", 
                                "type": "16", 
                                "units": "", 
                                "username": "{$JMX_USER}", 
                                "value_type": "3", 
                                "valuemap": []
                            }, 
                            {
                                "allowed_hosts": "", 
                                "application_prototypes": [
                                    {
                                        "name": "Protocol Handler {#JMXPORT}"
                                    }, 
                                    {
                                        "name": "{#JMXPORT}"
                                    }
                                ], 
                                "applications": [], 
                                "authtype": "0", 
                                "delay": "1h", 
                                "description": "", 
                                "history": "90d", 
                                "inventory_link": "0", 
                                "ipmi_sensor": "", 
                                "jmx_endpoint": "service:jmx:rmi:///jndi/rmi://{HOST.CONN}:{HOST.PORT}/jmxrmi", 
                                "key": "jmx[\"{#JMXOBJ}\",maxConnections]", 
                                "logtimefmt": "", 
                                "master_item_prototype": [], 
                                "name": "{#JMXPORT} max connections", 
                                "params": "", 
                                "password": "{$JMX_PASSWORD}", 
                                "port": "", 
                                "preprocessing": [], 
                                "privatekey": "", 
                                "publickey": "", 
                                "snmp_community": "", 
                                "snmp_oid": "", 
                                "snmpv3_authpassphrase": "", 
                                "snmpv3_authprotocol": "0", 
                                "snmpv3_contextname": "", 
                                "snmpv3_privpassphrase": "", 
                                "snmpv3_privprotocol": "0", 
                                "snmpv3_securitylevel": "0", 
                                "snmpv3_securityname": "", 
                                "status": "0", 
                                "trends": "365d", 
                                "type": "16", 
                                "units": "", 
                                "username": "{$JMX_USER}", 
                                "value_type": "3", 
                                "valuemap": []
                            }
                        ], 
                        "jmx_endpoint": "service:jmx:rmi:///jndi/rmi://{HOST.CONN}:{HOST.PORT}/jmxrmi", 
                        "key": "jmx.discovery[beans,\"Catalina:type=ProtocolHandler,port=*\"]", 
                        "lifetime": "30d", 
                        "name": "Catalina Protocol Handler", 
                        "params": "", 
                        "password": "{$JMX_PASSWORD}", 
                        "port": "", 
                        "privatekey": "", 
                        "publickey": "", 
                        "snmp_community": "", 
                        "snmp_oid": "", 
                        "snmpv3_authpassphrase": "", 
                        "snmpv3_authprotocol": "0", 
                        "snmpv3_contextname": "", 
                        "snmpv3_privpassphrase": "", 
                        "snmpv3_privprotocol": "0", 
                        "snmpv3_securitylevel": "0", 
                        "snmpv3_securityname": "", 
                        "status": "0", 
                        "trigger_prototypes": [], 
                        "type": "16", 
                        "username": "{$JMX_USER}"
                    }, 
                    {
                        "allowed_hosts": "", 
                        "authtype": "0", 
                        "delay": "1h", 
                        "description": "", 
                        "filter": {
                            "conditions": [], 
                            "evaltype": "0", 
                            "formula": ""
                        }, 
                        "graph_prototypes": [
                            {
                                "graph_items": [
                                    {
                                        "calc_fnc": "2", 
                                        "color": "1A7C11", 
                                        "drawtype": "0", 
                                        "item": {
                                            "host": "CORP Template Module Java Catalina", 
                                            "key": "jmx[\"{#JMXOBJ}\",currentThreadCount]"
                                        }, 
                                        "sortorder": "0", 
                                        "type": "0", 
                                        "yaxisside": "0"
                                    }, 
                                    {
                                        "calc_fnc": "2", 
                                        "color": "F63100", 
                                        "drawtype": "0", 
                                        "item": {
                                            "host": "CORP Template Module Java Catalina", 
                                            "key": "jmx[\"{#JMXOBJ}\",currentThreadsBusy]"
                                        }, 
                                        "sortorder": "1", 
                                        "type": "0", 
                                        "yaxisside": "0"
                                    }, 
                                    {
                                        "calc_fnc": "2", 
                                        "color": "2774A4", 
                                        "drawtype": "0", 
                                        "item": {
                                            "host": "CORP Template Module Java Catalina", 
                                            "key": "jmx[\"{#JMXOBJ}\",maxThreads]"
                                        }, 
                                        "sortorder": "2", 
                                        "type": "0", 
                                        "yaxisside": "0"
                                    }
                                ], 
                                "height": "200", 
                                "name": "{#JMXNAME} Thread Pool", 
                                "percent_left": "0.0000", 
                                "percent_right": "0.0000", 
                                "show_3d": "0", 
                                "show_legend": "1", 
                                "show_triggers": "1", 
                                "show_work_period": "1", 
                                "type": "0", 
                                "width": "900", 
                                "yaxismax": "100.0000", 
                                "yaxismin": "0.0000", 
                                "ymax_item_1": "0", 
                                "ymax_type_1": "0", 
                                "ymin_item_1": "0", 
                                "ymin_type_1": "0"
                            }
                        ], 
                        "host_prototypes": [], 
                        "ipmi_sensor": "", 
                        "item_prototypes": [
                            {
                                "allowed_hosts": "", 
                                "application_prototypes": [
                                    {
                                        "name": "Thread Pool {#JMXNAME}"
                                    }, 
                                    {
                                        "name": "{#JMXNAME}"
                                    }
                                ], 
                                "applications": [], 
                                "authtype": "0", 
                                "delay": "1m", 
                                "description": "", 
                                "history": "90d", 
                                "inventory_link": "0", 
                                "ipmi_sensor": "", 
                                "jmx_endpoint": "service:jmx:rmi:///jndi/rmi://{HOST.CONN}:{HOST.PORT}/jmxrmi", 
                                "key": "jmx[\"{#JMXOBJ}\",currentThreadCount]", 
                                "logtimefmt": "", 
                                "master_item_prototype": [], 
                                "name": "{#JMXNAME} threads allocated", 
                                "params": "", 
                                "password": "{$JMX_PASSWORD}", 
                                "port": "", 
                                "preprocessing": [], 
                                "privatekey": "", 
                                "publickey": "", 
                                "snmp_community": "", 
                                "snmp_oid": "", 
                                "snmpv3_authpassphrase": "", 
                                "snmpv3_authprotocol": "0", 
                                "snmpv3_contextname": "", 
                                "snmpv3_privpassphrase": "", 
                                "snmpv3_privprotocol": "0", 
                                "snmpv3_securitylevel": "0", 
                                "snmpv3_securityname": "", 
                                "status": "0", 
                                "trends": "365d", 
                                "type": "16", 
                                "units": "", 
                                "username": "{$JMX_USER}", 
                                "value_type": "3", 
                                "valuemap": []
                            }, 
                            {
                                "allowed_hosts": "", 
                                "application_prototypes": [
                                    {
                                        "name": "Thread Pool {#JMXNAME}"
                                    }, 
                                    {
                                        "name": "{#JMXNAME}"
                                    }
                                ], 
                                "applications": [], 
                                "authtype": "0", 
                                "delay": "1m", 
                                "description": "", 
                                "history": "90d", 
                                "inventory_link": "0", 
                                "ipmi_sensor": "", 
                                "jmx_endpoint": "service:jmx:rmi:///jndi/rmi://{HOST.CONN}:{HOST.PORT}/jmxrmi", 
                                "key": "jmx[\"{#JMXOBJ}\",currentThreadsBusy]", 
                                "logtimefmt": "", 
                                "master_item_prototype": [], 
                                "name": "{#JMXNAME} threads busy", 
                                "params": "", 
                                "password": "{$JMX_PASSWORD}", 
                                "port": "", 
                                "preprocessing": [], 
                                "privatekey": "", 
                                "publickey": "", 
                                "snmp_community": "", 
                                "snmp_oid": "", 
                                "snmpv3_authpassphrase": "", 
                                "snmpv3_authprotocol": "0", 
                                "snmpv3_contextname": "", 
                                "snmpv3_privpassphrase": "", 
                                "snmpv3_privprotocol": "0", 
                                "snmpv3_securitylevel": "0", 
                                "snmpv3_securityname": "", 
                                "status": "0", 
                                "trends": "365d", 
                                "type": "16", 
                                "units": "", 
                                "username": "{$JMX_USER}", 
                                "value_type": "3", 
                                "valuemap": []
                            }, 
                            {
                                "allowed_hosts": "", 
                                "application_prototypes": [
                                    {
                                        "name": "Thread Pool {#JMXNAME}"
                                    }, 
                                    {
                                        "name": "{#JMXNAME}"
                                    }
                                ], 
                                "applications": [], 
                                "authtype": "0", 
                                "delay": "1m", 
                                "description": "", 
                                "history": "90d", 
                                "inventory_link": "0", 
                                "ipmi_sensor": "", 
                                "jmx_endpoint": "service:jmx:rmi:///jndi/rmi://{HOST.CONN}:{HOST.PORT}/jmxrmi", 
                                "key": "jmx[\"{#JMXOBJ}\",maxThreads]", 
                                "logtimefmt": "", 
                                "master_item_prototype": [], 
                                "name": "{#JMXNAME} max threads", 
                                "params": "", 
                                "password": "{$JMX_PASSWORD}", 
                                "port": "", 
                                "preprocessing": [], 
                                "privatekey": "", 
                                "publickey": "", 
                                "snmp_community": "", 
                                "snmp_oid": "", 
                                "snmpv3_authpassphrase": "", 
                                "snmpv3_authprotocol": "0", 
                                "snmpv3_contextname": "", 
                                "snmpv3_privpassphrase": "", 
                                "snmpv3_privprotocol": "0", 
                                "snmpv3_securitylevel": "0", 
                                "snmpv3_securityname": "", 
                                "status": "0", 
                                "trends": "365d", 
                                "type": "16", 
                                "units": "", 
                                "username": "{$JMX_USER}", 
                                "value_type": "0", 
                                "valuemap": []
                            }
                        ], 
                        "jmx_endpoint": "service:jmx:rmi:///jndi/rmi://{HOST.CONN}:{HOST.PORT}/jmxrmi", 
                        "key": "jmx.discovery[beans,\"Catalina:type=ThreadPool,name=*\"]", 
                        "lifetime": "30d", 
                        "name": "Catalina Thread Pool", 
                        "params": "", 
                        "password": "{$JMX_PASSWORD}", 
                        "port": "", 
                        "privatekey": "", 
                        "publickey": "", 
                        "snmp_community": "", 
                        "snmp_oid": "", 
                        "snmpv3_authpassphrase": "", 
                        "snmpv3_authprotocol": "0", 
                        "snmpv3_contextname": "", 
                        "snmpv3_privpassphrase": "", 
                        "snmpv3_privprotocol": "0", 
                        "snmpv3_securitylevel": "0", 
                        "snmpv3_securityname": "", 
                        "status": "0", 
                        "trigger_prototypes": [], 
                        "type": "16", 
                        "username": "{$JMX_USER}"
                    }
                ], 
                "groups": [
                    {
                        "name": "CORP/Templates/Modules"
                    }
                ], 
                "httptests": [], 
                "items": [
                    {
                        "allowed_hosts": "", 
                        "applications": [
                            {
                                "name": "Tomcat"
                            }
                        ], 
                        "authtype": "0", 
                        "delay": "1h", 
                        "description": "", 
                        "history": "90d", 
                        "inventory_link": "0", 
                        "ipmi_sensor": "", 
                        "jmx_endpoint": "service:jmx:rmi:///jndi/rmi://{HOST.CONN}:{HOST.PORT}/jmxrmi", 
                        "key": "jmx[\"Catalina:type=Server\",serverInfo]", 
                        "logtimefmt": "", 
                        "master_item": [], 
                        "name": "Tomcat Version", 
                        "params": "", 
                        "password": "{$JMX_PASSWORD}", 
                        "port": "", 
                        "preprocessing": [], 
                        "privatekey": "", 
                        "publickey": "", 
                        "snmp_community": "", 
                        "snmp_oid": "", 
                        "snmpv3_authpassphrase": "", 
                        "snmpv3_authprotocol": "0", 
                        "snmpv3_contextname": "", 
                        "snmpv3_privpassphrase": "", 
                        "snmpv3_privprotocol": "0", 
                        "snmpv3_securitylevel": "0", 
                        "snmpv3_securityname": "", 
                        "status": "0", 
                        "trends": "0", 
                        "type": "16", 
                        "units": "", 
                        "username": "{$JMX_USER}", 
                        "value_type": "1", 
                        "valuemap": []
                    }
                ], 
                "macros": [
                    {
                        "macro": "{$JMX_CAT_CACHE_HIT}", 
                        "value": "70"
                    }, 
                    {
                        "macro": "{$JMX_CAT_CACHE_SIZE}", 
                        "value": "10"
                    }, 
                    {
                        "macro": "{$JMX_PASSWORD}", 
                        "value": ""
                    }, 
                    {
                        "macro": "{$JMX_USER}", 
                        "value": ""
                    }
                ], 
                "name": "CORP Template Module Java Catalina", 
                "screens": [
                    {
                        "hsize": "1", 
                        "name": "Catalina Cache", 
                        "screen_items": [
                            {
                                "application": "", 
                                "colspan": "1", 
                                "dynamic": "0", 
                                "elements": "0", 
                                "halign": "1", 
                                "height": "85", 
                                "max_columns": "3", 
                                "resource": {
                                    "host": "CORP Template Module Java Catalina", 
                                    "name": "{#JMXHOST}{#JMXCONTEXT} cache"
                                }, 
                                "resourcetype": "20", 
                                "rowspan": "1", 
                                "sort_triggers": "0", 
                                "style": "0", 
                                "url": "", 
                                "valign": "0", 
                                "width": "425", 
                                "x": "0", 
                                "y": "0"
                            }
                        ], 
                        "vsize": "1"
                    }, 
                    {
                        "hsize": "1", 
                        "name": "Catalina Global Request Processor", 
                        "screen_items": [
                            {
                                "application": "", 
                                "colspan": "1", 
                                "dynamic": "0", 
                                "elements": "0", 
                                "halign": "1", 
                                "height": "85", 
                                "max_columns": "3", 
                                "resource": {
                                    "host": "CORP Template Module Java Catalina", 
                                    "name": "{#JMXNAME} Traffic"
                                }, 
                                "resourcetype": "20", 
                                "rowspan": "1", 
                                "sort_triggers": "0", 
                                "style": "0", 
                                "url": "", 
                                "valign": "0", 
                                "width": "425", 
                                "x": "0", 
                                "y": "0"
                            }
                        ], 
                        "vsize": "1"
                    }, 
                    {
                        "hsize": "1", 
                        "name": "Catalina Manager", 
                        "screen_items": [
                            {
                                "application": "", 
                                "colspan": "1", 
                                "dynamic": "0", 
                                "elements": "0", 
                                "halign": "1", 
                                "height": "85", 
                                "max_columns": "3", 
                                "resource": {
                                    "host": "CORP Template Module Java Catalina", 
                                    "name": "{#JMXHOST}{#JMXCONTEXT} Sessions"
                                }, 
                                "resourcetype": "20", 
                                "rowspan": "1", 
                                "sort_triggers": "0", 
                                "style": "0", 
                                "url": "", 
                                "valign": "0", 
                                "width": "425", 
                                "x": "0", 
                                "y": "0"
                            }
                        ], 
                        "vsize": "1"
                    }, 
                    {
                        "hsize": "1", 
                        "name": "Catalina Protocol Handler", 
                        "screen_items": [
                            {
                                "application": "", 
                                "colspan": "1", 
                                "dynamic": "0", 
                                "elements": "0", 
                                "halign": "1", 
                                "height": "85", 
                                "max_columns": "3", 
                                "resource": {
                                    "host": "CORP Template Module Java Catalina", 
                                    "name": "{#JMXPORT} connections"
                                }, 
                                "resourcetype": "20", 
                                "rowspan": "1", 
                                "sort_triggers": "0", 
                                "style": "0", 
                                "url": "", 
                                "valign": "0", 
                                "width": "425", 
                                "x": "0", 
                                "y": "0"
                            }
                        ], 
                        "vsize": "1"
                    }, 
                    {
                        "hsize": "1", 
                        "name": "Catalina Thread Pool", 
                        "screen_items": [
                            {
                                "application": "", 
                                "colspan": "1", 
                                "dynamic": "0", 
                                "elements": "0", 
                                "halign": "0", 
                                "height": "85", 
                                "max_columns": "3", 
                                "resource": {
                                    "host": "CORP Template Module Java Catalina", 
                                    "name": "{#JMXNAME} Thread Pool"
                                }, 
                                "resourcetype": "20", 
                                "rowspan": "1", 
                                "sort_triggers": "0", 
                                "style": "0", 
                                "url": "", 
                                "valign": "0", 
                                "width": "425", 
                                "x": "0", 
                                "y": "0"
                            }
                        ], 
                        "vsize": "1"
                    }
                ], 
                "template": "CORP Template Module Java Catalina", 
                "templates": []
            }
        ], 
        "version": "3.4"
    }
}