{
    "zabbix_export": {
        "groups": [
            {
                "name": "CORP/Templates/Operating Systems"
            }
        ], 
        "templates": [
            {
                "applications": [], 
                "description": "", 
                "discovery_rules": [], 
                "groups": [
                    {
                        "name": "CORP/Templates/Operating Systems"
                    }
                ], 
                "httptests": [], 
                "items": [
                    {
                        "allowed_hosts": "", 
                        "applications": [
                            {
                                "name": "CPU"
                            }
                        ], 
                        "authtype": "0", 
                        "delay": "60", 
                        "description": "", 
                        "history": "7d", 
                        "inventory_link": "0", 
                        "ipmi_sensor": "", 
                        "jmx_endpoint": "", 
                        "key": "system.cpu.switches", 
                        "logtimefmt": "", 
                        "master_item": [], 
                        "name": "Context switches per second", 
                        "params": "", 
                        "password": "", 
                        "port": "", 
                        "preprocessing": [
                            {
                                "params": "", 
                                "type": "10"
                            }
                        ], 
                        "privatekey": "", 
                        "publickey": "", 
                        "snmp_community": "", 
                        "snmp_oid": "", 
                        "snmpv3_authpassphrase": "", 
                        "snmpv3_authprotocol": "0", 
                        "snmpv3_contextname": "", 
                        "snmpv3_privpassphrase": "", 
                        "snmpv3_privprotocol": "0", 
                        "snmpv3_securitylevel": "0", 
                        "snmpv3_securityname": "", 
                        "status": "0", 
                        "trends": "365d", 
                        "type": "7", 
                        "units": "sps", 
                        "username": "", 
                        "value_type": "3", 
                        "valuemap": []
                    }, 
                    {
                        "allowed_hosts": "", 
                        "applications": [
                            {
                                "name": "CPU"
                            }
                        ], 
                        "authtype": "0", 
                        "delay": "60", 
                        "description": "The time the CPU has spent doing nothing.", 
                        "history": "7d", 
                        "inventory_link": "0", 
                        "ipmi_sensor": "", 
                        "jmx_endpoint": "", 
                        "key": "system.cpu.util[,idle]", 
                        "logtimefmt": "", 
                        "master_item": [], 
                        "name": "CPU $2 time", 
                        "params": "", 
                        "password": "", 
                        "port": "", 
                        "preprocessing": [], 
                        "privatekey": "", 
                        "publickey": "", 
                        "snmp_community": "", 
                        "snmp_oid": "", 
                        "snmpv3_authpassphrase": "", 
                        "snmpv3_authprotocol": "0", 
                        "snmpv3_contextname": "", 
                        "snmpv3_privpassphrase": "", 
                        "snmpv3_privprotocol": "0", 
                        "snmpv3_securitylevel": "0", 
                        "snmpv3_securityname": "", 
                        "status": "0", 
                        "trends": "365d", 
                        "type": "7", 
                        "units": "%", 
                        "username": "", 
                        "value_type": "0", 
                        "valuemap": []
                    }, 
                    {
                        "allowed_hosts": "", 
                        "applications": [
                            {
                                "name": "CPU"
                            }
                        ], 
                        "authtype": "0", 
                        "delay": "60", 
                        "description": "Amount of time the CPU has been waiting for I/O to complete.", 
                        "history": "7d", 
                        "inventory_link": "0", 
                        "ipmi_sensor": "", 
                        "jmx_endpoint": "", 
                        "key": "system.cpu.util[,iowait]", 
                        "logtimefmt": "", 
                        "master_item": [], 
                        "name": "CPU $2 time", 
                        "params": "", 
                        "password": "", 
                        "port": "", 
                        "preprocessing": [], 
                        "privatekey": "", 
                        "publickey": "", 
                        "snmp_community": "", 
                        "snmp_oid": "", 
                        "snmpv3_authpassphrase": "", 
                        "snmpv3_authprotocol": "0", 
                        "snmpv3_contextname": "", 
                        "snmpv3_privpassphrase": "", 
                        "snmpv3_privprotocol": "0", 
                        "snmpv3_securitylevel": "0", 
                        "snmpv3_securityname": "", 
                        "status": "0", 
                        "trends": "365d", 
                        "type": "7", 
                        "units": "%", 
                        "username": "", 
                        "value_type": "0", 
                        "valuemap": []
                    }, 
                    {
                        "allowed_hosts": "", 
                        "applications": [
                            {
                                "name": "CPU"
                            }
                        ], 
                        "authtype": "0", 
                        "delay": "60", 
                        "description": "The time the CPU has spent running users' processes that are niced.", 
                        "history": "7d", 
                        "inventory_link": "0", 
                        "ipmi_sensor": "", 
                        "jmx_endpoint": "", 
                        "key": "system.cpu.util[,nice]", 
                        "logtimefmt": "", 
                        "master_item": [], 
                        "name": "CPU $2 time", 
                        "params": "", 
                        "password": "", 
                        "port": "", 
                        "preprocessing": [], 
                        "privatekey": "", 
                        "publickey": "", 
                        "snmp_community": "", 
                        "snmp_oid": "", 
                        "snmpv3_authpassphrase": "", 
                        "snmpv3_authprotocol": "0", 
                        "snmpv3_contextname": "", 
                        "snmpv3_privpassphrase": "", 
                        "snmpv3_privprotocol": "0", 
                        "snmpv3_securitylevel": "0", 
                        "snmpv3_securityname": "", 
                        "status": "0", 
                        "trends": "365d", 
                        "type": "7", 
                        "units": "%", 
                        "username": "", 
                        "value_type": "0", 
                        "valuemap": []
                    }, 
                    {
                        "allowed_hosts": "", 
                        "applications": [
                            {
                                "name": "CPU"
                            }
                        ], 
                        "authtype": "0", 
                        "delay": "60", 
                        "description": "Percentage of CPU utilization that occurred while executing at the user level with nice priority.", 
                        "history": "7d", 
                        "inventory_link": "0", 
                        "ipmi_sensor": "", 
                        "jmx_endpoint": "", 
                        "key": "system.cpu.util[,user]", 
                        "logtimefmt": "", 
                        "master_item": [], 
                        "name": "CPU $2 time", 
                        "params": "", 
                        "password": "", 
                        "port": "", 
                        "preprocessing": [], 
                        "privatekey": "", 
                        "publickey": "", 
                        "snmp_community": "", 
                        "snmp_oid": "", 
                        "snmpv3_authpassphrase": "", 
                        "snmpv3_authprotocol": "0", 
                        "snmpv3_contextname": "", 
                        "snmpv3_privpassphrase": "", 
                        "snmpv3_privprotocol": "0", 
                        "snmpv3_securitylevel": "0", 
                        "snmpv3_securityname": "", 
                        "status": "0", 
                        "trends": "365d", 
                        "type": "7", 
                        "units": "%", 
                        "username": "", 
                        "value_type": "0", 
                        "valuemap": []
                    }, 
                    {
                        "allowed_hosts": "", 
                        "applications": [
                            {
                                "name": "General"
                            }
                        ], 
                        "authtype": "0", 
                        "delay": "1h", 
                        "description": "", 
                        "history": "90d", 
                        "inventory_link": "18", 
                        "ipmi_sensor": "", 
                        "jmx_endpoint": "", 
                        "key": "system.sw.packages[\"kernel-[0-9]\",,short]", 
                        "logtimefmt": "", 
                        "master_item": [], 
                        "name": "Kernels", 
                        "params": "", 
                        "password": "", 
                        "port": "", 
                        "preprocessing": [], 
                        "privatekey": "", 
                        "publickey": "", 
                        "snmp_community": "", 
                        "snmp_oid": "", 
                        "snmpv3_authpassphrase": "", 
                        "snmpv3_authprotocol": "0", 
                        "snmpv3_contextname": "", 
                        "snmpv3_privpassphrase": "", 
                        "snmpv3_privprotocol": "0", 
                        "snmpv3_securitylevel": "0", 
                        "snmpv3_securityname": "", 
                        "status": "0", 
                        "trends": "0", 
                        "type": "7", 
                        "units": "", 
                        "username": "", 
                        "value_type": "4", 
                        "valuemap": []
                    }, 
                    {
                        "allowed_hosts": "", 
                        "applications": [
                            {
                                "name": "Memory"
                            }
                        ], 
                        "authtype": "0", 
                        "delay": "30", 
                        "description": "Number of pages swapped in from device to memory.", 
                        "history": "7d", 
                        "inventory_link": "0", 
                        "ipmi_sensor": "", 
                        "jmx_endpoint": "", 
                        "key": "system.swap.in[,pages]", 
                        "logtimefmt": "", 
                        "master_item": [], 
                        "name": "Swap Ins", 
                        "params": "", 
                        "password": "", 
                        "port": "", 
                        "preprocessing": [], 
                        "privatekey": "", 
                        "publickey": "", 
                        "snmp_community": "", 
                        "snmp_oid": "", 
                        "snmpv3_authpassphrase": "", 
                        "snmpv3_authprotocol": "0", 
                        "snmpv3_contextname": "", 
                        "snmpv3_privpassphrase": "", 
                        "snmpv3_privprotocol": "0", 
                        "snmpv3_securitylevel": "0", 
                        "snmpv3_securityname": "", 
                        "status": "0", 
                        "trends": "365d", 
                        "type": "7", 
                        "units": "", 
                        "username": "", 
                        "value_type": "3", 
                        "valuemap": []
                    }, 
                    {
                        "allowed_hosts": "", 
                        "applications": [
                            {
                                "name": "Memory"
                            }
                        ], 
                        "authtype": "0", 
                        "delay": "30", 
                        "description": "Number of pages swapped out from memory onto device.", 
                        "history": "7d", 
                        "inventory_link": "0", 
                        "ipmi_sensor": "", 
                        "jmx_endpoint": "", 
                        "key": "system.swap.out[,pages]", 
                        "logtimefmt": "", 
                        "master_item": [], 
                        "name": "Swap Outs", 
                        "params": "", 
                        "password": "", 
                        "port": "", 
                        "preprocessing": [], 
                        "privatekey": "", 
                        "publickey": "", 
                        "snmp_community": "", 
                        "snmp_oid": "", 
                        "snmpv3_authpassphrase": "", 
                        "snmpv3_authprotocol": "0", 
                        "snmpv3_contextname": "", 
                        "snmpv3_privpassphrase": "", 
                        "snmpv3_privprotocol": "0", 
                        "snmpv3_securitylevel": "0", 
                        "snmpv3_securityname": "", 
                        "status": "0", 
                        "trends": "365d", 
                        "type": "7", 
                        "units": "", 
                        "username": "", 
                        "value_type": "3", 
                        "valuemap": []
                    }, 
                    {
                        "allowed_hosts": "", 
                        "applications": [
                            {
                                "name": "General"
                            }
                        ], 
                        "authtype": "0", 
                        "delay": "1m", 
                        "description": "", 
                        "history": "90d", 
                        "inventory_link": "0", 
                        "ipmi_sensor": "", 
                        "jmx_endpoint": "", 
                        "key": "system.users.num", 
                        "logtimefmt": "", 
                        "master_item": [], 
                        "name": "Logged in Users", 
                        "params": "", 
                        "password": "", 
                        "port": "", 
                        "preprocessing": [], 
                        "privatekey": "", 
                        "publickey": "", 
                        "snmp_community": "", 
                        "snmp_oid": "", 
                        "snmpv3_authpassphrase": "", 
                        "snmpv3_authprotocol": "0", 
                        "snmpv3_contextname": "", 
                        "snmpv3_privpassphrase": "", 
                        "snmpv3_privprotocol": "0", 
                        "snmpv3_securitylevel": "0", 
                        "snmpv3_securityname": "", 
                        "status": "0", 
                        "trends": "365d", 
                        "type": "7", 
                        "units": "", 
                        "username": "", 
                        "value_type": "3", 
                        "valuemap": []
                    }
                ], 
                "macros": [], 
                "name": "CORP Template OS Unix", 
                "screens": [], 
                "template": "CORP Template OS Unix", 
                "templates": [
                    {
                        "name": "CORP Template Module SSH"
                    }, 
                    {
                        "name": "CORP Template OS Base"
                    }
                ]
            }
        ], 
        "triggers": [
            {
                "correlation_mode": "0", 
                "correlation_tag": "", 
                "dependencies": [
                    {
                        "expression": "{CORP Template OS Unix:icmpping.count({$ICMP_CRIT_TIME},0,eq)}>{$ICMP_CRIT}", 
                        "name": "Unavailable by ICMP ping", 
                        "recovery_expression": ""
                    }
                ], 
                "description": "", 
                "expression": "{CORP Template OS Unix:net.tcp.service.perf[ssh].count({$SSH_ALERT},0,eq)}>3", 
                "manual_close": "0", 
                "name": "SSH Port is down", 
                "priority": "3", 
                "recovery_expression": "", 
                "recovery_mode": "0", 
                "status": "0", 
                "tags": [], 
                "type": "0", 
                "url": ""
            }
        ], 
        "version": "3.4"
    }
}