{
    "zabbix_export": {
        "groups": [
            {
                "name": "CORP/Templates/Cloud"
            }
        ], 
        "templates": [
            {
                "applications": [
                    {
                        "name": "CPU"
                    }, 
                    {
                        "name": "Network"
                    }, 
                    {
                        "name": "System health"
                    }
                ], 
                "description": "", 
                "discovery_rules": [], 
                "groups": [
                    {
                        "name": "CORP/Templates/Cloud"
                    }
                ], 
                "httptests": [], 
                "items": [
                    {
                        "allowed_hosts": "", 
                        "applications": [
                            {
                                "name": "CPU"
                            }
                        ], 
                        "authtype": "0", 
                        "delay": "600", 
                        "description": "", 
                        "history": "90d", 
                        "inventory_link": "0", 
                        "ipmi_sensor": "", 
                        "jmx_endpoint": "", 
                        "key": "cloudwatch.metric[600,CPUUtilization,AWS/EC2,Average,{$REGION},InstanceId={HOST.HOST},{$ACCOUNT}]", 
                        "logtimefmt": "", 
                        "master_item": [], 
                        "name": "CPU Usage", 
                        "params": "", 
                        "password": "", 
                        "port": "", 
                        "preprocessing": [], 
                        "privatekey": "", 
                        "publickey": "", 
                        "snmp_community": "", 
                        "snmp_oid": "", 
                        "snmpv3_authpassphrase": "", 
                        "snmpv3_authprotocol": "0", 
                        "snmpv3_contextname": "", 
                        "snmpv3_privpassphrase": "", 
                        "snmpv3_privprotocol": "0", 
                        "snmpv3_securitylevel": "0", 
                        "snmpv3_securityname": "", 
                        "status": "0", 
                        "trends": "365d", 
                        "type": "10", 
                        "units": "%", 
                        "username": "", 
                        "value_type": "0", 
                        "valuemap": []
                    }, 
                    {
                        "allowed_hosts": "", 
                        "applications": [
                            {
                                "name": "Network"
                            }
                        ], 
                        "authtype": "0", 
                        "delay": "300", 
                        "description": "", 
                        "history": "90d", 
                        "inventory_link": "0", 
                        "ipmi_sensor": "", 
                        "jmx_endpoint": "", 
                        "key": "cloudwatch.metric[600,NetworkIn,AWS/EC2,Average,{$REGION},InstanceId={HOST.HOST},{$ACCOUNT}]", 
                        "logtimefmt": "", 
                        "master_item": [], 
                        "name": "Network In", 
                        "params": "", 
                        "password": "", 
                        "port": "", 
                        "preprocessing": [
                            {
                                "params": "", 
                                "type": "10"
                            }
                        ], 
                        "privatekey": "", 
                        "publickey": "", 
                        "snmp_community": "", 
                        "snmp_oid": "", 
                        "snmpv3_authpassphrase": "", 
                        "snmpv3_authprotocol": "0", 
                        "snmpv3_contextname": "", 
                        "snmpv3_privpassphrase": "", 
                        "snmpv3_privprotocol": "0", 
                        "snmpv3_securitylevel": "0", 
                        "snmpv3_securityname": "", 
                        "status": "0", 
                        "trends": "365d", 
                        "type": "10", 
                        "units": "Bps", 
                        "username": "", 
                        "value_type": "0", 
                        "valuemap": []
                    }, 
                    {
                        "allowed_hosts": "", 
                        "applications": [
                            {
                                "name": "Network"
                            }
                        ], 
                        "authtype": "0", 
                        "delay": "300", 
                        "description": "", 
                        "history": "90d", 
                        "inventory_link": "0", 
                        "ipmi_sensor": "", 
                        "jmx_endpoint": "", 
                        "key": "cloudwatch.metric[600,NetworkOut,AWS/EC2,Average,{$REGION},InstanceId={HOST.HOST},{$ACCOUNT}]", 
                        "logtimefmt": "", 
                        "master_item": [], 
                        "name": "Network Out", 
                        "params": "", 
                        "password": "", 
                        "port": "", 
                        "preprocessing": [
                            {
                                "params": "", 
                                "type": "10"
                            }
                        ], 
                        "privatekey": "", 
                        "publickey": "", 
                        "snmp_community": "", 
                        "snmp_oid": "", 
                        "snmpv3_authpassphrase": "", 
                        "snmpv3_authprotocol": "0", 
                        "snmpv3_contextname": "", 
                        "snmpv3_privpassphrase": "", 
                        "snmpv3_privprotocol": "0", 
                        "snmpv3_securitylevel": "0", 
                        "snmpv3_securityname": "", 
                        "status": "0", 
                        "trends": "365d", 
                        "type": "10", 
                        "units": "Bps", 
                        "username": "", 
                        "value_type": "0", 
                        "valuemap": []
                    }, 
                    {
                        "allowed_hosts": "", 
                        "applications": [
                            {
                                "name": "System health"
                            }
                        ], 
                        "authtype": "0", 
                        "delay": "300", 
                        "description": "", 
                        "history": "90d", 
                        "inventory_link": "0", 
                        "ipmi_sensor": "", 
                        "jmx_endpoint": "", 
                        "key": "cloudwatch.metric[600,StatusCheckFailed_Instance,AWS/EC2,Maximum,{$REGION},InstanceId={HOST.HOST},{$ACCOUNT}]", 
                        "logtimefmt": "", 
                        "master_item": [], 
                        "name": "Instance health", 
                        "params": "", 
                        "password": "", 
                        "port": "", 
                        "preprocessing": [], 
                        "privatekey": "", 
                        "publickey": "", 
                        "snmp_community": "", 
                        "snmp_oid": "", 
                        "snmpv3_authpassphrase": "", 
                        "snmpv3_authprotocol": "0", 
                        "snmpv3_contextname": "", 
                        "snmpv3_privpassphrase": "", 
                        "snmpv3_privprotocol": "0", 
                        "snmpv3_securitylevel": "0", 
                        "snmpv3_securityname": "", 
                        "status": "0", 
                        "trends": "365d", 
                        "type": "10", 
                        "units": "fail(s)", 
                        "username": "", 
                        "value_type": "0", 
                        "valuemap": []
                    }, 
                    {
                        "allowed_hosts": "", 
                        "applications": [
                            {
                                "name": "System health"
                            }
                        ], 
                        "authtype": "0", 
                        "delay": "600", 
                        "description": "", 
                        "history": "90d", 
                        "inventory_link": "0", 
                        "ipmi_sensor": "", 
                        "jmx_endpoint": "", 
                        "key": "cloudwatch.metric[600,StatusCheckFailed_System,AWS/EC2,Maximum,{$REGION},InstanceId={HOST.HOST},{$ACCOUNT}]", 
                        "logtimefmt": "", 
                        "master_item": [], 
                        "name": "Hypervisor health", 
                        "params": "", 
                        "password": "", 
                        "port": "", 
                        "preprocessing": [], 
                        "privatekey": "", 
                        "publickey": "", 
                        "snmp_community": "", 
                        "snmp_oid": "", 
                        "snmpv3_authpassphrase": "", 
                        "snmpv3_authprotocol": "0", 
                        "snmpv3_contextname": "", 
                        "snmpv3_privpassphrase": "", 
                        "snmpv3_privprotocol": "0", 
                        "snmpv3_securitylevel": "0", 
                        "snmpv3_securityname": "", 
                        "status": "0", 
                        "trends": "365d", 
                        "type": "10", 
                        "units": "fail(s)", 
                        "username": "", 
                        "value_type": "0", 
                        "valuemap": []
                    }
                ], 
                "macros": [], 
                "name": "CORP Template AWS EC2 Instance", 
                "screens": [], 
                "template": "CORP Template AWS EC2 Instance", 
                "templates": []
            }
        ], 
        "version": "3.4"
    }
}