{
    "zabbix_export": {
        "groups": [
            {
                "name": "CORP/Templates/Modules"
            }
        ], 
        "templates": [
            {
                "applications": [
                    {
                        "name": "Hybris"
                    }
                ], 
                "description": "", 
                "discovery_rules": [
                    {
                        "allowed_hosts": "", 
                        "authtype": "0", 
                        "delay": "1m", 
                        "description": "", 
                        "filter": {
                            "conditions": [], 
                            "evaltype": "0", 
                            "formula": ""
                        }, 
                        "graph_prototypes": [], 
                        "host_prototypes": [], 
                        "ipmi_sensor": "", 
                        "item_prototypes": [
                            {
                                "allowed_hosts": "", 
                                "application_prototypes": [], 
                                "applications": [
                                    {
                                        "name": "Hybris"
                                    }
                                ], 
                                "authtype": "0", 
                                "delay": "1h", 
                                "description": "{#JMXTYPE};{#JMXVALUE};{#JMXDESC}", 
                                "history": "90d", 
                                "inventory_link": "0", 
                                "ipmi_sensor": "", 
                                "jmx_endpoint": "service:jmx:rmi:///jndi/rmi://{HOST.CONN}:{HOST.PORT}/jmxrmi", 
                                "key": "jmx[\"{#JMXOBJ}\",\"{#JMXATTR}\"]", 
                                "logtimefmt": "", 
                                "master_item_prototype": [], 
                                "name": "{#JMXOBJ}:{#JMXATTR}", 
                                "params": "", 
                                "password": "nimda", 
                                "port": "", 
                                "preprocessing": [], 
                                "privatekey": "", 
                                "publickey": "", 
                                "snmp_community": "", 
                                "snmp_oid": "", 
                                "snmpv3_authpassphrase": "", 
                                "snmpv3_authprotocol": "0", 
                                "snmpv3_contextname": "", 
                                "snmpv3_privpassphrase": "", 
                                "snmpv3_privprotocol": "0", 
                                "snmpv3_securitylevel": "0", 
                                "snmpv3_securityname": "", 
                                "status": "0", 
                                "trends": "0", 
                                "type": "16", 
                                "units": "", 
                                "username": "admin", 
                                "value_type": "4", 
                                "valuemap": []
                            }
                        ], 
                        "jmx_endpoint": "service:jmx:rmi:///jndi/rmi://{HOST.CONN}:{HOST.PORT}/jmxrmi", 
                        "key": "jmx.discovery[attributes]", 
                        "lifetime": "30d", 
                        "name": "JMX Discovery Beans", 
                        "params": "", 
                        "password": "nimda", 
                        "port": "", 
                        "privatekey": "", 
                        "publickey": "", 
                        "snmp_community": "", 
                        "snmp_oid": "", 
                        "snmpv3_authpassphrase": "", 
                        "snmpv3_authprotocol": "0", 
                        "snmpv3_contextname": "", 
                        "snmpv3_privpassphrase": "", 
                        "snmpv3_privprotocol": "0", 
                        "snmpv3_securitylevel": "0", 
                        "snmpv3_securityname": "", 
                        "status": "0", 
                        "trigger_prototypes": [], 
                        "type": "16", 
                        "username": "admin"
                    }
                ], 
                "groups": [
                    {
                        "name": "CORP/Templates/Modules"
                    }
                ], 
                "httptests": [], 
                "items": [], 
                "macros": [], 
                "name": "CORP Template Module Hybris JMX", 
                "screens": [], 
                "template": "CORP Template Module Hybris JMX", 
                "templates": []
            }
        ], 
        "version": "3.4"
    }
}