{
    "zabbix_export": {
        "groups": [
            {
                "name": "CORP/Templates/Applications"
            }
        ], 
        "templates": [
            {
                "applications": [], 
                "description": "", 
                "discovery_rules": [], 
                "groups": [
                    {
                        "name": "CORP/Templates/Applications"
                    }
                ], 
                "httptests": [], 
                "items": [], 
                "macros": [
                    {
                        "macro": "{$JMX_PASSWORD}", 
                        "value": "nimda"
                    }, 
                    {
                        "macro": "{$JMX_USER}", 
                        "value": "admin"
                    }
                ], 
                "name": "CORP Template App Server eCommers HLSolr", 
                "screens": [], 
                "template": "CORP Template App Server eCommers HLSolr", 
                "templates": [
                    {
                        "name": "CORP Template Module Clamav Scan"
                    }, 
                    {
                        "name": "CORP Template Module Java Catalina"
                    }, 
                    {
                        "name": "CORP Template Module Java Hybris JMX"
                    }, 
                    {
                        "name": "CORP Template Module Java java.lang"
                    }, 
                    {
                        "name": "CORP Template Module OSSec"
                    }, 
                    {
                        "name": "CORP Template Module Sendmail"
                    }, 
                    {
                        "name": "CORP Template OS Linux"
                    }
                ]
            }
        ], 
        "version": "3.4"
    }
}