{
    "zabbix_export": {
        "graphs": [
            {
                "graph_items": [
                    {
                        "calc_fnc": "2", 
                        "color": "C80000", 
                        "drawtype": "0", 
                        "item": {
                            "host": "CORP Template App Apache Tomcat JMX", 
                            "key": "jmx[\"Catalina:type=ThreadPool,name=http-8080\",maxThreads]"
                        }, 
                        "sortorder": "0", 
                        "type": "0", 
                        "yaxisside": "0"
                    }, 
                    {
                        "calc_fnc": "2", 
                        "color": "00C800", 
                        "drawtype": "0", 
                        "item": {
                            "host": "CORP Template App Apache Tomcat JMX", 
                            "key": "jmx[\"Catalina:type=ThreadPool,name=http-8080\",currentThreadsBusy]"
                        }, 
                        "sortorder": "1", 
                        "type": "0", 
                        "yaxisside": "0"
                    }, 
                    {
                        "calc_fnc": "2", 
                        "color": "0000C8", 
                        "drawtype": "0", 
                        "item": {
                            "host": "CORP Template App Apache Tomcat JMX", 
                            "key": "jmx[\"Catalina:type=ThreadPool,name=http-8080\",currentThreadCount]"
                        }, 
                        "sortorder": "2", 
                        "type": "0", 
                        "yaxisside": "0"
                    }
                ], 
                "height": "200", 
                "name": "http-8080 worker threads", 
                "percent_left": "0.0000", 
                "percent_right": "0.0000", 
                "show_3d": "0", 
                "show_legend": "1", 
                "show_triggers": "1", 
                "show_work_period": "1", 
                "type": "0", 
                "width": "900", 
                "yaxismax": "100.0000", 
                "yaxismin": "0.0000", 
                "ymax_item_1": "0", 
                "ymax_type_1": "0", 
                "ymin_item_1": "0", 
                "ymin_type_1": "0"
            }, 
            {
                "graph_items": [
                    {
                        "calc_fnc": "2", 
                        "color": "C80000", 
                        "drawtype": "0", 
                        "item": {
                            "host": "CORP Template App Apache Tomcat JMX", 
                            "key": "jmx[\"Catalina:type=ThreadPool,name=http-8443\",maxThreads]"
                        }, 
                        "sortorder": "0", 
                        "type": "0", 
                        "yaxisside": "0"
                    }, 
                    {
                        "calc_fnc": "2", 
                        "color": "00C800", 
                        "drawtype": "0", 
                        "item": {
                            "host": "CORP Template App Apache Tomcat JMX", 
                            "key": "jmx[\"Catalina:type=ThreadPool,name=http-8443\",currentThreadsBusy]"
                        }, 
                        "sortorder": "1", 
                        "type": "0", 
                        "yaxisside": "0"
                    }, 
                    {
                        "calc_fnc": "2", 
                        "color": "0000C8", 
                        "drawtype": "0", 
                        "item": {
                            "host": "CORP Template App Apache Tomcat JMX", 
                            "key": "jmx[\"Catalina:type=ThreadPool,name=http-8443\",currentThreadCount]"
                        }, 
                        "sortorder": "2", 
                        "type": "0", 
                        "yaxisside": "0"
                    }
                ], 
                "height": "200", 
                "name": "http-8443 worker threads", 
                "percent_left": "0.0000", 
                "percent_right": "0.0000", 
                "show_3d": "0", 
                "show_legend": "1", 
                "show_triggers": "1", 
                "show_work_period": "1", 
                "type": "0", 
                "width": "900", 
                "yaxismax": "100.0000", 
                "yaxismin": "0.0000", 
                "ymax_item_1": "0", 
                "ymax_type_1": "0", 
                "ymin_item_1": "0", 
                "ymin_type_1": "0"
            }, 
            {
                "graph_items": [
                    {
                        "calc_fnc": "2", 
                        "color": "C80000", 
                        "drawtype": "0", 
                        "item": {
                            "host": "CORP Template App Apache Tomcat JMX", 
                            "key": "jmx[\"Catalina:type=ThreadPool,name=jk-8009\",maxThreads]"
                        }, 
                        "sortorder": "0", 
                        "type": "0", 
                        "yaxisside": "0"
                    }, 
                    {
                        "calc_fnc": "2", 
                        "color": "00C800", 
                        "drawtype": "0", 
                        "item": {
                            "host": "CORP Template App Apache Tomcat JMX", 
                            "key": "jmx[\"Catalina:type=ThreadPool,name=jk-8009\",currentThreadsBusy]"
                        }, 
                        "sortorder": "1", 
                        "type": "0", 
                        "yaxisside": "0"
                    }, 
                    {
                        "calc_fnc": "2", 
                        "color": "0000C8", 
                        "drawtype": "0", 
                        "item": {
                            "host": "CORP Template App Apache Tomcat JMX", 
                            "key": "jmx[\"Catalina:type=ThreadPool,name=jk-8009\",currentThreadCount]"
                        }, 
                        "sortorder": "2", 
                        "type": "0", 
                        "yaxisside": "0"
                    }
                ], 
                "height": "200", 
                "name": "jk-8009 worker threads", 
                "percent_left": "0.0000", 
                "percent_right": "0.0000", 
                "show_3d": "0", 
                "show_legend": "1", 
                "show_triggers": "1", 
                "show_work_period": "1", 
                "type": "0", 
                "width": "900", 
                "yaxismax": "100.0000", 
                "yaxismin": "0.0000", 
                "ymax_item_1": "0", 
                "ymax_type_1": "0", 
                "ymin_item_1": "0", 
                "ymin_type_1": "0"
            }, 
            {
                "graph_items": [
                    {
                        "calc_fnc": "2", 
                        "color": "C80000", 
                        "drawtype": "0", 
                        "item": {
                            "host": "CORP Template App Apache Tomcat JMX", 
                            "key": "jmx[\"Catalina:type=Manager,path=/,host=localhost\",rejectedSessions]"
                        }, 
                        "sortorder": "0", 
                        "type": "0", 
                        "yaxisside": "0"
                    }, 
                    {
                        "calc_fnc": "2", 
                        "color": "00C800", 
                        "drawtype": "0", 
                        "item": {
                            "host": "CORP Template App Apache Tomcat JMX", 
                            "key": "jmx[\"Catalina:type=Manager,path=/,host=localhost\",activeSessions]"
                        }, 
                        "sortorder": "1", 
                        "type": "0", 
                        "yaxisside": "0"
                    }, 
                    {
                        "calc_fnc": "2", 
                        "color": "0000C8", 
                        "drawtype": "0", 
                        "item": {
                            "host": "CORP Template App Apache Tomcat JMX", 
                            "key": "jmx[\"Catalina:type=Manager,path=/,host=localhost\",maxActiveSessions]"
                        }, 
                        "sortorder": "2", 
                        "type": "0", 
                        "yaxisside": "0"
                    }
                ], 
                "height": "200", 
                "name": "sessions /", 
                "percent_left": "0.0000", 
                "percent_right": "0.0000", 
                "show_3d": "0", 
                "show_legend": "1", 
                "show_triggers": "1", 
                "show_work_period": "1", 
                "type": "0", 
                "width": "900", 
                "yaxismax": "100.0000", 
                "yaxismin": "0.0000", 
                "ymax_item_1": "0", 
                "ymax_type_1": "0", 
                "ymin_item_1": "0", 
                "ymin_type_1": "0"
            }
        ], 
        "groups": [
            {
                "name": "CORP/Templates/Applications"
            }
        ], 
        "templates": [
            {
                "applications": [
                    {
                        "name": "http-8080"
                    }, 
                    {
                        "name": "http-8443"
                    }, 
                    {
                        "name": "jk-8009"
                    }, 
                    {
                        "name": "Sessions"
                    }, 
                    {
                        "name": "Tomcat"
                    }
                ], 
                "description": "", 
                "discovery_rules": [], 
                "groups": [
                    {
                        "name": "CORP/Templates/Applications"
                    }
                ], 
                "httptests": [], 
                "items": [
                    {
                        "allowed_hosts": "", 
                        "applications": [
                            {
                                "name": "http-8080"
                            }
                        ], 
                        "authtype": "0", 
                        "delay": "1m", 
                        "description": "", 
                        "history": "1w", 
                        "inventory_link": "0", 
                        "ipmi_sensor": "", 
                        "jmx_endpoint": "service:jmx:rmi:///jndi/rmi://{HOST.CONN}:{HOST.PORT}/jmxrmi", 
                        "key": "jmx[\"Catalina:type=GlobalRequestProcessor,name=http-8080\",bytesReceived]", 
                        "logtimefmt": "", 
                        "master_item": [], 
                        "name": "http-8080 bytes received per second", 
                        "params": "", 
                        "password": "{$JMX_PASSWORD}", 
                        "port": "", 
                        "preprocessing": [
                            {
                                "params": "", 
                                "type": "10"
                            }
                        ], 
                        "privatekey": "", 
                        "publickey": "", 
                        "snmp_community": "", 
                        "snmp_oid": "", 
                        "snmpv3_authpassphrase": "", 
                        "snmpv3_authprotocol": "0", 
                        "snmpv3_contextname": "", 
                        "snmpv3_privpassphrase": "", 
                        "snmpv3_privprotocol": "0", 
                        "snmpv3_securitylevel": "0", 
                        "snmpv3_securityname": "", 
                        "status": "0", 
                        "trends": "365d", 
                        "type": "16", 
                        "units": "B", 
                        "username": "{$JMX_USER}", 
                        "value_type": "0", 
                        "valuemap": []
                    }, 
                    {
                        "allowed_hosts": "", 
                        "applications": [
                            {
                                "name": "http-8080"
                            }
                        ], 
                        "authtype": "0", 
                        "delay": "1m", 
                        "description": "", 
                        "history": "1w", 
                        "inventory_link": "0", 
                        "ipmi_sensor": "", 
                        "jmx_endpoint": "service:jmx:rmi:///jndi/rmi://{HOST.CONN}:{HOST.PORT}/jmxrmi", 
                        "key": "jmx[\"Catalina:type=GlobalRequestProcessor,name=http-8080\",bytesSent]", 
                        "logtimefmt": "", 
                        "master_item": [], 
                        "name": "http-8080 bytes sent per second", 
                        "params": "", 
                        "password": "{$JMX_PASSWORD}", 
                        "port": "", 
                        "preprocessing": [
                            {
                                "params": "", 
                                "type": "10"
                            }
                        ], 
                        "privatekey": "", 
                        "publickey": "", 
                        "snmp_community": "", 
                        "snmp_oid": "", 
                        "snmpv3_authpassphrase": "", 
                        "snmpv3_authprotocol": "0", 
                        "snmpv3_contextname": "", 
                        "snmpv3_privpassphrase": "", 
                        "snmpv3_privprotocol": "0", 
                        "snmpv3_securitylevel": "0", 
                        "snmpv3_securityname": "", 
                        "status": "0", 
                        "trends": "365d", 
                        "type": "16", 
                        "units": "B", 
                        "username": "{$JMX_USER}", 
                        "value_type": "0", 
                        "valuemap": []
                    }, 
                    {
                        "allowed_hosts": "", 
                        "applications": [
                            {
                                "name": "http-8080"
                            }
                        ], 
                        "authtype": "0", 
                        "delay": "1m", 
                        "description": "", 
                        "history": "1w", 
                        "inventory_link": "0", 
                        "ipmi_sensor": "", 
                        "jmx_endpoint": "service:jmx:rmi:///jndi/rmi://{HOST.CONN}:{HOST.PORT}/jmxrmi", 
                        "key": "jmx[\"Catalina:type=GlobalRequestProcessor,name=http-8080\",errorCount]", 
                        "logtimefmt": "", 
                        "master_item": [], 
                        "name": "http-8080 errors per second", 
                        "params": "", 
                        "password": "{$JMX_PASSWORD}", 
                        "port": "", 
                        "preprocessing": [
                            {
                                "params": "", 
                                "type": "10"
                            }
                        ], 
                        "privatekey": "", 
                        "publickey": "", 
                        "snmp_community": "", 
                        "snmp_oid": "", 
                        "snmpv3_authpassphrase": "", 
                        "snmpv3_authprotocol": "0", 
                        "snmpv3_contextname": "", 
                        "snmpv3_privpassphrase": "", 
                        "snmpv3_privprotocol": "0", 
                        "snmpv3_securitylevel": "0", 
                        "snmpv3_securityname": "", 
                        "status": "0", 
                        "trends": "365d", 
                        "type": "16", 
                        "units": "", 
                        "username": "{$JMX_USER}", 
                        "value_type": "0", 
                        "valuemap": []
                    }, 
                    {
                        "allowed_hosts": "", 
                        "applications": [
                            {
                                "name": "http-8080"
                            }
                        ], 
                        "authtype": "0", 
                        "delay": "1m", 
                        "description": "", 
                        "history": "1w", 
                        "inventory_link": "0", 
                        "ipmi_sensor": "", 
                        "jmx_endpoint": "service:jmx:rmi:///jndi/rmi://{HOST.CONN}:{HOST.PORT}/jmxrmi", 
                        "key": "jmx[\"Catalina:type=GlobalRequestProcessor,name=http-8080\",processingTime]", 
                        "logtimefmt": "", 
                        "master_item": [], 
                        "name": "http-8080 request processing time", 
                        "params": "", 
                        "password": "{$JMX_PASSWORD}", 
                        "port": "", 
                        "preprocessing": [
                            {
                                "params": "0.001", 
                                "type": "1"
                            }
                        ], 
                        "privatekey": "", 
                        "publickey": "", 
                        "snmp_community": "", 
                        "snmp_oid": "", 
                        "snmpv3_authpassphrase": "", 
                        "snmpv3_authprotocol": "0", 
                        "snmpv3_contextname": "", 
                        "snmpv3_privpassphrase": "", 
                        "snmpv3_privprotocol": "0", 
                        "snmpv3_securitylevel": "0", 
                        "snmpv3_securityname": "", 
                        "status": "0", 
                        "trends": "365d", 
                        "type": "16", 
                        "units": "s", 
                        "username": "{$JMX_USER}", 
                        "value_type": "0", 
                        "valuemap": []
                    }, 
                    {
                        "allowed_hosts": "", 
                        "applications": [
                            {
                                "name": "http-8080"
                            }
                        ], 
                        "authtype": "0", 
                        "delay": "1m", 
                        "description": "", 
                        "history": "1w", 
                        "inventory_link": "0", 
                        "ipmi_sensor": "", 
                        "jmx_endpoint": "service:jmx:rmi:///jndi/rmi://{HOST.CONN}:{HOST.PORT}/jmxrmi", 
                        "key": "jmx[\"Catalina:type=GlobalRequestProcessor,name=http-8080\",requestCount]", 
                        "logtimefmt": "", 
                        "master_item": [], 
                        "name": "http-8080 requests per second", 
                        "params": "", 
                        "password": "{$JMX_PASSWORD}", 
                        "port": "", 
                        "preprocessing": [
                            {
                                "params": "", 
                                "type": "10"
                            }
                        ], 
                        "privatekey": "", 
                        "publickey": "", 
                        "snmp_community": "", 
                        "snmp_oid": "", 
                        "snmpv3_authpassphrase": "", 
                        "snmpv3_authprotocol": "0", 
                        "snmpv3_contextname": "", 
                        "snmpv3_privpassphrase": "", 
                        "snmpv3_privprotocol": "0", 
                        "snmpv3_securitylevel": "0", 
                        "snmpv3_securityname": "", 
                        "status": "0", 
                        "trends": "365d", 
                        "type": "16", 
                        "units": "", 
                        "username": "{$JMX_USER}", 
                        "value_type": "0", 
                        "valuemap": []
                    }, 
                    {
                        "allowed_hosts": "", 
                        "applications": [
                            {
                                "name": "http-8443"
                            }
                        ], 
                        "authtype": "0", 
                        "delay": "1m", 
                        "description": "", 
                        "history": "1w", 
                        "inventory_link": "0", 
                        "ipmi_sensor": "", 
                        "jmx_endpoint": "service:jmx:rmi:///jndi/rmi://{HOST.CONN}:{HOST.PORT}/jmxrmi", 
                        "key": "jmx[\"Catalina:type=GlobalRequestProcessor,name=http-8443\",bytesReceived]", 
                        "logtimefmt": "", 
                        "master_item": [], 
                        "name": "http-8443 bytes received per second", 
                        "params": "", 
                        "password": "{$JMX_PASSWORD}", 
                        "port": "", 
                        "preprocessing": [
                            {
                                "params": "", 
                                "type": "10"
                            }
                        ], 
                        "privatekey": "", 
                        "publickey": "", 
                        "snmp_community": "", 
                        "snmp_oid": "", 
                        "snmpv3_authpassphrase": "", 
                        "snmpv3_authprotocol": "0", 
                        "snmpv3_contextname": "", 
                        "snmpv3_privpassphrase": "", 
                        "snmpv3_privprotocol": "0", 
                        "snmpv3_securitylevel": "0", 
                        "snmpv3_securityname": "", 
                        "status": "0", 
                        "trends": "365d", 
                        "type": "16", 
                        "units": "B", 
                        "username": "{$JMX_USER}", 
                        "value_type": "0", 
                        "valuemap": []
                    }, 
                    {
                        "allowed_hosts": "", 
                        "applications": [
                            {
                                "name": "http-8443"
                            }
                        ], 
                        "authtype": "0", 
                        "delay": "1m", 
                        "description": "", 
                        "history": "1w", 
                        "inventory_link": "0", 
                        "ipmi_sensor": "", 
                        "jmx_endpoint": "service:jmx:rmi:///jndi/rmi://{HOST.CONN}:{HOST.PORT}/jmxrmi", 
                        "key": "jmx[\"Catalina:type=GlobalRequestProcessor,name=http-8443\", bytesSent]", 
                        "logtimefmt": "", 
                        "master_item": [], 
                        "name": "http-8443 bytes sent per second", 
                        "params": "", 
                        "password": "{$JMX_PASSWORD}", 
                        "port": "", 
                        "preprocessing": [
                            {
                                "params": "", 
                                "type": "10"
                            }
                        ], 
                        "privatekey": "", 
                        "publickey": "", 
                        "snmp_community": "", 
                        "snmp_oid": "", 
                        "snmpv3_authpassphrase": "", 
                        "snmpv3_authprotocol": "0", 
                        "snmpv3_contextname": "", 
                        "snmpv3_privpassphrase": "", 
                        "snmpv3_privprotocol": "0", 
                        "snmpv3_securitylevel": "0", 
                        "snmpv3_securityname": "", 
                        "status": "0", 
                        "trends": "365d", 
                        "type": "16", 
                        "units": "B", 
                        "username": "{$JMX_USER}", 
                        "value_type": "0", 
                        "valuemap": []
                    }, 
                    {
                        "allowed_hosts": "", 
                        "applications": [
                            {
                                "name": "http-8443"
                            }
                        ], 
                        "authtype": "0", 
                        "delay": "1m", 
                        "description": "", 
                        "history": "1w", 
                        "inventory_link": "0", 
                        "ipmi_sensor": "", 
                        "jmx_endpoint": "service:jmx:rmi:///jndi/rmi://{HOST.CONN}:{HOST.PORT}/jmxrmi", 
                        "key": "jmx[\"Catalina:type=GlobalRequestProcessor,name=http-8443\",errorCount]", 
                        "logtimefmt": "", 
                        "master_item": [], 
                        "name": "http-8443 errors per second", 
                        "params": "", 
                        "password": "{$JMX_PASSWORD}", 
                        "port": "", 
                        "preprocessing": [
                            {
                                "params": "", 
                                "type": "10"
                            }
                        ], 
                        "privatekey": "", 
                        "publickey": "", 
                        "snmp_community": "", 
                        "snmp_oid": "", 
                        "snmpv3_authpassphrase": "", 
                        "snmpv3_authprotocol": "0", 
                        "snmpv3_contextname": "", 
                        "snmpv3_privpassphrase": "", 
                        "snmpv3_privprotocol": "0", 
                        "snmpv3_securitylevel": "0", 
                        "snmpv3_securityname": "", 
                        "status": "0", 
                        "trends": "365d", 
                        "type": "16", 
                        "units": "", 
                        "username": "{$JMX_USER}", 
                        "value_type": "0", 
                        "valuemap": []
                    }, 
                    {
                        "allowed_hosts": "", 
                        "applications": [
                            {
                                "name": "http-8443"
                            }
                        ], 
                        "authtype": "0", 
                        "delay": "1m", 
                        "description": "", 
                        "history": "1w", 
                        "inventory_link": "0", 
                        "ipmi_sensor": "", 
                        "jmx_endpoint": "service:jmx:rmi:///jndi/rmi://{HOST.CONN}:{HOST.PORT}/jmxrmi", 
                        "key": "jmx[\"Catalina:type=GlobalRequestProcessor,name=http-8443\",processingTime]", 
                        "logtimefmt": "", 
                        "master_item": [], 
                        "name": "http-8443 request processing time", 
                        "params": "", 
                        "password": "{$JMX_PASSWORD}", 
                        "port": "", 
                        "preprocessing": [
                            {
                                "params": "0.001", 
                                "type": "1"
                            }
                        ], 
                        "privatekey": "", 
                        "publickey": "", 
                        "snmp_community": "", 
                        "snmp_oid": "", 
                        "snmpv3_authpassphrase": "", 
                        "snmpv3_authprotocol": "0", 
                        "snmpv3_contextname": "", 
                        "snmpv3_privpassphrase": "", 
                        "snmpv3_privprotocol": "0", 
                        "snmpv3_securitylevel": "0", 
                        "snmpv3_securityname": "", 
                        "status": "0", 
                        "trends": "365d", 
                        "type": "16", 
                        "units": "s", 
                        "username": "{$JMX_USER}", 
                        "value_type": "0", 
                        "valuemap": []
                    }, 
                    {
                        "allowed_hosts": "", 
                        "applications": [
                            {
                                "name": "http-8443"
                            }
                        ], 
                        "authtype": "0", 
                        "delay": "1m", 
                        "description": "", 
                        "history": "1w", 
                        "inventory_link": "0", 
                        "ipmi_sensor": "", 
                        "jmx_endpoint": "service:jmx:rmi:///jndi/rmi://{HOST.CONN}:{HOST.PORT}/jmxrmi", 
                        "key": "jmx[\"Catalina:type=GlobalRequestProcessor,name=http-8443\",requestCount]", 
                        "logtimefmt": "", 
                        "master_item": [], 
                        "name": "http-8443 requests per second", 
                        "params": "", 
                        "password": "{$JMX_PASSWORD}", 
                        "port": "", 
                        "preprocessing": [
                            {
                                "params": "", 
                                "type": "10"
                            }
                        ], 
                        "privatekey": "", 
                        "publickey": "", 
                        "snmp_community": "", 
                        "snmp_oid": "", 
                        "snmpv3_authpassphrase": "", 
                        "snmpv3_authprotocol": "0", 
                        "snmpv3_contextname": "", 
                        "snmpv3_privpassphrase": "", 
                        "snmpv3_privprotocol": "0", 
                        "snmpv3_securitylevel": "0", 
                        "snmpv3_securityname": "", 
                        "status": "0", 
                        "trends": "365d", 
                        "type": "16", 
                        "units": "", 
                        "username": "{$JMX_USER}", 
                        "value_type": "0", 
                        "valuemap": []
                    }, 
                    {
                        "allowed_hosts": "", 
                        "applications": [
                            {
                                "name": "jk-8009"
                            }
                        ], 
                        "authtype": "0", 
                        "delay": "1m", 
                        "description": "", 
                        "history": "1w", 
                        "inventory_link": "0", 
                        "ipmi_sensor": "", 
                        "jmx_endpoint": "service:jmx:rmi:///jndi/rmi://{HOST.CONN}:{HOST.PORT}/jmxrmi", 
                        "key": "jmx[\"Catalina:type=GlobalRequestProcessor,name=jk-8009\", bytesReceived]", 
                        "logtimefmt": "", 
                        "master_item": [], 
                        "name": "jk-8009 bytes received per second", 
                        "params": "", 
                        "password": "{$JMX_PASSWORD}", 
                        "port": "", 
                        "preprocessing": [
                            {
                                "params": "", 
                                "type": "10"
                            }
                        ], 
                        "privatekey": "", 
                        "publickey": "", 
                        "snmp_community": "", 
                        "snmp_oid": "", 
                        "snmpv3_authpassphrase": "", 
                        "snmpv3_authprotocol": "0", 
                        "snmpv3_contextname": "", 
                        "snmpv3_privpassphrase": "", 
                        "snmpv3_privprotocol": "0", 
                        "snmpv3_securitylevel": "0", 
                        "snmpv3_securityname": "", 
                        "status": "0", 
                        "trends": "365d", 
                        "type": "16", 
                        "units": "B", 
                        "username": "{$JMX_USER}", 
                        "value_type": "0", 
                        "valuemap": []
                    }, 
                    {
                        "allowed_hosts": "", 
                        "applications": [
                            {
                                "name": "jk-8009"
                            }
                        ], 
                        "authtype": "0", 
                        "delay": "1m", 
                        "description": "", 
                        "history": "1w", 
                        "inventory_link": "0", 
                        "ipmi_sensor": "", 
                        "jmx_endpoint": "service:jmx:rmi:///jndi/rmi://{HOST.CONN}:{HOST.PORT}/jmxrmi", 
                        "key": "jmx[\"Catalina:type=GlobalRequestProcessor,name=jk-8009\",bytesSent]", 
                        "logtimefmt": "", 
                        "master_item": [], 
                        "name": "jk-8009 bytes sent per second", 
                        "params": "", 
                        "password": "{$JMX_PASSWORD}", 
                        "port": "", 
                        "preprocessing": [
                            {
                                "params": "", 
                                "type": "10"
                            }
                        ], 
                        "privatekey": "", 
                        "publickey": "", 
                        "snmp_community": "", 
                        "snmp_oid": "", 
                        "snmpv3_authpassphrase": "", 
                        "snmpv3_authprotocol": "0", 
                        "snmpv3_contextname": "", 
                        "snmpv3_privpassphrase": "", 
                        "snmpv3_privprotocol": "0", 
                        "snmpv3_securitylevel": "0", 
                        "snmpv3_securityname": "", 
                        "status": "0", 
                        "trends": "365d", 
                        "type": "16", 
                        "units": "B", 
                        "username": "{$JMX_USER}", 
                        "value_type": "0", 
                        "valuemap": []
                    }, 
                    {
                        "allowed_hosts": "", 
                        "applications": [
                            {
                                "name": "jk-8009"
                            }
                        ], 
                        "authtype": "0", 
                        "delay": "1m", 
                        "description": "", 
                        "history": "1w", 
                        "inventory_link": "0", 
                        "ipmi_sensor": "", 
                        "jmx_endpoint": "service:jmx:rmi:///jndi/rmi://{HOST.CONN}:{HOST.PORT}/jmxrmi", 
                        "key": "jmx[\"Catalina:type=GlobalRequestProcessor,name=jk-8009\",errorCount]", 
                        "logtimefmt": "", 
                        "master_item": [], 
                        "name": "jk-8009 errors per second", 
                        "params": "", 
                        "password": "{$JMX_PASSWORD}", 
                        "port": "", 
                        "preprocessing": [
                            {
                                "params": "", 
                                "type": "10"
                            }
                        ], 
                        "privatekey": "", 
                        "publickey": "", 
                        "snmp_community": "", 
                        "snmp_oid": "", 
                        "snmpv3_authpassphrase": "", 
                        "snmpv3_authprotocol": "0", 
                        "snmpv3_contextname": "", 
                        "snmpv3_privpassphrase": "", 
                        "snmpv3_privprotocol": "0", 
                        "snmpv3_securitylevel": "0", 
                        "snmpv3_securityname": "", 
                        "status": "0", 
                        "trends": "365d", 
                        "type": "16", 
                        "units": "", 
                        "username": "{$JMX_USER}", 
                        "value_type": "0", 
                        "valuemap": []
                    }, 
                    {
                        "allowed_hosts": "", 
                        "applications": [
                            {
                                "name": "jk-8009"
                            }
                        ], 
                        "authtype": "0", 
                        "delay": "1m", 
                        "description": "", 
                        "history": "1w", 
                        "inventory_link": "0", 
                        "ipmi_sensor": "", 
                        "jmx_endpoint": "service:jmx:rmi:///jndi/rmi://{HOST.CONN}:{HOST.PORT}/jmxrmi", 
                        "key": "jmx[\"Catalina:type=GlobalRequestProcessor,name=jk-8009\",processingTime]", 
                        "logtimefmt": "", 
                        "master_item": [], 
                        "name": "jk-8009 request processing time", 
                        "params": "", 
                        "password": "{$JMX_PASSWORD}", 
                        "port": "", 
                        "preprocessing": [
                            {
                                "params": "0.001", 
                                "type": "1"
                            }
                        ], 
                        "privatekey": "", 
                        "publickey": "", 
                        "snmp_community": "", 
                        "snmp_oid": "", 
                        "snmpv3_authpassphrase": "", 
                        "snmpv3_authprotocol": "0", 
                        "snmpv3_contextname": "", 
                        "snmpv3_privpassphrase": "", 
                        "snmpv3_privprotocol": "0", 
                        "snmpv3_securitylevel": "0", 
                        "snmpv3_securityname": "", 
                        "status": "0", 
                        "trends": "365d", 
                        "type": "16", 
                        "units": "s", 
                        "username": "{$JMX_USER}", 
                        "value_type": "0", 
                        "valuemap": []
                    }, 
                    {
                        "allowed_hosts": "", 
                        "applications": [
                            {
                                "name": "jk-8009"
                            }
                        ], 
                        "authtype": "0", 
                        "delay": "1m", 
                        "description": "", 
                        "history": "1w", 
                        "inventory_link": "0", 
                        "ipmi_sensor": "", 
                        "jmx_endpoint": "service:jmx:rmi:///jndi/rmi://{HOST.CONN}:{HOST.PORT}/jmxrmi", 
                        "key": "jmx[\"Catalina:type=GlobalRequestProcessor,name=jk-8009\",requestCount]", 
                        "logtimefmt": "", 
                        "master_item": [], 
                        "name": "jk-8009 requests per second", 
                        "params": "", 
                        "password": "{$JMX_PASSWORD}", 
                        "port": "", 
                        "preprocessing": [
                            {
                                "params": "", 
                                "type": "10"
                            }
                        ], 
                        "privatekey": "", 
                        "publickey": "", 
                        "snmp_community": "", 
                        "snmp_oid": "", 
                        "snmpv3_authpassphrase": "", 
                        "snmpv3_authprotocol": "0", 
                        "snmpv3_contextname": "", 
                        "snmpv3_privpassphrase": "", 
                        "snmpv3_privprotocol": "0", 
                        "snmpv3_securitylevel": "0", 
                        "snmpv3_securityname": "", 
                        "status": "0", 
                        "trends": "365d", 
                        "type": "16", 
                        "units": "", 
                        "username": "{$JMX_USER}", 
                        "value_type": "0", 
                        "valuemap": []
                    }, 
                    {
                        "allowed_hosts": "", 
                        "applications": [
                            {
                                "name": "Sessions"
                            }
                        ], 
                        "authtype": "0", 
                        "delay": "1m", 
                        "description": "", 
                        "history": "1w", 
                        "inventory_link": "0", 
                        "ipmi_sensor": "", 
                        "jmx_endpoint": "service:jmx:rmi:///jndi/rmi://{HOST.CONN}:{HOST.PORT}/jmxrmi", 
                        "key": "jmx[\"Catalina:type=Manager,path=/,host=localhost\",activeSessions]", 
                        "logtimefmt": "", 
                        "master_item": [], 
                        "name": "Number of active sessions at this moment", 
                        "params": "", 
                        "password": "{$JMX_PASSWORD}", 
                        "port": "", 
                        "preprocessing": [], 
                        "privatekey": "", 
                        "publickey": "", 
                        "snmp_community": "", 
                        "snmp_oid": "", 
                        "snmpv3_authpassphrase": "", 
                        "snmpv3_authprotocol": "0", 
                        "snmpv3_contextname": "", 
                        "snmpv3_privpassphrase": "", 
                        "snmpv3_privprotocol": "0", 
                        "snmpv3_securitylevel": "0", 
                        "snmpv3_securityname": "", 
                        "status": "0", 
                        "trends": "365d", 
                        "type": "16", 
                        "units": "", 
                        "username": "{$JMX_USER}", 
                        "value_type": "3", 
                        "valuemap": []
                    }, 
                    {
                        "allowed_hosts": "", 
                        "applications": [
                            {
                                "name": "Sessions"
                            }
                        ], 
                        "authtype": "0", 
                        "delay": "1h", 
                        "description": "", 
                        "history": "1w", 
                        "inventory_link": "0", 
                        "ipmi_sensor": "", 
                        "jmx_endpoint": "service:jmx:rmi:///jndi/rmi://{HOST.CONN}:{HOST.PORT}/jmxrmi", 
                        "key": "jmx[\"Catalina:type=Manager,path=/,host=localhost\",maxActiveSessions]", 
                        "logtimefmt": "", 
                        "master_item": [], 
                        "name": "The maximum number of active Sessions allowed, or -1 for no limit", 
                        "params": "", 
                        "password": "{$JMX_PASSWORD}", 
                        "port": "", 
                        "preprocessing": [], 
                        "privatekey": "", 
                        "publickey": "", 
                        "snmp_community": "", 
                        "snmp_oid": "", 
                        "snmpv3_authpassphrase": "", 
                        "snmpv3_authprotocol": "0", 
                        "snmpv3_contextname": "", 
                        "snmpv3_privpassphrase": "", 
                        "snmpv3_privprotocol": "0", 
                        "snmpv3_securitylevel": "0", 
                        "snmpv3_securityname": "", 
                        "status": "0", 
                        "trends": "365d", 
                        "type": "16", 
                        "units": "", 
                        "username": "{$JMX_USER}", 
                        "value_type": "0", 
                        "valuemap": []
                    }, 
                    {
                        "allowed_hosts": "", 
                        "applications": [
                            {
                                "name": "Sessions"
                            }
                        ], 
                        "authtype": "0", 
                        "delay": "1m", 
                        "description": "", 
                        "history": "1w", 
                        "inventory_link": "0", 
                        "ipmi_sensor": "", 
                        "jmx_endpoint": "service:jmx:rmi:///jndi/rmi://{HOST.CONN}:{HOST.PORT}/jmxrmi", 
                        "key": "jmx[\"Catalina:type=Manager,path=/,host=localhost\",maxActive]", 
                        "logtimefmt": "", 
                        "master_item": [], 
                        "name": "Maximum number of active sessions so far", 
                        "params": "", 
                        "password": "{$JMX_PASSWORD}", 
                        "port": "", 
                        "preprocessing": [], 
                        "privatekey": "", 
                        "publickey": "", 
                        "snmp_community": "", 
                        "snmp_oid": "", 
                        "snmpv3_authpassphrase": "", 
                        "snmpv3_authprotocol": "0", 
                        "snmpv3_contextname": "", 
                        "snmpv3_privpassphrase": "", 
                        "snmpv3_privprotocol": "0", 
                        "snmpv3_securitylevel": "0", 
                        "snmpv3_securityname": "", 
                        "status": "0", 
                        "trends": "365d", 
                        "type": "16", 
                        "units": "", 
                        "username": "{$JMX_USER}", 
                        "value_type": "3", 
                        "valuemap": []
                    }, 
                    {
                        "allowed_hosts": "", 
                        "applications": [
                            {
                                "name": "Sessions"
                            }
                        ], 
                        "authtype": "0", 
                        "delay": "1m", 
                        "description": "", 
                        "history": "1w", 
                        "inventory_link": "0", 
                        "ipmi_sensor": "", 
                        "jmx_endpoint": "service:jmx:rmi:///jndi/rmi://{HOST.CONN}:{HOST.PORT}/jmxrmi", 
                        "key": "jmx[\"Catalina:type=Manager,path=/,host=localhost\",rejectedSessions]", 
                        "logtimefmt": "", 
                        "master_item": [], 
                        "name": "Number of sessions we rejected due to maxActive being reached", 
                        "params": "", 
                        "password": "{$JMX_PASSWORD}", 
                        "port": "", 
                        "preprocessing": [], 
                        "privatekey": "", 
                        "publickey": "", 
                        "snmp_community": "", 
                        "snmp_oid": "", 
                        "snmpv3_authpassphrase": "", 
                        "snmpv3_authprotocol": "0", 
                        "snmpv3_contextname": "", 
                        "snmpv3_privpassphrase": "", 
                        "snmpv3_privprotocol": "0", 
                        "snmpv3_securitylevel": "0", 
                        "snmpv3_securityname": "", 
                        "status": "0", 
                        "trends": "365d", 
                        "type": "16", 
                        "units": "", 
                        "username": "{$JMX_USER}", 
                        "value_type": "3", 
                        "valuemap": []
                    }, 
                    {
                        "allowed_hosts": "", 
                        "applications": [
                            {
                                "name": "Sessions"
                            }
                        ], 
                        "authtype": "0", 
                        "delay": "1m", 
                        "description": "", 
                        "history": "1w", 
                        "inventory_link": "0", 
                        "ipmi_sensor": "", 
                        "jmx_endpoint": "service:jmx:rmi:///jndi/rmi://{HOST.CONN}:{HOST.PORT}/jmxrmi", 
                        "key": "jmx[\"Catalina:type=Manager,path=/,host=localhost\",sessionCounter]", 
                        "logtimefmt": "", 
                        "master_item": [], 
                        "name": "Number of sessions created by this manager per second", 
                        "params": "", 
                        "password": "{$JMX_PASSWORD}", 
                        "port": "", 
                        "preprocessing": [
                            {
                                "params": "", 
                                "type": "10"
                            }
                        ], 
                        "privatekey": "", 
                        "publickey": "", 
                        "snmp_community": "", 
                        "snmp_oid": "", 
                        "snmpv3_authpassphrase": "", 
                        "snmpv3_authprotocol": "0", 
                        "snmpv3_contextname": "", 
                        "snmpv3_privpassphrase": "", 
                        "snmpv3_privprotocol": "0", 
                        "snmpv3_securitylevel": "0", 
                        "snmpv3_securityname": "", 
                        "status": "0", 
                        "trends": "365d", 
                        "type": "16", 
                        "units": "", 
                        "username": "{$JMX_USER}", 
                        "value_type": "0", 
                        "valuemap": []
                    }, 
                    {
                        "allowed_hosts": "", 
                        "applications": [
                            {
                                "name": "http-8080"
                            }
                        ], 
                        "authtype": "0", 
                        "delay": "1h", 
                        "description": "", 
                        "history": "1w", 
                        "inventory_link": "0", 
                        "ipmi_sensor": "", 
                        "jmx_endpoint": "service:jmx:rmi:///jndi/rmi://{HOST.CONN}:{HOST.PORT}/jmxrmi", 
                        "key": "jmx[\"Catalina:type=ProtocolHandler,port=8080\",compression]", 
                        "logtimefmt": "", 
                        "master_item": [], 
                        "name": "http-8080 gzip compression", 
                        "params": "", 
                        "password": "{$JMX_PASSWORD}", 
                        "port": "", 
                        "preprocessing": [], 
                        "privatekey": "", 
                        "publickey": "", 
                        "snmp_community": "", 
                        "snmp_oid": "", 
                        "snmpv3_authpassphrase": "", 
                        "snmpv3_authprotocol": "0", 
                        "snmpv3_contextname": "", 
                        "snmpv3_privpassphrase": "", 
                        "snmpv3_privprotocol": "0", 
                        "snmpv3_securitylevel": "0", 
                        "snmpv3_securityname": "", 
                        "status": "0", 
                        "trends": "0", 
                        "type": "16", 
                        "units": "", 
                        "username": "{$JMX_USER}", 
                        "value_type": "1", 
                        "valuemap": []
                    }, 
                    {
                        "allowed_hosts": "", 
                        "applications": [
                            {
                                "name": "http-8443"
                            }
                        ], 
                        "authtype": "0", 
                        "delay": "1h", 
                        "description": "", 
                        "history": "1w", 
                        "inventory_link": "0", 
                        "ipmi_sensor": "", 
                        "jmx_endpoint": "service:jmx:rmi:///jndi/rmi://{HOST.CONN}:{HOST.PORT}/jmxrmi", 
                        "key": "jmx[\"Catalina:type=ProtocolHandler,port=8443\",compression]", 
                        "logtimefmt": "", 
                        "master_item": [], 
                        "name": "http-8443 gzip compression", 
                        "params": "", 
                        "password": "{$JMX_PASSWORD}", 
                        "port": "", 
                        "preprocessing": [], 
                        "privatekey": "", 
                        "publickey": "", 
                        "snmp_community": "", 
                        "snmp_oid": "", 
                        "snmpv3_authpassphrase": "", 
                        "snmpv3_authprotocol": "0", 
                        "snmpv3_contextname": "", 
                        "snmpv3_privpassphrase": "", 
                        "snmpv3_privprotocol": "0", 
                        "snmpv3_securitylevel": "0", 
                        "snmpv3_securityname": "", 
                        "status": "0", 
                        "trends": "0", 
                        "type": "16", 
                        "units": "", 
                        "username": "{$JMX_USER}", 
                        "value_type": "1", 
                        "valuemap": []
                    }, 
                    {
                        "allowed_hosts": "", 
                        "applications": [
                            {
                                "name": "Tomcat"
                            }
                        ], 
                        "authtype": "0", 
                        "delay": "1h", 
                        "description": "", 
                        "history": "1w", 
                        "inventory_link": "0", 
                        "ipmi_sensor": "", 
                        "jmx_endpoint": "service:jmx:rmi:///jndi/rmi://{HOST.CONN}:{HOST.PORT}/jmxrmi", 
                        "key": "jmx[\"Catalina:type=Server\",serverInfo]", 
                        "logtimefmt": "", 
                        "master_item": [], 
                        "name": "Tomcat version", 
                        "params": "", 
                        "password": "{$JMX_PASSWORD}", 
                        "port": "", 
                        "preprocessing": [], 
                        "privatekey": "", 
                        "publickey": "", 
                        "snmp_community": "", 
                        "snmp_oid": "", 
                        "snmpv3_authpassphrase": "", 
                        "snmpv3_authprotocol": "0", 
                        "snmpv3_contextname": "", 
                        "snmpv3_privpassphrase": "", 
                        "snmpv3_privprotocol": "0", 
                        "snmpv3_securitylevel": "0", 
                        "snmpv3_securityname": "", 
                        "status": "0", 
                        "trends": "0", 
                        "type": "16", 
                        "units": "", 
                        "username": "{$JMX_USER}", 
                        "value_type": "1", 
                        "valuemap": []
                    }, 
                    {
                        "allowed_hosts": "", 
                        "applications": [
                            {
                                "name": "http-8080"
                            }
                        ], 
                        "authtype": "0", 
                        "delay": "1m", 
                        "description": "", 
                        "history": "1w", 
                        "inventory_link": "0", 
                        "ipmi_sensor": "", 
                        "jmx_endpoint": "service:jmx:rmi:///jndi/rmi://{HOST.CONN}:{HOST.PORT}/jmxrmi", 
                        "key": "jmx[\"Catalina:type=ThreadPool,name=http-8080\",currentThreadCount]", 
                        "logtimefmt": "", 
                        "master_item": [], 
                        "name": "http-8080 threads allocated", 
                        "params": "", 
                        "password": "{$JMX_PASSWORD}", 
                        "port": "", 
                        "preprocessing": [], 
                        "privatekey": "", 
                        "publickey": "", 
                        "snmp_community": "", 
                        "snmp_oid": "", 
                        "snmpv3_authpassphrase": "", 
                        "snmpv3_authprotocol": "0", 
                        "snmpv3_contextname": "", 
                        "snmpv3_privpassphrase": "", 
                        "snmpv3_privprotocol": "0", 
                        "snmpv3_securitylevel": "0", 
                        "snmpv3_securityname": "", 
                        "status": "0", 
                        "trends": "365d", 
                        "type": "16", 
                        "units": "", 
                        "username": "{$JMX_USER}", 
                        "value_type": "3", 
                        "valuemap": []
                    }, 
                    {
                        "allowed_hosts": "", 
                        "applications": [
                            {
                                "name": "http-8080"
                            }
                        ], 
                        "authtype": "0", 
                        "delay": "1m", 
                        "description": "", 
                        "history": "1w", 
                        "inventory_link": "0", 
                        "ipmi_sensor": "", 
                        "jmx_endpoint": "service:jmx:rmi:///jndi/rmi://{HOST.CONN}:{HOST.PORT}/jmxrmi", 
                        "key": "jmx[\"Catalina:type=ThreadPool,name=http-8080\",currentThreadsBusy]", 
                        "logtimefmt": "", 
                        "master_item": [], 
                        "name": "http-8080 threads busy", 
                        "params": "", 
                        "password": "{$JMX_PASSWORD}", 
                        "port": "", 
                        "preprocessing": [], 
                        "privatekey": "", 
                        "publickey": "", 
                        "snmp_community": "", 
                        "snmp_oid": "", 
                        "snmpv3_authpassphrase": "", 
                        "snmpv3_authprotocol": "0", 
                        "snmpv3_contextname": "", 
                        "snmpv3_privpassphrase": "", 
                        "snmpv3_privprotocol": "0", 
                        "snmpv3_securitylevel": "0", 
                        "snmpv3_securityname": "", 
                        "status": "0", 
                        "trends": "365d", 
                        "type": "16", 
                        "units": "", 
                        "username": "{$JMX_USER}", 
                        "value_type": "3", 
                        "valuemap": []
                    }, 
                    {
                        "allowed_hosts": "", 
                        "applications": [
                            {
                                "name": "http-8080"
                            }
                        ], 
                        "authtype": "0", 
                        "delay": "1h", 
                        "description": "", 
                        "history": "1w", 
                        "inventory_link": "0", 
                        "ipmi_sensor": "", 
                        "jmx_endpoint": "service:jmx:rmi:///jndi/rmi://{HOST.CONN}:{HOST.PORT}/jmxrmi", 
                        "key": "jmx[\"Catalina:type=ThreadPool,name=http-8080\",maxThreads]", 
                        "logtimefmt": "", 
                        "master_item": [], 
                        "name": "http-8080 threads max", 
                        "params": "", 
                        "password": "{$JMX_PASSWORD}", 
                        "port": "", 
                        "preprocessing": [], 
                        "privatekey": "", 
                        "publickey": "", 
                        "snmp_community": "", 
                        "snmp_oid": "", 
                        "snmpv3_authpassphrase": "", 
                        "snmpv3_authprotocol": "0", 
                        "snmpv3_contextname": "", 
                        "snmpv3_privpassphrase": "", 
                        "snmpv3_privprotocol": "0", 
                        "snmpv3_securitylevel": "0", 
                        "snmpv3_securityname": "", 
                        "status": "0", 
                        "trends": "365d", 
                        "type": "16", 
                        "units": "", 
                        "username": "{$JMX_USER}", 
                        "value_type": "3", 
                        "valuemap": []
                    }, 
                    {
                        "allowed_hosts": "", 
                        "applications": [
                            {
                                "name": "http-8443"
                            }
                        ], 
                        "authtype": "0", 
                        "delay": "1m", 
                        "description": "", 
                        "history": "1w", 
                        "inventory_link": "0", 
                        "ipmi_sensor": "", 
                        "jmx_endpoint": "service:jmx:rmi:///jndi/rmi://{HOST.CONN}:{HOST.PORT}/jmxrmi", 
                        "key": "jmx[\"Catalina:type=ThreadPool,name=http-8443\",currentThreadCount]", 
                        "logtimefmt": "", 
                        "master_item": [], 
                        "name": "http-8443 threads allocated", 
                        "params": "", 
                        "password": "{$JMX_PASSWORD}", 
                        "port": "", 
                        "preprocessing": [], 
                        "privatekey": "", 
                        "publickey": "", 
                        "snmp_community": "", 
                        "snmp_oid": "", 
                        "snmpv3_authpassphrase": "", 
                        "snmpv3_authprotocol": "0", 
                        "snmpv3_contextname": "", 
                        "snmpv3_privpassphrase": "", 
                        "snmpv3_privprotocol": "0", 
                        "snmpv3_securitylevel": "0", 
                        "snmpv3_securityname": "", 
                        "status": "0", 
                        "trends": "365d", 
                        "type": "16", 
                        "units": "", 
                        "username": "{$JMX_USER}", 
                        "value_type": "3", 
                        "valuemap": []
                    }, 
                    {
                        "allowed_hosts": "", 
                        "applications": [
                            {
                                "name": "http-8443"
                            }
                        ], 
                        "authtype": "0", 
                        "delay": "1m", 
                        "description": "", 
                        "history": "1w", 
                        "inventory_link": "0", 
                        "ipmi_sensor": "", 
                        "jmx_endpoint": "service:jmx:rmi:///jndi/rmi://{HOST.CONN}:{HOST.PORT}/jmxrmi", 
                        "key": "jmx[\"Catalina:type=ThreadPool,name=http-8443\",currentThreadsBusy]", 
                        "logtimefmt": "", 
                        "master_item": [], 
                        "name": "http-8443 threads busy", 
                        "params": "", 
                        "password": "{$JMX_PASSWORD}", 
                        "port": "", 
                        "preprocessing": [], 
                        "privatekey": "", 
                        "publickey": "", 
                        "snmp_community": "", 
                        "snmp_oid": "", 
                        "snmpv3_authpassphrase": "", 
                        "snmpv3_authprotocol": "0", 
                        "snmpv3_contextname": "", 
                        "snmpv3_privpassphrase": "", 
                        "snmpv3_privprotocol": "0", 
                        "snmpv3_securitylevel": "0", 
                        "snmpv3_securityname": "", 
                        "status": "0", 
                        "trends": "365d", 
                        "type": "16", 
                        "units": "", 
                        "username": "{$JMX_USER}", 
                        "value_type": "3", 
                        "valuemap": []
                    }, 
                    {
                        "allowed_hosts": "", 
                        "applications": [
                            {
                                "name": "http-8443"
                            }
                        ], 
                        "authtype": "0", 
                        "delay": "1h", 
                        "description": "", 
                        "history": "1w", 
                        "inventory_link": "0", 
                        "ipmi_sensor": "", 
                        "jmx_endpoint": "service:jmx:rmi:///jndi/rmi://{HOST.CONN}:{HOST.PORT}/jmxrmi", 
                        "key": "jmx[\"Catalina:type=ThreadPool,name=http-8443\",maxThreads]", 
                        "logtimefmt": "", 
                        "master_item": [], 
                        "name": "http-8443 threads max", 
                        "params": "", 
                        "password": "{$JMX_PASSWORD}", 
                        "port": "", 
                        "preprocessing": [], 
                        "privatekey": "", 
                        "publickey": "", 
                        "snmp_community": "", 
                        "snmp_oid": "", 
                        "snmpv3_authpassphrase": "", 
                        "snmpv3_authprotocol": "0", 
                        "snmpv3_contextname": "", 
                        "snmpv3_privpassphrase": "", 
                        "snmpv3_privprotocol": "0", 
                        "snmpv3_securitylevel": "0", 
                        "snmpv3_securityname": "", 
                        "status": "0", 
                        "trends": "365d", 
                        "type": "16", 
                        "units": "", 
                        "username": "{$JMX_USER}", 
                        "value_type": "3", 
                        "valuemap": []
                    }, 
                    {
                        "allowed_hosts": "", 
                        "applications": [
                            {
                                "name": "jk-8009"
                            }
                        ], 
                        "authtype": "0", 
                        "delay": "1m", 
                        "description": "", 
                        "history": "1w", 
                        "inventory_link": "0", 
                        "ipmi_sensor": "", 
                        "jmx_endpoint": "service:jmx:rmi:///jndi/rmi://{HOST.CONN}:{HOST.PORT}/jmxrmi", 
                        "key": "jmx[\"Catalina:type=ThreadPool,name=jk-8009\",currentThreadCount]", 
                        "logtimefmt": "", 
                        "master_item": [], 
                        "name": "jk-8009 threads allocated", 
                        "params": "", 
                        "password": "{$JMX_PASSWORD}", 
                        "port": "", 
                        "preprocessing": [], 
                        "privatekey": "", 
                        "publickey": "", 
                        "snmp_community": "", 
                        "snmp_oid": "", 
                        "snmpv3_authpassphrase": "", 
                        "snmpv3_authprotocol": "0", 
                        "snmpv3_contextname": "", 
                        "snmpv3_privpassphrase": "", 
                        "snmpv3_privprotocol": "0", 
                        "snmpv3_securitylevel": "0", 
                        "snmpv3_securityname": "", 
                        "status": "0", 
                        "trends": "365d", 
                        "type": "16", 
                        "units": "", 
                        "username": "{$JMX_USER}", 
                        "value_type": "3", 
                        "valuemap": []
                    }, 
                    {
                        "allowed_hosts": "", 
                        "applications": [
                            {
                                "name": "jk-8009"
                            }
                        ], 
                        "authtype": "0", 
                        "delay": "1m", 
                        "description": "", 
                        "history": "1w", 
                        "inventory_link": "0", 
                        "ipmi_sensor": "", 
                        "jmx_endpoint": "service:jmx:rmi:///jndi/rmi://{HOST.CONN}:{HOST.PORT}/jmxrmi", 
                        "key": "jmx[\"Catalina:type=ThreadPool,name=jk-8009\",currentThreadsBusy]", 
                        "logtimefmt": "", 
                        "master_item": [], 
                        "name": "jk-8009 threads busy", 
                        "params": "", 
                        "password": "{$JMX_PASSWORD}", 
                        "port": "", 
                        "preprocessing": [], 
                        "privatekey": "", 
                        "publickey": "", 
                        "snmp_community": "", 
                        "snmp_oid": "", 
                        "snmpv3_authpassphrase": "", 
                        "snmpv3_authprotocol": "0", 
                        "snmpv3_contextname": "", 
                        "snmpv3_privpassphrase": "", 
                        "snmpv3_privprotocol": "0", 
                        "snmpv3_securitylevel": "0", 
                        "snmpv3_securityname": "", 
                        "status": "0", 
                        "trends": "365d", 
                        "type": "16", 
                        "units": "", 
                        "username": "{$JMX_USER}", 
                        "value_type": "3", 
                        "valuemap": []
                    }, 
                    {
                        "allowed_hosts": "", 
                        "applications": [
                            {
                                "name": "jk-8009"
                            }
                        ], 
                        "authtype": "0", 
                        "delay": "1h", 
                        "description": "", 
                        "history": "1w", 
                        "inventory_link": "0", 
                        "ipmi_sensor": "", 
                        "jmx_endpoint": "service:jmx:rmi:///jndi/rmi://{HOST.CONN}:{HOST.PORT}/jmxrmi", 
                        "key": "jmx[\"Catalina:type=ThreadPool,name=jk-8009\",maxThreads]", 
                        "logtimefmt": "", 
                        "master_item": [], 
                        "name": "jk-8009 threads max", 
                        "params": "", 
                        "password": "{$JMX_PASSWORD}", 
                        "port": "", 
                        "preprocessing": [], 
                        "privatekey": "", 
                        "publickey": "", 
                        "snmp_community": "", 
                        "snmp_oid": "", 
                        "snmpv3_authpassphrase": "", 
                        "snmpv3_authprotocol": "0", 
                        "snmpv3_contextname": "", 
                        "snmpv3_privpassphrase": "", 
                        "snmpv3_privprotocol": "0", 
                        "snmpv3_securitylevel": "0", 
                        "snmpv3_securityname": "", 
                        "status": "0", 
                        "trends": "365d", 
                        "type": "16", 
                        "units": "", 
                        "username": "{$JMX_USER}", 
                        "value_type": "3", 
                        "valuemap": []
                    }
                ], 
                "macros": [
                    {
                        "macro": "{$JMX_PASSWORD}", 
                        "value": ""
                    }, 
                    {
                        "macro": "{$JMX_USER}", 
                        "value": ""
                    }
                ], 
                "name": "CORP Template App Apache Tomcat JMX", 
                "screens": [], 
                "template": "CORP Template App Apache Tomcat JMX", 
                "templates": []
            }
        ], 
        "triggers": [
            {
                "correlation_mode": "0", 
                "correlation_tag": "", 
                "dependencies": [], 
                "description": "", 
                "expression": "{CORP Template App Apache Tomcat JMX:jmx[\"Catalina:type=ThreadPool,name=http-8080\",currentThreadsBusy].last(0)} > ({CORP Template App Apache Tomcat JMX:jmx[\"Catalina:type=ThreadPool,name=http-8080\",maxThreads].last(0)} * 0.7)", 
                "manual_close": "0", 
                "name": "70% http-8080 worker threads busy on {HOST.NAME}", 
                "priority": "2", 
                "recovery_expression": "", 
                "recovery_mode": "0", 
                "status": "0", 
                "tags": [], 
                "type": "0", 
                "url": ""
            }, 
            {
                "correlation_mode": "0", 
                "correlation_tag": "", 
                "dependencies": [], 
                "description": "", 
                "expression": "{CORP Template App Apache Tomcat JMX:jmx[\"Catalina:type=ThreadPool,name=http-8443\",currentThreadsBusy].last(0)} > ({CORP Template App Apache Tomcat JMX:jmx[\"Catalina:type=ThreadPool,name=http-8443\",maxThreads].last(0)} * 0.7)", 
                "manual_close": "0", 
                "name": "70% http-8443 worker threads busy on {HOST.NAME}", 
                "priority": "2", 
                "recovery_expression": "", 
                "recovery_mode": "0", 
                "status": "0", 
                "tags": [], 
                "type": "0", 
                "url": ""
            }, 
            {
                "correlation_mode": "0", 
                "correlation_tag": "", 
                "dependencies": [], 
                "description": "", 
                "expression": "{CORP Template App Apache Tomcat JMX:jmx[\"Catalina:type=ThreadPool,name=jk-8009\",currentThreadsBusy].last(0)} > ({CORP Template App Apache Tomcat JMX:jmx[\"Catalina:type=ThreadPool,name=jk-8009\",maxThreads].last(0)}  *0.7)", 
                "manual_close": "0", 
                "name": "70% jk-8009 worker threads busy on {HOST.NAME}", 
                "priority": "2", 
                "recovery_expression": "", 
                "recovery_mode": "0", 
                "status": "0", 
                "tags": [], 
                "type": "0", 
                "url": ""
            }, 
            {
                "correlation_mode": "0", 
                "correlation_tag": "", 
                "dependencies": [], 
                "description": "", 
                "expression": "{CORP Template App Apache Tomcat JMX:jmx[\"Catalina:type=ProtocolHandler,port=8080\",compression].str(off)} = 1", 
                "manual_close": "0", 
                "name": "gzip compression is off for connector http-8080 on {HOST.NAME}", 
                "priority": "1", 
                "recovery_expression": "", 
                "recovery_mode": "0", 
                "status": "0", 
                "tags": [], 
                "type": "0", 
                "url": ""
            }, 
            {
                "correlation_mode": "0", 
                "correlation_tag": "", 
                "dependencies": [], 
                "description": "", 
                "expression": "{CORP Template App Apache Tomcat JMX:jmx[\"Catalina:type=ProtocolHandler,port=8443\",compression].str(off)} = 1", 
                "manual_close": "0", 
                "name": "gzip compression is off for connector http-8443 on {HOST.NAME}", 
                "priority": "1", 
                "recovery_expression": "", 
                "recovery_mode": "0", 
                "status": "0", 
                "tags": [], 
                "type": "0", 
                "url": ""
            }
        ], 
        "version": "3.4"
    }
}