{
    "zabbix_export": {
        "groups": [
            {
                "name": "CORP/Templates/Modules"
            }
        ], 
        "templates": [
            {
                "applications": [
                    {
                        "name": "WMI Service"
                    }
                ], 
                "description": "", 
                "discovery_rules": [], 
                "groups": [
                    {
                        "name": "CORP/Templates/Modules"
                    }
                ], 
                "httptests": [], 
                "items": [
                    {
                        "allowed_hosts": "", 
                        "applications": [
                            {
                                "name": "WMI Service"
                            }
                        ], 
                        "authtype": "0", 
                        "delay": "60", 
                        "description": "", 
                        "history": "7d", 
                        "inventory_link": "0", 
                        "ipmi_sensor": "", 
                        "jmx_endpoint": "", 
                        "key": "net.tcp.service[wmi,,135]", 
                        "logtimefmt": "", 
                        "master_item": [], 
                        "name": "WMI Port", 
                        "params": "", 
                        "password": "", 
                        "port": "", 
                        "preprocessing": [], 
                        "privatekey": "", 
                        "publickey": "", 
                        "snmp_community": "", 
                        "snmp_oid": "", 
                        "snmpv3_authpassphrase": "", 
                        "snmpv3_authprotocol": "0", 
                        "snmpv3_contextname": "", 
                        "snmpv3_privpassphrase": "", 
                        "snmpv3_privprotocol": "0", 
                        "snmpv3_securitylevel": "0", 
                        "snmpv3_securityname": "", 
                        "status": "0", 
                        "trends": "365d", 
                        "type": "3", 
                        "units": "", 
                        "username": "", 
                        "value_type": "3", 
                        "valuemap": []
                    }
                ], 
                "macros": [
                    {
                        "macro": "{$WMI_CRIT}", 
                        "value": "0.5"
                    }
                ], 
                "name": "CORP Template Module WMI", 
                "screens": [], 
                "template": "CORP Template Module WMI", 
                "templates": []
            }
        ], 
        "triggers": [
            {
                "correlation_mode": "0", 
                "correlation_tag": "", 
                "dependencies": [], 
                "description": "", 
                "expression": "{CORP Template Module WMI:net.tcp.service[wmi,,135].count(5m,0,eq)}>3", 
                "manual_close": "0", 
                "name": "WMI Port is down on {HOST.HOST}", 
                "priority": "4", 
                "recovery_expression": "", 
                "recovery_mode": "0", 
                "status": "0", 
                "tags": [], 
                "type": "0", 
                "url": ""
            }
        ], 
        "version": "3.4"
    }
}