{
    "zabbix_export": {
        "graphs": [
            {
                "graph_items": [
                    {
                        "calc_fnc": "2", 
                        "color": "1A7C11", 
                        "drawtype": "0", 
                        "item": {
                            "host": "CORP Template Module Java java.lang", 
                            "key": "jmx[\"java.lang:type=ClassLoading\",LoadedClassCount]"
                        }, 
                        "sortorder": "0", 
                        "type": "0", 
                        "yaxisside": "0"
                    }, 
                    {
                        "calc_fnc": "2", 
                        "color": "F63100", 
                        "drawtype": "0", 
                        "item": {
                            "host": "CORP Template Module Java java.lang", 
                            "key": "jmx[\"java.lang:type=ClassLoading\",TotalLoadedClassCount]"
                        }, 
                        "sortorder": "1", 
                        "type": "0", 
                        "yaxisside": "0"
                    }, 
                    {
                        "calc_fnc": "2", 
                        "color": "2774A4", 
                        "drawtype": "0", 
                        "item": {
                            "host": "CORP Template Module Java java.lang", 
                            "key": "jmx[\"java.lang:type=ClassLoading\",UnloadedClassCount]"
                        }, 
                        "sortorder": "2", 
                        "type": "0", 
                        "yaxisside": "0"
                    }
                ], 
                "height": "200", 
                "name": "Classes", 
                "percent_left": "0.0000", 
                "percent_right": "0.0000", 
                "show_3d": "0", 
                "show_legend": "1", 
                "show_triggers": "1", 
                "show_work_period": "1", 
                "type": "0", 
                "width": "900", 
                "yaxismax": "100.0000", 
                "yaxismin": "0.0000", 
                "ymax_item_1": "0", 
                "ymax_type_1": "0", 
                "ymin_item_1": "0", 
                "ymin_type_1": "0"
            }, 
            {
                "graph_items": [
                    {
                        "calc_fnc": "2", 
                        "color": "1A7C11", 
                        "drawtype": "0", 
                        "item": {
                            "host": "CORP Template Module Java java.lang", 
                            "key": "jmx[\"java.lang:type=OperatingSystem\",MaxFileDescriptorCount]"
                        }, 
                        "sortorder": "0", 
                        "type": "0", 
                        "yaxisside": "0"
                    }, 
                    {
                        "calc_fnc": "2", 
                        "color": "F63100", 
                        "drawtype": "0", 
                        "item": {
                            "host": "CORP Template Module Java java.lang", 
                            "key": "jmx[\"java.lang:type=OperatingSystem\",OpenFileDescriptorCount]"
                        }, 
                        "sortorder": "1", 
                        "type": "0", 
                        "yaxisside": "0"
                    }
                ], 
                "height": "200", 
                "name": "File Descriptors", 
                "percent_left": "0.0000", 
                "percent_right": "0.0000", 
                "show_3d": "0", 
                "show_legend": "1", 
                "show_triggers": "1", 
                "show_work_period": "1", 
                "type": "0", 
                "width": "900", 
                "yaxismax": "100.0000", 
                "yaxismin": "0.0000", 
                "ymax_item_1": "0", 
                "ymax_type_1": "0", 
                "ymin_item_1": "0", 
                "ymin_type_1": "0"
            }, 
            {
                "graph_items": [
                    {
                        "calc_fnc": "2", 
                        "color": "1A7C11", 
                        "drawtype": "0", 
                        "item": {
                            "host": "CORP Template Module Java java.lang", 
                            "key": "jmx[\"java.lang:type=Memory\",HeapMemoryUsage.committed]"
                        }, 
                        "sortorder": "0", 
                        "type": "0", 
                        "yaxisside": "0"
                    }, 
                    {
                        "calc_fnc": "2", 
                        "color": "F63100", 
                        "drawtype": "0", 
                        "item": {
                            "host": "CORP Template Module Java java.lang", 
                            "key": "jmx[\"java.lang:type=Memory\",HeapMemoryUsage.used]"
                        }, 
                        "sortorder": "1", 
                        "type": "0", 
                        "yaxisside": "0"
                    }
                ], 
                "height": "200", 
                "name": "Heap", 
                "percent_left": "0.0000", 
                "percent_right": "0.0000", 
                "show_3d": "0", 
                "show_legend": "1", 
                "show_triggers": "1", 
                "show_work_period": "1", 
                "type": "0", 
                "width": "900", 
                "yaxismax": "100.0000", 
                "yaxismin": "0.0000", 
                "ymax_item_1": "0", 
                "ymax_type_1": "0", 
                "ymin_item_1": "0", 
                "ymin_type_1": "0"
            }, 
            {
                "graph_items": [
                    {
                        "calc_fnc": "2", 
                        "color": "1A7C11", 
                        "drawtype": "0", 
                        "item": {
                            "host": "CORP Template Module Java java.lang", 
                            "key": "jmx[\"java.lang:type=OperatingSystem\",ProcessCpuLoad]"
                        }, 
                        "sortorder": "0", 
                        "type": "0", 
                        "yaxisside": "0"
                    }, 
                    {
                        "calc_fnc": "2", 
                        "color": "F63100", 
                        "drawtype": "0", 
                        "item": {
                            "host": "CORP Template Module Java java.lang", 
                            "key": "jmx[\"java.lang:type=OperatingSystem\",SystemCpuLoad]"
                        }, 
                        "sortorder": "1", 
                        "type": "0", 
                        "yaxisside": "0"
                    }, 
                    {
                        "calc_fnc": "2", 
                        "color": "2774A4", 
                        "drawtype": "0", 
                        "item": {
                            "host": "CORP Template Module Java java.lang", 
                            "key": "jmx.ProcessCpuTime.usage"
                        }, 
                        "sortorder": "2", 
                        "type": "0", 
                        "yaxisside": "1"
                    }
                ], 
                "height": "200", 
                "name": "Load", 
                "percent_left": "0.0000", 
                "percent_right": "0.0000", 
                "show_3d": "0", 
                "show_legend": "1", 
                "show_triggers": "1", 
                "show_work_period": "1", 
                "type": "0", 
                "width": "900", 
                "yaxismax": "100.0000", 
                "yaxismin": "0.0000", 
                "ymax_item_1": "0", 
                "ymax_type_1": "0", 
                "ymin_item_1": "0", 
                "ymin_type_1": "0"
            }, 
            {
                "graph_items": [
                    {
                        "calc_fnc": "2", 
                        "color": "1A7C11", 
                        "drawtype": "0", 
                        "item": {
                            "host": "CORP Template Module Java java.lang", 
                            "key": "jmx[\"java.lang:type=OperatingSystem\",FreePhysicalMemorySize]"
                        }, 
                        "sortorder": "0", 
                        "type": "0", 
                        "yaxisside": "0"
                    }, 
                    {
                        "calc_fnc": "2", 
                        "color": "F63100", 
                        "drawtype": "0", 
                        "item": {
                            "host": "CORP Template Module Java java.lang", 
                            "key": "jmx[\"java.lang:type=OperatingSystem\",FreeSwapSpaceSize]"
                        }, 
                        "sortorder": "1", 
                        "type": "0", 
                        "yaxisside": "1"
                    }, 
                    {
                        "calc_fnc": "2", 
                        "color": "2774A4", 
                        "drawtype": "0", 
                        "item": {
                            "host": "CORP Template Module Java java.lang", 
                            "key": "jmx[\"java.lang:type=OperatingSystem\",TotalPhysicalMemorySize]"
                        }, 
                        "sortorder": "2", 
                        "type": "0", 
                        "yaxisside": "0"
                    }, 
                    {
                        "calc_fnc": "2", 
                        "color": "A54F10", 
                        "drawtype": "0", 
                        "item": {
                            "host": "CORP Template Module Java java.lang", 
                            "key": "jmx[\"java.lang:type=OperatingSystem\",TotalSwapSpaceSize]"
                        }, 
                        "sortorder": "3", 
                        "type": "0", 
                        "yaxisside": "1"
                    }
                ], 
                "height": "200", 
                "name": "Memory/Swap", 
                "percent_left": "0.0000", 
                "percent_right": "0.0000", 
                "show_3d": "0", 
                "show_legend": "1", 
                "show_triggers": "1", 
                "show_work_period": "1", 
                "type": "0", 
                "width": "900", 
                "yaxismax": "100.0000", 
                "yaxismin": "0.0000", 
                "ymax_item_1": "0", 
                "ymax_type_1": "0", 
                "ymin_item_1": "0", 
                "ymin_type_1": "0"
            }, 
            {
                "graph_items": [
                    {
                        "calc_fnc": "2", 
                        "color": "1A7C11", 
                        "drawtype": "0", 
                        "item": {
                            "host": "CORP Template Module Java java.lang", 
                            "key": "jmx[\"java.lang:type=Threading\",DaemonThreadCount]"
                        }, 
                        "sortorder": "0", 
                        "type": "0", 
                        "yaxisside": "0"
                    }, 
                    {
                        "calc_fnc": "2", 
                        "color": "00CC00", 
                        "drawtype": "0", 
                        "item": {
                            "host": "CORP Template Module Java java.lang", 
                            "key": "jmx[\"java.lang:type=Threading\",ThreadCount]"
                        }, 
                        "sortorder": "1", 
                        "type": "0", 
                        "yaxisside": "0"
                    }, 
                    {
                        "calc_fnc": "2", 
                        "color": "2774A4", 
                        "drawtype": "0", 
                        "item": {
                            "host": "CORP Template Module Java java.lang", 
                            "key": "jmx[\"java.lang:type=Threading\",TotalStartedThreadCount]"
                        }, 
                        "sortorder": "2", 
                        "type": "0", 
                        "yaxisside": "1"
                    }
                ], 
                "height": "200", 
                "name": "Threads", 
                "percent_left": "0.0000", 
                "percent_right": "0.0000", 
                "show_3d": "0", 
                "show_legend": "1", 
                "show_triggers": "1", 
                "show_work_period": "1", 
                "type": "0", 
                "width": "900", 
                "yaxismax": "100.0000", 
                "yaxismin": "0.0000", 
                "ymax_item_1": "0", 
                "ymax_type_1": "0", 
                "ymin_item_1": "0", 
                "ymin_type_1": "1"
            }
        ], 
        "groups": [
            {
                "name": "CORP/Templates/Modules"
            }
        ], 
        "templates": [
            {
                "applications": [
                    {
                        "name": "Classes"
                    }, 
                    {
                        "name": "Compilation"
                    }, 
                    {
                        "name": "Heap"
                    }, 
                    {
                        "name": "Operating System"
                    }, 
                    {
                        "name": "Runtime"
                    }, 
                    {
                        "name": "Threading"
                    }
                ], 
                "description": "", 
                "discovery_rules": [
                    {
                        "allowed_hosts": "", 
                        "authtype": "0", 
                        "delay": "1h", 
                        "description": "", 
                        "filter": {
                            "conditions": [], 
                            "evaltype": "0", 
                            "formula": ""
                        }, 
                        "graph_prototypes": [], 
                        "host_prototypes": [], 
                        "ipmi_sensor": "", 
                        "item_prototypes": [
                            {
                                "allowed_hosts": "", 
                                "application_prototypes": [
                                    {
                                        "name": "{#JMXNAME}"
                                    }, 
                                    {
                                        "name": "{#JMXNAME} Garbage Collector"
                                    }
                                ], 
                                "applications": [], 
                                "authtype": "0", 
                                "delay": "1m", 
                                "description": "", 
                                "history": "90d", 
                                "inventory_link": "0", 
                                "ipmi_sensor": "", 
                                "jmx_endpoint": "service:jmx:rmi:///jndi/rmi://{HOST.CONN}:{HOST.PORT}/jmxrmi", 
                                "key": "jmx[\"{#JMXOBJ}\",CollectionCount]", 
                                "logtimefmt": "", 
                                "master_item_prototype": [], 
                                "name": "{#JMXNAME} collection count", 
                                "params": "", 
                                "password": "{$JMX_PASSWORD}", 
                                "port": "", 
                                "preprocessing": [], 
                                "privatekey": "", 
                                "publickey": "", 
                                "snmp_community": "", 
                                "snmp_oid": "", 
                                "snmpv3_authpassphrase": "", 
                                "snmpv3_authprotocol": "0", 
                                "snmpv3_contextname": "", 
                                "snmpv3_privpassphrase": "", 
                                "snmpv3_privprotocol": "0", 
                                "snmpv3_securitylevel": "0", 
                                "snmpv3_securityname": "", 
                                "status": "0", 
                                "trends": "365d", 
                                "type": "16", 
                                "units": "", 
                                "username": "{$JMX_USER}", 
                                "value_type": "3", 
                                "valuemap": []
                            }, 
                            {
                                "allowed_hosts": "", 
                                "application_prototypes": [
                                    {
                                        "name": "{#JMXNAME}"
                                    }, 
                                    {
                                        "name": "{#JMXNAME} Garbage Collector"
                                    }
                                ], 
                                "applications": [], 
                                "authtype": "0", 
                                "delay": "1m", 
                                "description": "", 
                                "history": "90d", 
                                "inventory_link": "0", 
                                "ipmi_sensor": "", 
                                "jmx_endpoint": "service:jmx:rmi:///jndi/rmi://{HOST.CONN}:{HOST.PORT}/jmxrmi", 
                                "key": "jmx[\"{#JMXOBJ}\",CollectionTime]", 
                                "logtimefmt": "", 
                                "master_item_prototype": [], 
                                "name": "{#JMXNAME} collection time", 
                                "params": "", 
                                "password": "{$JMX_PASSWORD}", 
                                "port": "", 
                                "preprocessing": [
                                    {
                                        "params": "0.001", 
                                        "type": "1"
                                    }
                                ], 
                                "privatekey": "", 
                                "publickey": "", 
                                "snmp_community": "", 
                                "snmp_oid": "", 
                                "snmpv3_authpassphrase": "", 
                                "snmpv3_authprotocol": "0", 
                                "snmpv3_contextname": "", 
                                "snmpv3_privpassphrase": "", 
                                "snmpv3_privprotocol": "0", 
                                "snmpv3_securitylevel": "0", 
                                "snmpv3_securityname": "", 
                                "status": "0", 
                                "trends": "365d", 
                                "type": "16", 
                                "units": "s", 
                                "username": "{$JMX_USER}", 
                                "value_type": "0", 
                                "valuemap": []
                            }
                        ], 
                        "jmx_endpoint": "service:jmx:rmi:///jndi/rmi://{HOST.CONN}:{HOST.PORT}/jmxrmi", 
                        "key": "jmx.discovery[beans,\"java.lang:type=GarbageCollector,name=*\"]", 
                        "lifetime": "30d", 
                        "name": "Garbage Collector", 
                        "params": "", 
                        "password": "{$JMX_PASSWORD}", 
                        "port": "", 
                        "privatekey": "", 
                        "publickey": "", 
                        "snmp_community": "", 
                        "snmp_oid": "", 
                        "snmpv3_authpassphrase": "", 
                        "snmpv3_authprotocol": "0", 
                        "snmpv3_contextname": "", 
                        "snmpv3_privpassphrase": "", 
                        "snmpv3_privprotocol": "0", 
                        "snmpv3_securitylevel": "0", 
                        "snmpv3_securityname": "", 
                        "status": "0", 
                        "trigger_prototypes": [], 
                        "type": "16", 
                        "username": "{$JMX_USER}"
                    }, 
                    {
                        "allowed_hosts": "", 
                        "authtype": "0", 
                        "delay": "1h", 
                        "description": "", 
                        "filter": {
                            "conditions": [], 
                            "evaltype": "0", 
                            "formula": ""
                        }, 
                        "graph_prototypes": [
                            {
                                "graph_items": [
                                    {
                                        "calc_fnc": "2", 
                                        "color": "1A7C11", 
                                        "drawtype": "0", 
                                        "item": {
                                            "host": "CORP Template Module Java java.lang", 
                                            "key": "jmx[\"{#JMXOBJ}\",Usage.committed]"
                                        }, 
                                        "sortorder": "0", 
                                        "type": "0", 
                                        "yaxisside": "0"
                                    }, 
                                    {
                                        "calc_fnc": "2", 
                                        "color": "F63100", 
                                        "drawtype": "0", 
                                        "item": {
                                            "host": "CORP Template Module Java java.lang", 
                                            "key": "jmx[\"{#JMXOBJ}\",Usage.init]"
                                        }, 
                                        "sortorder": "1", 
                                        "type": "0", 
                                        "yaxisside": "0"
                                    }, 
                                    {
                                        "calc_fnc": "2", 
                                        "color": "2774A4", 
                                        "drawtype": "0", 
                                        "item": {
                                            "host": "CORP Template Module Java java.lang", 
                                            "key": "jmx[\"{#JMXOBJ}\",Usage.used]"
                                        }, 
                                        "sortorder": "2", 
                                        "type": "0", 
                                        "yaxisside": "0"
                                    }
                                ], 
                                "height": "200", 
                                "name": "{#JMXNAME} Memory Pool", 
                                "percent_left": "0.0000", 
                                "percent_right": "0.0000", 
                                "show_3d": "0", 
                                "show_legend": "1", 
                                "show_triggers": "1", 
                                "show_work_period": "1", 
                                "type": "0", 
                                "width": "900", 
                                "yaxismax": "100.0000", 
                                "yaxismin": "0.0000", 
                                "ymax_item_1": "0", 
                                "ymax_type_1": "0", 
                                "ymin_item_1": "0", 
                                "ymin_type_1": "0"
                            }
                        ], 
                        "host_prototypes": [], 
                        "ipmi_sensor": "", 
                        "item_prototypes": [
                            {
                                "allowed_hosts": "", 
                                "application_prototypes": [
                                    {
                                        "name": "{#JMXNAME}"
                                    }, 
                                    {
                                        "name": "{#JMXNAME} Memory Pool"
                                    }
                                ], 
                                "applications": [], 
                                "authtype": "0", 
                                "delay": "1m", 
                                "description": "", 
                                "history": "90d", 
                                "inventory_link": "0", 
                                "ipmi_sensor": "", 
                                "jmx_endpoint": "service:jmx:rmi:///jndi/rmi://{HOST.CONN}:{HOST.PORT}/jmxrmi", 
                                "key": "jmx[\"{#JMXOBJ}\",Usage.committed]", 
                                "logtimefmt": "", 
                                "master_item_prototype": [], 
                                "name": "{#JMXNAME} committed usage", 
                                "params": "", 
                                "password": "{$JMX_PASSWORD}", 
                                "port": "", 
                                "preprocessing": [], 
                                "privatekey": "", 
                                "publickey": "", 
                                "snmp_community": "", 
                                "snmp_oid": "", 
                                "snmpv3_authpassphrase": "", 
                                "snmpv3_authprotocol": "0", 
                                "snmpv3_contextname": "", 
                                "snmpv3_privpassphrase": "", 
                                "snmpv3_privprotocol": "0", 
                                "snmpv3_securitylevel": "0", 
                                "snmpv3_securityname": "", 
                                "status": "0", 
                                "trends": "365d", 
                                "type": "16", 
                                "units": "B", 
                                "username": "{$JMX_USER}", 
                                "value_type": "3", 
                                "valuemap": []
                            }, 
                            {
                                "allowed_hosts": "", 
                                "application_prototypes": [
                                    {
                                        "name": "{#JMXNAME}"
                                    }, 
                                    {
                                        "name": "{#JMXNAME} Memory Pool"
                                    }
                                ], 
                                "applications": [], 
                                "authtype": "0", 
                                "delay": "1m", 
                                "description": "", 
                                "history": "90d", 
                                "inventory_link": "0", 
                                "ipmi_sensor": "", 
                                "jmx_endpoint": "service:jmx:rmi:///jndi/rmi://{HOST.CONN}:{HOST.PORT}/jmxrmi", 
                                "key": "jmx[\"{#JMXOBJ}\",Usage.init]", 
                                "logtimefmt": "", 
                                "master_item_prototype": [], 
                                "name": "{#JMXNAME} init usage", 
                                "params": "", 
                                "password": "{$JMX_PASSWORD}", 
                                "port": "", 
                                "preprocessing": [], 
                                "privatekey": "", 
                                "publickey": "", 
                                "snmp_community": "", 
                                "snmp_oid": "", 
                                "snmpv3_authpassphrase": "", 
                                "snmpv3_authprotocol": "0", 
                                "snmpv3_contextname": "", 
                                "snmpv3_privpassphrase": "", 
                                "snmpv3_privprotocol": "0", 
                                "snmpv3_securitylevel": "0", 
                                "snmpv3_securityname": "", 
                                "status": "0", 
                                "trends": "365d", 
                                "type": "16", 
                                "units": "B", 
                                "username": "{$JMX_USER}", 
                                "value_type": "3", 
                                "valuemap": []
                            }, 
                            {
                                "allowed_hosts": "", 
                                "application_prototypes": [
                                    {
                                        "name": "{#JMXNAME}"
                                    }, 
                                    {
                                        "name": "{#JMXNAME} Memory Pool"
                                    }
                                ], 
                                "applications": [], 
                                "authtype": "0", 
                                "delay": "1m", 
                                "description": "", 
                                "history": "90d", 
                                "inventory_link": "0", 
                                "ipmi_sensor": "", 
                                "jmx_endpoint": "service:jmx:rmi:///jndi/rmi://{HOST.CONN}:{HOST.PORT}/jmxrmi", 
                                "key": "jmx[\"{#JMXOBJ}\",Usage.max]", 
                                "logtimefmt": "", 
                                "master_item_prototype": [], 
                                "name": "{#JMXNAME} usage max allowed", 
                                "params": "", 
                                "password": "{$JMX_PASSWORD}", 
                                "port": "", 
                                "preprocessing": [], 
                                "privatekey": "", 
                                "publickey": "", 
                                "snmp_community": "", 
                                "snmp_oid": "", 
                                "snmpv3_authpassphrase": "", 
                                "snmpv3_authprotocol": "0", 
                                "snmpv3_contextname": "", 
                                "snmpv3_privpassphrase": "", 
                                "snmpv3_privprotocol": "0", 
                                "snmpv3_securitylevel": "0", 
                                "snmpv3_securityname": "", 
                                "status": "0", 
                                "trends": "365d", 
                                "type": "16", 
                                "units": "B", 
                                "username": "{$JMX_USER}", 
                                "value_type": "0", 
                                "valuemap": []
                            }, 
                            {
                                "allowed_hosts": "", 
                                "application_prototypes": [
                                    {
                                        "name": "{#JMXNAME}"
                                    }, 
                                    {
                                        "name": "{#JMXNAME} Memory Pool"
                                    }
                                ], 
                                "applications": [], 
                                "authtype": "0", 
                                "delay": "1m", 
                                "description": "", 
                                "history": "90d", 
                                "inventory_link": "0", 
                                "ipmi_sensor": "", 
                                "jmx_endpoint": "service:jmx:rmi:///jndi/rmi://{HOST.CONN}:{HOST.PORT}/jmxrmi", 
                                "key": "jmx[\"{#JMXOBJ}\",Usage.used]", 
                                "logtimefmt": "", 
                                "master_item_prototype": [], 
                                "name": "{#JMXNAME} used usage", 
                                "params": "", 
                                "password": "{$JMX_PASSWORD}", 
                                "port": "", 
                                "preprocessing": [], 
                                "privatekey": "", 
                                "publickey": "", 
                                "snmp_community": "", 
                                "snmp_oid": "", 
                                "snmpv3_authpassphrase": "", 
                                "snmpv3_authprotocol": "0", 
                                "snmpv3_contextname": "", 
                                "snmpv3_privpassphrase": "", 
                                "snmpv3_privprotocol": "0", 
                                "snmpv3_securitylevel": "0", 
                                "snmpv3_securityname": "", 
                                "status": "0", 
                                "trends": "365d", 
                                "type": "16", 
                                "units": "B", 
                                "username": "{$JMX_USER}", 
                                "value_type": "3", 
                                "valuemap": []
                            }
                        ], 
                        "jmx_endpoint": "service:jmx:rmi:///jndi/rmi://{HOST.CONN}:{HOST.PORT}/jmxrmi", 
                        "key": "jmx.discovery[beans,\"java.lang:type=MemoryPool,name=*\"]", 
                        "lifetime": "30d", 
                        "name": "Memory Pool", 
                        "params": "", 
                        "password": "{$JMX_PASSWORD}", 
                        "port": "", 
                        "privatekey": "", 
                        "publickey": "", 
                        "snmp_community": "", 
                        "snmp_oid": "", 
                        "snmpv3_authpassphrase": "", 
                        "snmpv3_authprotocol": "0", 
                        "snmpv3_contextname": "", 
                        "snmpv3_privpassphrase": "", 
                        "snmpv3_privprotocol": "0", 
                        "snmpv3_securitylevel": "0", 
                        "snmpv3_securityname": "", 
                        "status": "0", 
                        "trigger_prototypes": [
                            {
                                "correlation_mode": "0", 
                                "correlation_tag": "", 
                                "dependencies": [], 
                                "description": "", 
                                "expression": "{CORP Template Module Java java.lang:jmx[\"{#JMXOBJ}\",Usage.committed].last()}={CORP Template Module Java java.lang:jmx[\"{#JMXOBJ}\",Usage.max].last()}", 
                                "manual_close": "0", 
                                "name": "Memory Pool {#JMXNAME} fully committed on {HOST.NAME}", 
                                "priority": "1", 
                                "recovery_expression": "", 
                                "recovery_mode": "0", 
                                "status": "0", 
                                "tags": [], 
                                "type": "0", 
                                "url": ""
                            }, 
                            {
                                "correlation_mode": "0", 
                                "correlation_tag": "", 
                                "dependencies": [], 
                                "description": "", 
                                "expression": "{CORP Template Module Java java.lang:jmx[\"{#JMXOBJ}\",Usage.used].last()}>({CORP Template Module Java java.lang:jmx[\"{#JMXOBJ}\",Usage.max].last()}*({$JMX_MP_USED:\"{#JMXNAME}\"}/100))", 
                                "manual_close": "0", 
                                "name": "{$JMX_MP_USED:\"{#JMXNAME}\"}% used of Memory Pool {#JMXNAME} on {HOST.NAME}", 
                                "priority": "2", 
                                "recovery_expression": "", 
                                "recovery_mode": "0", 
                                "status": "0", 
                                "tags": [], 
                                "type": "0", 
                                "url": ""
                            }
                        ], 
                        "type": "16", 
                        "username": "{$JMX_USER}"
                    }
                ], 
                "groups": [
                    {
                        "name": "CORP/Templates/Modules"
                    }
                ], 
                "httptests": [], 
                "items": [
                    {
                        "allowed_hosts": "", 
                        "applications": [
                            {
                                "name": "Operating System"
                            }
                        ], 
                        "authtype": "0", 
                        "delay": "1m", 
                        "description": "", 
                        "history": "90d", 
                        "inventory_link": "0", 
                        "ipmi_sensor": "", 
                        "jmx_endpoint": "", 
                        "key": "jmx.ProcessCpuTime.usage", 
                        "logtimefmt": "", 
                        "master_item": [], 
                        "name": "CPU Usage", 
                        "params": "(last(\"jmx[\\\"java.lang:type=OperatingSystem\\\",ProcessCpuTime]\")/1)*100", 
                        "password": "", 
                        "port": "", 
                        "preprocessing": [], 
                        "privatekey": "", 
                        "publickey": "", 
                        "snmp_community": "", 
                        "snmp_oid": "", 
                        "snmpv3_authpassphrase": "", 
                        "snmpv3_authprotocol": "0", 
                        "snmpv3_contextname": "", 
                        "snmpv3_privpassphrase": "", 
                        "snmpv3_privprotocol": "0", 
                        "snmpv3_securitylevel": "0", 
                        "snmpv3_securityname": "", 
                        "status": "0", 
                        "trends": "365d", 
                        "type": "15", 
                        "units": "%", 
                        "username": "", 
                        "value_type": "0", 
                        "valuemap": []
                    }, 
                    {
                        "allowed_hosts": "", 
                        "applications": [
                            {
                                "name": "Classes"
                            }
                        ], 
                        "authtype": "0", 
                        "delay": "1m", 
                        "description": "", 
                        "history": "90d", 
                        "inventory_link": "0", 
                        "ipmi_sensor": "", 
                        "jmx_endpoint": "service:jmx:rmi:///jndi/rmi://{HOST.CONN}:{HOST.PORT}/jmxrmi", 
                        "key": "jmx[\"java.lang:type=ClassLoading\",LoadedClassCount]", 
                        "logtimefmt": "", 
                        "master_item": [], 
                        "name": "Loaded Class Count", 
                        "params": "", 
                        "password": "{$JMX_PASSWORD}", 
                        "port": "", 
                        "preprocessing": [], 
                        "privatekey": "", 
                        "publickey": "", 
                        "snmp_community": "", 
                        "snmp_oid": "", 
                        "snmpv3_authpassphrase": "", 
                        "snmpv3_authprotocol": "0", 
                        "snmpv3_contextname": "", 
                        "snmpv3_privpassphrase": "", 
                        "snmpv3_privprotocol": "0", 
                        "snmpv3_securitylevel": "0", 
                        "snmpv3_securityname": "", 
                        "status": "0", 
                        "trends": "365d", 
                        "type": "16", 
                        "units": "", 
                        "username": "{$JMX_USER}", 
                        "value_type": "3", 
                        "valuemap": []
                    }, 
                    {
                        "allowed_hosts": "", 
                        "applications": [
                            {
                                "name": "Classes"
                            }
                        ], 
                        "authtype": "0", 
                        "delay": "1m", 
                        "description": "", 
                        "history": "90d", 
                        "inventory_link": "0", 
                        "ipmi_sensor": "", 
                        "jmx_endpoint": "service:jmx:rmi:///jndi/rmi://{HOST.CONN}:{HOST.PORT}/jmxrmi", 
                        "key": "jmx[\"java.lang:type=ClassLoading\",TotalLoadedClassCount]", 
                        "logtimefmt": "", 
                        "master_item": [], 
                        "name": "Total Loaded Class Count", 
                        "params": "", 
                        "password": "{$JMX_PASSWORD}", 
                        "port": "", 
                        "preprocessing": [], 
                        "privatekey": "", 
                        "publickey": "", 
                        "snmp_community": "", 
                        "snmp_oid": "", 
                        "snmpv3_authpassphrase": "", 
                        "snmpv3_authprotocol": "0", 
                        "snmpv3_contextname": "", 
                        "snmpv3_privpassphrase": "", 
                        "snmpv3_privprotocol": "0", 
                        "snmpv3_securitylevel": "0", 
                        "snmpv3_securityname": "", 
                        "status": "0", 
                        "trends": "365d", 
                        "type": "16", 
                        "units": "", 
                        "username": "{$JMX_USER}", 
                        "value_type": "3", 
                        "valuemap": []
                    }, 
                    {
                        "allowed_hosts": "", 
                        "applications": [
                            {
                                "name": "Classes"
                            }
                        ], 
                        "authtype": "0", 
                        "delay": "1m", 
                        "description": "", 
                        "history": "90d", 
                        "inventory_link": "0", 
                        "ipmi_sensor": "", 
                        "jmx_endpoint": "service:jmx:rmi:///jndi/rmi://{HOST.CONN}:{HOST.PORT}/jmxrmi", 
                        "key": "jmx[\"java.lang:type=ClassLoading\",UnloadedClassCount]", 
                        "logtimefmt": "", 
                        "master_item": [], 
                        "name": "Unloaded Class Count", 
                        "params": "", 
                        "password": "{$JMX_PASSWORD}", 
                        "port": "", 
                        "preprocessing": [], 
                        "privatekey": "", 
                        "publickey": "", 
                        "snmp_community": "", 
                        "snmp_oid": "", 
                        "snmpv3_authpassphrase": "", 
                        "snmpv3_authprotocol": "0", 
                        "snmpv3_contextname": "", 
                        "snmpv3_privpassphrase": "", 
                        "snmpv3_privprotocol": "0", 
                        "snmpv3_securitylevel": "0", 
                        "snmpv3_securityname": "", 
                        "status": "0", 
                        "trends": "365d", 
                        "type": "16", 
                        "units": "", 
                        "username": "{$JMX_USER}", 
                        "value_type": "3", 
                        "valuemap": []
                    }, 
                    {
                        "allowed_hosts": "", 
                        "applications": [
                            {
                                "name": "Compilation"
                            }
                        ], 
                        "authtype": "0", 
                        "delay": "1h", 
                        "description": "", 
                        "history": "90d", 
                        "inventory_link": "0", 
                        "ipmi_sensor": "", 
                        "jmx_endpoint": "service:jmx:rmi:///jndi/rmi://{HOST.CONN}:{HOST.PORT}/jmxrmi", 
                        "key": "jmx[\"java.lang:type=Compilation\",Name]", 
                        "logtimefmt": "", 
                        "master_item": [], 
                        "name": "JIT compiler", 
                        "params": "", 
                        "password": "{$JMX_PASSWORD}", 
                        "port": "", 
                        "preprocessing": [], 
                        "privatekey": "", 
                        "publickey": "", 
                        "snmp_community": "", 
                        "snmp_oid": "", 
                        "snmpv3_authpassphrase": "", 
                        "snmpv3_authprotocol": "0", 
                        "snmpv3_contextname": "", 
                        "snmpv3_privpassphrase": "", 
                        "snmpv3_privprotocol": "0", 
                        "snmpv3_securitylevel": "0", 
                        "snmpv3_securityname": "", 
                        "status": "0", 
                        "trends": "0", 
                        "type": "16", 
                        "units": "", 
                        "username": "{$JMX_USER}", 
                        "value_type": "1", 
                        "valuemap": []
                    }, 
                    {
                        "allowed_hosts": "", 
                        "applications": [
                            {
                                "name": "Compilation"
                            }
                        ], 
                        "authtype": "0", 
                        "delay": "1m", 
                        "description": "", 
                        "history": "90d", 
                        "inventory_link": "0", 
                        "ipmi_sensor": "", 
                        "jmx_endpoint": "service:jmx:rmi:///jndi/rmi://{HOST.CONN}:{HOST.PORT}/jmxrmi", 
                        "key": "jmx[\"java.lang:type=Compilation\",TotalCompilationTime]", 
                        "logtimefmt": "", 
                        "master_item": [], 
                        "name": "Compilation time", 
                        "params": "", 
                        "password": "{$JMX_PASSWORD}", 
                        "port": "", 
                        "preprocessing": [
                            {
                                "params": "0.001", 
                                "type": "1"
                            }
                        ], 
                        "privatekey": "", 
                        "publickey": "", 
                        "snmp_community": "", 
                        "snmp_oid": "", 
                        "snmpv3_authpassphrase": "", 
                        "snmpv3_authprotocol": "0", 
                        "snmpv3_contextname": "", 
                        "snmpv3_privpassphrase": "", 
                        "snmpv3_privprotocol": "0", 
                        "snmpv3_securitylevel": "0", 
                        "snmpv3_securityname": "", 
                        "status": "0", 
                        "trends": "365d", 
                        "type": "16", 
                        "units": "s", 
                        "username": "{$JMX_USER}", 
                        "value_type": "0", 
                        "valuemap": []
                    }, 
                    {
                        "allowed_hosts": "", 
                        "applications": [
                            {
                                "name": "Heap"
                            }
                        ], 
                        "authtype": "0", 
                        "delay": "1m", 
                        "description": "", 
                        "history": "90d", 
                        "inventory_link": "0", 
                        "ipmi_sensor": "", 
                        "jmx_endpoint": "service:jmx:rmi:///jndi/rmi://{HOST.CONN}:{HOST.PORT}/jmxrmi", 
                        "key": "jmx[\"java.lang:type=Memory\",HeapMemoryUsage.committed]", 
                        "logtimefmt": "", 
                        "master_item": [], 
                        "name": "Heap Size Committed", 
                        "params": "", 
                        "password": "{$JMX_PASSWORD}", 
                        "port": "", 
                        "preprocessing": [], 
                        "privatekey": "", 
                        "publickey": "", 
                        "snmp_community": "", 
                        "snmp_oid": "", 
                        "snmpv3_authpassphrase": "", 
                        "snmpv3_authprotocol": "0", 
                        "snmpv3_contextname": "", 
                        "snmpv3_privpassphrase": "", 
                        "snmpv3_privprotocol": "0", 
                        "snmpv3_securitylevel": "0", 
                        "snmpv3_securityname": "", 
                        "status": "0", 
                        "trends": "365d", 
                        "type": "16", 
                        "units": "B", 
                        "username": "{$JMX_USER}", 
                        "value_type": "3", 
                        "valuemap": []
                    }, 
                    {
                        "allowed_hosts": "", 
                        "applications": [
                            {
                                "name": "Heap"
                            }
                        ], 
                        "authtype": "0", 
                        "delay": "1h", 
                        "description": "", 
                        "history": "90d", 
                        "inventory_link": "0", 
                        "ipmi_sensor": "", 
                        "jmx_endpoint": "service:jmx:rmi:///jndi/rmi://{HOST.CONN}:{HOST.PORT}/jmxrmi", 
                        "key": "jmx[\"java.lang:type=Memory\",HeapMemoryUsage.max]", 
                        "logtimefmt": "", 
                        "master_item": [], 
                        "name": "Heap Size max allowed", 
                        "params": "", 
                        "password": "{$JMX_PASSWORD}", 
                        "port": "", 
                        "preprocessing": [], 
                        "privatekey": "", 
                        "publickey": "", 
                        "snmp_community": "", 
                        "snmp_oid": "", 
                        "snmpv3_authpassphrase": "", 
                        "snmpv3_authprotocol": "0", 
                        "snmpv3_contextname": "", 
                        "snmpv3_privpassphrase": "", 
                        "snmpv3_privprotocol": "0", 
                        "snmpv3_securitylevel": "0", 
                        "snmpv3_securityname": "", 
                        "status": "0", 
                        "trends": "365d", 
                        "type": "16", 
                        "units": "B", 
                        "username": "{$JMX_USER}", 
                        "value_type": "3", 
                        "valuemap": []
                    }, 
                    {
                        "allowed_hosts": "", 
                        "applications": [
                            {
                                "name": "Heap"
                            }
                        ], 
                        "authtype": "0", 
                        "delay": "1m", 
                        "description": "", 
                        "history": "90d", 
                        "inventory_link": "0", 
                        "ipmi_sensor": "", 
                        "jmx_endpoint": "service:jmx:rmi:///jndi/rmi://{HOST.CONN}:{HOST.PORT}/jmxrmi", 
                        "key": "jmx[\"java.lang:type=Memory\",HeapMemoryUsage.used]", 
                        "logtimefmt": "", 
                        "master_item": [], 
                        "name": "Heap Size Used", 
                        "params": "", 
                        "password": "{$JMX_PASSWORD}", 
                        "port": "", 
                        "preprocessing": [], 
                        "privatekey": "", 
                        "publickey": "", 
                        "snmp_community": "", 
                        "snmp_oid": "", 
                        "snmpv3_authpassphrase": "", 
                        "snmpv3_authprotocol": "0", 
                        "snmpv3_contextname": "", 
                        "snmpv3_privpassphrase": "", 
                        "snmpv3_privprotocol": "0", 
                        "snmpv3_securitylevel": "0", 
                        "snmpv3_securityname": "", 
                        "status": "0", 
                        "trends": "365d", 
                        "type": "16", 
                        "units": "B", 
                        "username": "{$JMX_USER}", 
                        "value_type": "3", 
                        "valuemap": []
                    }, 
                    {
                        "allowed_hosts": "", 
                        "applications": [
                            {
                                "name": "Operating System"
                            }
                        ], 
                        "authtype": "0", 
                        "delay": "1h", 
                        "description": "", 
                        "history": "90d", 
                        "inventory_link": "0", 
                        "ipmi_sensor": "", 
                        "jmx_endpoint": "service:jmx:rmi:///jndi/rmi://{HOST.CONN}:{HOST.PORT}/jmxrmi", 
                        "key": "jmx[\"java.lang:type=OperatingSystem\",AvailableProcessors]", 
                        "logtimefmt": "", 
                        "master_item": [], 
                        "name": "Available Processors", 
                        "params": "", 
                        "password": "{$JMX_PASSWORD}", 
                        "port": "", 
                        "preprocessing": [], 
                        "privatekey": "", 
                        "publickey": "", 
                        "snmp_community": "", 
                        "snmp_oid": "", 
                        "snmpv3_authpassphrase": "", 
                        "snmpv3_authprotocol": "0", 
                        "snmpv3_contextname": "", 
                        "snmpv3_privpassphrase": "", 
                        "snmpv3_privprotocol": "0", 
                        "snmpv3_securitylevel": "0", 
                        "snmpv3_securityname": "", 
                        "status": "0", 
                        "trends": "365d", 
                        "type": "16", 
                        "units": "", 
                        "username": "{$JMX_USER}", 
                        "value_type": "3", 
                        "valuemap": []
                    }, 
                    {
                        "allowed_hosts": "", 
                        "applications": [
                            {
                                "name": "Operating System"
                            }
                        ], 
                        "authtype": "0", 
                        "delay": "1m", 
                        "description": "", 
                        "history": "90d", 
                        "inventory_link": "0", 
                        "ipmi_sensor": "", 
                        "jmx_endpoint": "service:jmx:rmi:///jndi/rmi://{HOST.CONN}:{HOST.PORT}/jmxrmi", 
                        "key": "jmx[\"java.lang:type=OperatingSystem\",FreePhysicalMemorySize]", 
                        "logtimefmt": "", 
                        "master_item": [], 
                        "name": "Free Physical Memory", 
                        "params": "", 
                        "password": "{$JMX_PASSWORD}", 
                        "port": "", 
                        "preprocessing": [], 
                        "privatekey": "", 
                        "publickey": "", 
                        "snmp_community": "", 
                        "snmp_oid": "", 
                        "snmpv3_authpassphrase": "", 
                        "snmpv3_authprotocol": "0", 
                        "snmpv3_contextname": "", 
                        "snmpv3_privpassphrase": "", 
                        "snmpv3_privprotocol": "0", 
                        "snmpv3_securitylevel": "0", 
                        "snmpv3_securityname": "", 
                        "status": "0", 
                        "trends": "365d", 
                        "type": "16", 
                        "units": "B", 
                        "username": "{$JMX_USER}", 
                        "value_type": "3", 
                        "valuemap": []
                    }, 
                    {
                        "allowed_hosts": "", 
                        "applications": [
                            {
                                "name": "Operating System"
                            }
                        ], 
                        "authtype": "0", 
                        "delay": "1m", 
                        "description": "", 
                        "history": "90d", 
                        "inventory_link": "0", 
                        "ipmi_sensor": "", 
                        "jmx_endpoint": "service:jmx:rmi:///jndi/rmi://{HOST.CONN}:{HOST.PORT}/jmxrmi", 
                        "key": "jmx[\"java.lang:type=OperatingSystem\",FreeSwapSpaceSize]", 
                        "logtimefmt": "", 
                        "master_item": [], 
                        "name": "Free Swap Space", 
                        "params": "", 
                        "password": "{$JMX_PASSWORD}", 
                        "port": "", 
                        "preprocessing": [], 
                        "privatekey": "", 
                        "publickey": "", 
                        "snmp_community": "", 
                        "snmp_oid": "", 
                        "snmpv3_authpassphrase": "", 
                        "snmpv3_authprotocol": "0", 
                        "snmpv3_contextname": "", 
                        "snmpv3_privpassphrase": "", 
                        "snmpv3_privprotocol": "0", 
                        "snmpv3_securitylevel": "0", 
                        "snmpv3_securityname": "", 
                        "status": "0", 
                        "trends": "365d", 
                        "type": "16", 
                        "units": "B", 
                        "username": "{$JMX_USER}", 
                        "value_type": "3", 
                        "valuemap": []
                    }, 
                    {
                        "allowed_hosts": "", 
                        "applications": [
                            {
                                "name": "Operating System"
                            }
                        ], 
                        "authtype": "0", 
                        "delay": "1h", 
                        "description": "", 
                        "history": "90d", 
                        "inventory_link": "0", 
                        "ipmi_sensor": "", 
                        "jmx_endpoint": "service:jmx:rmi:///jndi/rmi://{HOST.CONN}:{HOST.PORT}/jmxrmi", 
                        "key": "jmx[\"java.lang:type=OperatingSystem\",MaxFileDescriptorCount]", 
                        "logtimefmt": "", 
                        "master_item": [], 
                        "name": "Max Open File Descriptors", 
                        "params": "", 
                        "password": "{$JMX_PASSWORD}", 
                        "port": "", 
                        "preprocessing": [], 
                        "privatekey": "", 
                        "publickey": "", 
                        "snmp_community": "", 
                        "snmp_oid": "", 
                        "snmpv3_authpassphrase": "", 
                        "snmpv3_authprotocol": "0", 
                        "snmpv3_contextname": "", 
                        "snmpv3_privpassphrase": "", 
                        "snmpv3_privprotocol": "0", 
                        "snmpv3_securitylevel": "0", 
                        "snmpv3_securityname": "", 
                        "status": "0", 
                        "trends": "365d", 
                        "type": "16", 
                        "units": "", 
                        "username": "{$JMX_USER}", 
                        "value_type": "3", 
                        "valuemap": []
                    }, 
                    {
                        "allowed_hosts": "", 
                        "applications": [
                            {
                                "name": "Operating System"
                            }
                        ], 
                        "authtype": "0", 
                        "delay": "1m", 
                        "description": "", 
                        "history": "90d", 
                        "inventory_link": "0", 
                        "ipmi_sensor": "", 
                        "jmx_endpoint": "service:jmx:rmi:///jndi/rmi://{HOST.CONN}:{HOST.PORT}/jmxrmi", 
                        "key": "jmx[\"java.lang:type=OperatingSystem\",OpenFileDescriptorCount]", 
                        "logtimefmt": "", 
                        "master_item": [], 
                        "name": "Open File Descriptors", 
                        "params": "", 
                        "password": "{$JMX_PASSWORD}", 
                        "port": "", 
                        "preprocessing": [], 
                        "privatekey": "", 
                        "publickey": "", 
                        "snmp_community": "", 
                        "snmp_oid": "", 
                        "snmpv3_authpassphrase": "", 
                        "snmpv3_authprotocol": "0", 
                        "snmpv3_contextname": "", 
                        "snmpv3_privpassphrase": "", 
                        "snmpv3_privprotocol": "0", 
                        "snmpv3_securitylevel": "0", 
                        "snmpv3_securityname": "", 
                        "status": "0", 
                        "trends": "365d", 
                        "type": "16", 
                        "units": "", 
                        "username": "{$JMX_USER}", 
                        "value_type": "3", 
                        "valuemap": []
                    }, 
                    {
                        "allowed_hosts": "", 
                        "applications": [
                            {
                                "name": "Operating System"
                            }
                        ], 
                        "authtype": "0", 
                        "delay": "1m", 
                        "description": "", 
                        "history": "90d", 
                        "inventory_link": "0", 
                        "ipmi_sensor": "", 
                        "jmx_endpoint": "service:jmx:rmi:///jndi/rmi://{HOST.CONN}:{HOST.PORT}/jmxrmi", 
                        "key": "jmx[\"java.lang:type=OperatingSystem\",ProcessCpuLoad]", 
                        "logtimefmt": "", 
                        "master_item": [], 
                        "name": "Process CPU Load", 
                        "params": "", 
                        "password": "{$JMX_PASSWORD}", 
                        "port": "", 
                        "preprocessing": [], 
                        "privatekey": "", 
                        "publickey": "", 
                        "snmp_community": "", 
                        "snmp_oid": "", 
                        "snmpv3_authpassphrase": "", 
                        "snmpv3_authprotocol": "0", 
                        "snmpv3_contextname": "", 
                        "snmpv3_privpassphrase": "", 
                        "snmpv3_privprotocol": "0", 
                        "snmpv3_securitylevel": "0", 
                        "snmpv3_securityname": "", 
                        "status": "0", 
                        "trends": "365d", 
                        "type": "16", 
                        "units": "", 
                        "username": "{$JMX_USER}", 
                        "value_type": "0", 
                        "valuemap": []
                    }, 
                    {
                        "allowed_hosts": "", 
                        "applications": [
                            {
                                "name": "Operating System"
                            }
                        ], 
                        "authtype": "0", 
                        "delay": "1m", 
                        "description": "", 
                        "history": "90d", 
                        "inventory_link": "0", 
                        "ipmi_sensor": "", 
                        "jmx_endpoint": "service:jmx:rmi:///jndi/rmi://{HOST.CONN}:{HOST.PORT}/jmxrmi", 
                        "key": "jmx[\"java.lang:type=OperatingSystem\",ProcessCpuTime]", 
                        "logtimefmt": "", 
                        "master_item": [], 
                        "name": "Process CPU Time", 
                        "params": "", 
                        "password": "{$JMX_PASSWORD}", 
                        "port": "", 
                        "preprocessing": [
                            {
                                "params": "0.000000001", 
                                "type": "1"
                            }, 
                            {
                                "params": "", 
                                "type": "10"
                            }
                        ], 
                        "privatekey": "", 
                        "publickey": "", 
                        "snmp_community": "", 
                        "snmp_oid": "", 
                        "snmpv3_authpassphrase": "", 
                        "snmpv3_authprotocol": "0", 
                        "snmpv3_contextname": "", 
                        "snmpv3_privpassphrase": "", 
                        "snmpv3_privprotocol": "0", 
                        "snmpv3_securitylevel": "0", 
                        "snmpv3_securityname": "", 
                        "status": "0", 
                        "trends": "365d", 
                        "type": "16", 
                        "units": "s", 
                        "username": "{$JMX_USER}", 
                        "value_type": "0", 
                        "valuemap": []
                    }, 
                    {
                        "allowed_hosts": "", 
                        "applications": [
                            {
                                "name": "Operating System"
                            }
                        ], 
                        "authtype": "0", 
                        "delay": "1m", 
                        "description": "", 
                        "history": "90d", 
                        "inventory_link": "0", 
                        "ipmi_sensor": "", 
                        "jmx_endpoint": "service:jmx:rmi:///jndi/rmi://{HOST.CONN}:{HOST.PORT}/jmxrmi", 
                        "key": "jmx[\"java.lang:type=OperatingSystem\",SystemCpuLoad]", 
                        "logtimefmt": "", 
                        "master_item": [], 
                        "name": "System CPU Load", 
                        "params": "", 
                        "password": "{$JMX_PASSWORD}", 
                        "port": "", 
                        "preprocessing": [], 
                        "privatekey": "", 
                        "publickey": "", 
                        "snmp_community": "", 
                        "snmp_oid": "", 
                        "snmpv3_authpassphrase": "", 
                        "snmpv3_authprotocol": "0", 
                        "snmpv3_contextname": "", 
                        "snmpv3_privpassphrase": "", 
                        "snmpv3_privprotocol": "0", 
                        "snmpv3_securitylevel": "0", 
                        "snmpv3_securityname": "", 
                        "status": "0", 
                        "trends": "365d", 
                        "type": "16", 
                        "units": "", 
                        "username": "{$JMX_USER}", 
                        "value_type": "0", 
                        "valuemap": []
                    }, 
                    {
                        "allowed_hosts": "", 
                        "applications": [
                            {
                                "name": "Operating System"
                            }
                        ], 
                        "authtype": "0", 
                        "delay": "1h", 
                        "description": "", 
                        "history": "90d", 
                        "inventory_link": "0", 
                        "ipmi_sensor": "", 
                        "jmx_endpoint": "service:jmx:rmi:///jndi/rmi://{HOST.CONN}:{HOST.PORT}/jmxrmi", 
                        "key": "jmx[\"java.lang:type=OperatingSystem\",TotalPhysicalMemorySize]", 
                        "logtimefmt": "", 
                        "master_item": [], 
                        "name": "Total Physical Memory", 
                        "params": "", 
                        "password": "{$JMX_PASSWORD}", 
                        "port": "", 
                        "preprocessing": [], 
                        "privatekey": "", 
                        "publickey": "", 
                        "snmp_community": "", 
                        "snmp_oid": "", 
                        "snmpv3_authpassphrase": "", 
                        "snmpv3_authprotocol": "0", 
                        "snmpv3_contextname": "", 
                        "snmpv3_privpassphrase": "", 
                        "snmpv3_privprotocol": "0", 
                        "snmpv3_securitylevel": "0", 
                        "snmpv3_securityname": "", 
                        "status": "0", 
                        "trends": "365d", 
                        "type": "16", 
                        "units": "B", 
                        "username": "{$JMX_USER}", 
                        "value_type": "3", 
                        "valuemap": []
                    }, 
                    {
                        "allowed_hosts": "", 
                        "applications": [
                            {
                                "name": "Operating System"
                            }
                        ], 
                        "authtype": "0", 
                        "delay": "1h", 
                        "description": "", 
                        "history": "90d", 
                        "inventory_link": "0", 
                        "ipmi_sensor": "", 
                        "jmx_endpoint": "service:jmx:rmi:///jndi/rmi://{HOST.CONN}:{HOST.PORT}/jmxrmi", 
                        "key": "jmx[\"java.lang:type=OperatingSystem\",TotalSwapSpaceSize]", 
                        "logtimefmt": "", 
                        "master_item": [], 
                        "name": "Total Swap Space", 
                        "params": "", 
                        "password": "{$JMX_PASSWORD}", 
                        "port": "", 
                        "preprocessing": [], 
                        "privatekey": "", 
                        "publickey": "", 
                        "snmp_community": "", 
                        "snmp_oid": "", 
                        "snmpv3_authpassphrase": "", 
                        "snmpv3_authprotocol": "0", 
                        "snmpv3_contextname": "", 
                        "snmpv3_privpassphrase": "", 
                        "snmpv3_privprotocol": "0", 
                        "snmpv3_securitylevel": "0", 
                        "snmpv3_securityname": "", 
                        "status": "0", 
                        "trends": "365d", 
                        "type": "16", 
                        "units": "B", 
                        "username": "{$JMX_USER}", 
                        "value_type": "3", 
                        "valuemap": []
                    }, 
                    {
                        "allowed_hosts": "", 
                        "applications": [
                            {
                                "name": "Runtime"
                            }
                        ], 
                        "authtype": "0", 
                        "delay": "1m", 
                        "description": "", 
                        "history": "90d", 
                        "inventory_link": "0", 
                        "ipmi_sensor": "", 
                        "jmx_endpoint": "service:jmx:rmi:///jndi/rmi://{HOST.CONN}:{HOST.PORT}/jmxrmi", 
                        "key": "jmx[\"java.lang:type=Runtime\",StartTime]", 
                        "logtimefmt": "", 
                        "master_item": [], 
                        "name": "Start Time", 
                        "params": "", 
                        "password": "{$JMX_PASSWORD}", 
                        "port": "", 
                        "preprocessing": [
                            {
                                "params": "0.001", 
                                "type": "1"
                            }
                        ], 
                        "privatekey": "", 
                        "publickey": "", 
                        "snmp_community": "", 
                        "snmp_oid": "", 
                        "snmpv3_authpassphrase": "", 
                        "snmpv3_authprotocol": "0", 
                        "snmpv3_contextname": "", 
                        "snmpv3_privpassphrase": "", 
                        "snmpv3_privprotocol": "0", 
                        "snmpv3_securitylevel": "0", 
                        "snmpv3_securityname": "", 
                        "status": "0", 
                        "trends": "365d", 
                        "type": "16", 
                        "units": "unixtime", 
                        "username": "{$JMX_USER}", 
                        "value_type": "0", 
                        "valuemap": []
                    }, 
                    {
                        "allowed_hosts": "", 
                        "applications": [
                            {
                                "name": "Runtime"
                            }
                        ], 
                        "authtype": "0", 
                        "delay": "1m", 
                        "description": "", 
                        "history": "90d", 
                        "inventory_link": "0", 
                        "ipmi_sensor": "", 
                        "jmx_endpoint": "service:jmx:rmi:///jndi/rmi://{HOST.CONN}:{HOST.PORT}/jmxrmi", 
                        "key": "jmx[\"java.lang:type=Runtime\",Uptime]", 
                        "logtimefmt": "", 
                        "master_item": [], 
                        "name": "Uptime", 
                        "params": "", 
                        "password": "{$JMX_PASSWORD}", 
                        "port": "", 
                        "preprocessing": [
                            {
                                "params": "0.001", 
                                "type": "1"
                            }
                        ], 
                        "privatekey": "", 
                        "publickey": "", 
                        "snmp_community": "", 
                        "snmp_oid": "", 
                        "snmpv3_authpassphrase": "", 
                        "snmpv3_authprotocol": "0", 
                        "snmpv3_contextname": "", 
                        "snmpv3_privpassphrase": "", 
                        "snmpv3_privprotocol": "0", 
                        "snmpv3_securitylevel": "0", 
                        "snmpv3_securityname": "", 
                        "status": "0", 
                        "trends": "365d", 
                        "type": "16", 
                        "units": "uptime", 
                        "username": "{$JMX_USER}", 
                        "value_type": "0", 
                        "valuemap": []
                    }, 
                    {
                        "allowed_hosts": "", 
                        "applications": [
                            {
                                "name": "Threading"
                            }
                        ], 
                        "authtype": "0", 
                        "delay": "1m", 
                        "description": "", 
                        "history": "90d", 
                        "inventory_link": "0", 
                        "ipmi_sensor": "", 
                        "jmx_endpoint": "service:jmx:rmi:///jndi/rmi://{HOST.CONN}:{HOST.PORT}/jmxrmi", 
                        "key": "jmx[\"java.lang:type=Threading\",DaemonThreadCount]", 
                        "logtimefmt": "", 
                        "master_item": [], 
                        "name": "Daemon Threads", 
                        "params": "", 
                        "password": "{$JMX_PASSWORD}", 
                        "port": "", 
                        "preprocessing": [], 
                        "privatekey": "", 
                        "publickey": "", 
                        "snmp_community": "", 
                        "snmp_oid": "", 
                        "snmpv3_authpassphrase": "", 
                        "snmpv3_authprotocol": "0", 
                        "snmpv3_contextname": "", 
                        "snmpv3_privpassphrase": "", 
                        "snmpv3_privprotocol": "0", 
                        "snmpv3_securitylevel": "0", 
                        "snmpv3_securityname": "", 
                        "status": "0", 
                        "trends": "365d", 
                        "type": "16", 
                        "units": "", 
                        "username": "{$JMX_USER}", 
                        "value_type": "3", 
                        "valuemap": []
                    }, 
                    {
                        "allowed_hosts": "", 
                        "applications": [
                            {
                                "name": "Threading"
                            }
                        ], 
                        "authtype": "0", 
                        "delay": "1m", 
                        "description": "", 
                        "history": "90d", 
                        "inventory_link": "0", 
                        "ipmi_sensor": "", 
                        "jmx_endpoint": "service:jmx:rmi:///jndi/rmi://{HOST.CONN}:{HOST.PORT}/jmxrmi", 
                        "key": "jmx[\"java.lang:type=Threading\",ThreadCount]", 
                        "logtimefmt": "", 
                        "master_item": [], 
                        "name": "Threads", 
                        "params": "", 
                        "password": "{$JMX_PASSWORD}", 
                        "port": "", 
                        "preprocessing": [], 
                        "privatekey": "", 
                        "publickey": "", 
                        "snmp_community": "", 
                        "snmp_oid": "", 
                        "snmpv3_authpassphrase": "", 
                        "snmpv3_authprotocol": "0", 
                        "snmpv3_contextname": "", 
                        "snmpv3_privpassphrase": "", 
                        "snmpv3_privprotocol": "0", 
                        "snmpv3_securitylevel": "0", 
                        "snmpv3_securityname": "", 
                        "status": "0", 
                        "trends": "365d", 
                        "type": "16", 
                        "units": "", 
                        "username": "{$JMX_USER}", 
                        "value_type": "3", 
                        "valuemap": []
                    }, 
                    {
                        "allowed_hosts": "", 
                        "applications": [
                            {
                                "name": "Threading"
                            }
                        ], 
                        "authtype": "0", 
                        "delay": "1m", 
                        "description": "", 
                        "history": "90d", 
                        "inventory_link": "0", 
                        "ipmi_sensor": "", 
                        "jmx_endpoint": "service:jmx:rmi:///jndi/rmi://{HOST.CONN}:{HOST.PORT}/jmxrmi", 
                        "key": "jmx[\"java.lang:type=Threading\",TotalStartedThreadCount]", 
                        "logtimefmt": "", 
                        "master_item": [], 
                        "name": "Threads Started", 
                        "params": "", 
                        "password": "{$JMX_PASSWORD}", 
                        "port": "", 
                        "preprocessing": [
                            {
                                "params": "", 
                                "type": "9"
                            }
                        ], 
                        "privatekey": "", 
                        "publickey": "", 
                        "snmp_community": "", 
                        "snmp_oid": "", 
                        "snmpv3_authpassphrase": "", 
                        "snmpv3_authprotocol": "0", 
                        "snmpv3_contextname": "", 
                        "snmpv3_privpassphrase": "", 
                        "snmpv3_privprotocol": "0", 
                        "snmpv3_securitylevel": "0", 
                        "snmpv3_securityname": "", 
                        "status": "0", 
                        "trends": "365d", 
                        "type": "16", 
                        "units": "", 
                        "username": "{$JMX_USER}", 
                        "value_type": "3", 
                        "valuemap": []
                    }
                ], 
                "macros": [
                    {
                        "macro": "{$JMX_HEAP_USED}", 
                        "value": "80"
                    }, 
                    {
                        "macro": "{$JMX_MP_USED}", 
                        "value": "70"
                    }, 
                    {
                        "macro": "{$JMX_NONHEAP_USED}", 
                        "value": "80"
                    }, 
                    {
                        "macro": "{$JMX_OS_FILE}", 
                        "value": "70"
                    }, 
                    {
                        "macro": "{$JMX_PASSWORD}", 
                        "value": ""
                    }, 
                    {
                        "macro": "{$JMX_PROC_LOAD}", 
                        "value": "70"
                    }, 
                    {
                        "macro": "{$JMX_USER}", 
                        "value": ""
                    }
                ], 
                "name": "CORP Template Module Java java.lang", 
                "screens": [
                    {
                        "hsize": "3", 
                        "name": "Java java.lang Health", 
                        "screen_items": [
                            {
                                "application": "", 
                                "colspan": "3", 
                                "dynamic": "0", 
                                "elements": "0", 
                                "halign": "1", 
                                "height": "100", 
                                "max_columns": "3", 
                                "resource": {
                                    "host": "CORP Template Module Java java.lang", 
                                    "name": "Threads"
                                }, 
                                "resourcetype": "0", 
                                "rowspan": "1", 
                                "sort_triggers": "0", 
                                "style": "0", 
                                "url": "", 
                                "valign": "0", 
                                "width": "1700", 
                                "x": "0", 
                                "y": "0"
                            }, 
                            {
                                "application": "", 
                                "colspan": "1", 
                                "dynamic": "0", 
                                "elements": "0", 
                                "halign": "1", 
                                "height": "85", 
                                "max_columns": "3", 
                                "resource": {
                                    "host": "CORP Template Module Java java.lang", 
                                    "name": "Load"
                                }, 
                                "resourcetype": "0", 
                                "rowspan": "1", 
                                "sort_triggers": "0", 
                                "style": "0", 
                                "url": "", 
                                "valign": "0", 
                                "width": "425", 
                                "x": "0", 
                                "y": "1"
                            }, 
                            {
                                "application": "", 
                                "colspan": "1", 
                                "dynamic": "0", 
                                "elements": "0", 
                                "halign": "1", 
                                "height": "85", 
                                "max_columns": "3", 
                                "resource": {
                                    "host": "CORP Template Module Java java.lang", 
                                    "key": "jmx[\"java.lang:type=Runtime\",Uptime]"
                                }, 
                                "resourcetype": "1", 
                                "rowspan": "1", 
                                "sort_triggers": "0", 
                                "style": "0", 
                                "url": "", 
                                "valign": "0", 
                                "width": "425", 
                                "x": "1", 
                                "y": "1"
                            }, 
                            {
                                "application": "", 
                                "colspan": "1", 
                                "dynamic": "0", 
                                "elements": "0", 
                                "halign": "1", 
                                "height": "85", 
                                "max_columns": "3", 
                                "resource": {
                                    "host": "CORP Template Module Java java.lang", 
                                    "name": "Memory/Swap"
                                }, 
                                "resourcetype": "0", 
                                "rowspan": "1", 
                                "sort_triggers": "0", 
                                "style": "0", 
                                "url": "", 
                                "valign": "0", 
                                "width": "425", 
                                "x": "2", 
                                "y": "1"
                            }, 
                            {
                                "application": "", 
                                "colspan": "1", 
                                "dynamic": "0", 
                                "elements": "0", 
                                "halign": "1", 
                                "height": "85", 
                                "max_columns": "3", 
                                "resource": {
                                    "host": "CORP Template Module Java java.lang", 
                                    "name": "Classes"
                                }, 
                                "resourcetype": "0", 
                                "rowspan": "1", 
                                "sort_triggers": "0", 
                                "style": "0", 
                                "url": "", 
                                "valign": "0", 
                                "width": "425", 
                                "x": "0", 
                                "y": "2"
                            }, 
                            {
                                "application": "", 
                                "colspan": "1", 
                                "dynamic": "0", 
                                "elements": "0", 
                                "halign": "1", 
                                "height": "85", 
                                "max_columns": "3", 
                                "resource": {
                                    "host": "CORP Template Module Java java.lang", 
                                    "name": "File Descriptors"
                                }, 
                                "resourcetype": "0", 
                                "rowspan": "1", 
                                "sort_triggers": "0", 
                                "style": "0", 
                                "url": "", 
                                "valign": "0", 
                                "width": "425", 
                                "x": "1", 
                                "y": "2"
                            }, 
                            {
                                "application": "", 
                                "colspan": "1", 
                                "dynamic": "0", 
                                "elements": "0", 
                                "halign": "1", 
                                "height": "85", 
                                "max_columns": "3", 
                                "resource": {
                                    "host": "CORP Template Module Java java.lang", 
                                    "name": "Heap"
                                }, 
                                "resourcetype": "0", 
                                "rowspan": "1", 
                                "sort_triggers": "0", 
                                "style": "0", 
                                "url": "", 
                                "valign": "0", 
                                "width": "425", 
                                "x": "2", 
                                "y": "2"
                            }
                        ], 
                        "vsize": "3"
                    }
                ], 
                "template": "CORP Template Module Java java.lang", 
                "templates": []
            }
        ], 
        "triggers": [
            {
                "correlation_mode": "0", 
                "correlation_tag": "", 
                "dependencies": [], 
                "description": "", 
                "expression": "{CORP Template Module Java java.lang:jmx[\"java.lang:type=Memory\",HeapMemoryUsage.committed].last()}={CORP Template Module Java java.lang:jmx[\"java.lang:type=Memory\",HeapMemoryUsage.max].last()}", 
                "manual_close": "0", 
                "name": "mem Heap Memory fully committed on {HOST.NAME}", 
                "priority": "1", 
                "recovery_expression": "", 
                "recovery_mode": "0", 
                "status": "0", 
                "tags": [], 
                "type": "0", 
                "url": ""
            }, 
            {
                "correlation_mode": "0", 
                "correlation_tag": "", 
                "dependencies": [], 
                "description": "", 
                "expression": "{CORP Template Module Java java.lang:jmx[\"java.lang:type=Memory\",HeapMemoryUsage.used].last()}>({CORP Template Module Java java.lang:jmx[\"java.lang:type=Memory\",HeapMemoryUsage.committed].last()}*({$JMX_HEAP_USED}/100))", 
                "manual_close": "0", 
                "name": "{$JMX_HEAP_USED}% mem Heap Memory used on {HOST.NAME}", 
                "priority": "2", 
                "recovery_expression": "", 
                "recovery_mode": "0", 
                "status": "0", 
                "tags": [], 
                "type": "0", 
                "url": ""
            }, 
            {
                "correlation_mode": "0", 
                "correlation_tag": "", 
                "dependencies": [], 
                "description": "", 
                "expression": "{CORP Template Module Java java.lang:jmx[\"java.lang:type=OperatingSystem\",OpenFileDescriptorCount].last()}>({CORP Template Module Java java.lang:jmx[\"java.lang:type=OperatingSystem\",MaxFileDescriptorCount].last()}*({$JMX_OS_FILE}/100))", 
                "manual_close": "0", 
                "name": "{$JMX_OS_FILE}% Opened File Descriptor Count used on {HOST.NAME}", 
                "priority": "2", 
                "recovery_expression": "", 
                "recovery_mode": "0", 
                "status": "0", 
                "tags": [], 
                "type": "0", 
                "url": ""
            }, 
            {
                "correlation_mode": "0", 
                "correlation_tag": "", 
                "dependencies": [], 
                "description": "", 
                "expression": "{CORP Template Module Java java.lang:jmx[\"java.lang:type=OperatingSystem\",ProcessCpuLoad].last()}>{$JMX_PROC_LOAD}", 
                "manual_close": "0", 
                "name": "{$JMX_PROC_LOAD}% os Process CPU Load on {HOST.NAME}", 
                "priority": "2", 
                "recovery_expression": "", 
                "recovery_mode": "0", 
                "status": "0", 
                "tags": [], 
                "type": "0", 
                "url": ""
            }
        ], 
        "version": "3.4"
    }
}