{
    "zabbix_export": {
        "graphs": [
            {
                "graph_items": [
                    {
                        "calc_fnc": "2", 
                        "color": "1A7C11", 
                        "drawtype": "0", 
                        "item": {
                            "host": "CORP Template Module Java Hybris JMX", 
                            "key": "jmx[\"hybris:tenantscope=Master Tenant,datasource=DataSources\",NumInUse]"
                        }, 
                        "sortorder": "0", 
                        "type": "0", 
                        "yaxisside": "0"
                    }, 
                    {
                        "calc_fnc": "2", 
                        "color": "F63100", 
                        "drawtype": "0", 
                        "item": {
                            "host": "CORP Template Module Java Hybris JMX", 
                            "key": "jmx[\"hybris:tenantscope=Master Tenant,datasource=DataSources\",MaxAllowedPhysicalOpen]"
                        }, 
                        "sortorder": "1", 
                        "type": "0", 
                        "yaxisside": "0"
                    }, 
                    {
                        "calc_fnc": "2", 
                        "color": "2774A4", 
                        "drawtype": "0", 
                        "item": {
                            "host": "CORP Template Module Java Hybris JMX", 
                            "key": "jmx[\"hybris:tenantscope=Master Tenant,datasource=DataSources\",NumPhysicalOpen]"
                        }, 
                        "sortorder": "2", 
                        "type": "0", 
                        "yaxisside": "0"
                    }
                ], 
                "height": "200", 
                "name": "Data Source Connections", 
                "percent_left": "0.0000", 
                "percent_right": "0.0000", 
                "show_3d": "0", 
                "show_legend": "1", 
                "show_triggers": "1", 
                "show_work_period": "1", 
                "type": "0", 
                "width": "900", 
                "yaxismax": "100.0000", 
                "yaxismin": "0.0000", 
                "ymax_item_1": "0", 
                "ymax_type_1": "0", 
                "ymin_item_1": "0", 
                "ymin_type_1": "0"
            }, 
            {
                "graph_items": [
                    {
                        "calc_fnc": "2", 
                        "color": "1A7C11", 
                        "drawtype": "0", 
                        "item": {
                            "host": "CORP Template Module Java Hybris JMX", 
                            "key": "jmx[\"hybris:tenantscope=Master Tenant,region=Entity Region Cache\",EvictionCount]"
                        }, 
                        "sortorder": "0", 
                        "type": "0", 
                        "yaxisside": "0"
                    }, 
                    {
                        "calc_fnc": "2", 
                        "color": "F63100", 
                        "drawtype": "0", 
                        "item": {
                            "host": "CORP Template Module Java Hybris JMX", 
                            "key": "jmx[\"hybris:tenantscope=Master Tenant,region=Entity Region Cache\",FetchCount]"
                        }, 
                        "sortorder": "1", 
                        "type": "0", 
                        "yaxisside": "0"
                    }, 
                    {
                        "calc_fnc": "2", 
                        "color": "2774A4", 
                        "drawtype": "0", 
                        "item": {
                            "host": "CORP Template Module Java Hybris JMX", 
                            "key": "jmx[\"hybris:tenantscope=Master Tenant,region=Entity Region Cache\",HitCount]"
                        }, 
                        "sortorder": "2", 
                        "type": "0", 
                        "yaxisside": "0"
                    }
                ], 
                "height": "200", 
                "name": "Entity Region Cache Stats", 
                "percent_left": "0.0000", 
                "percent_right": "0.0000", 
                "show_3d": "0", 
                "show_legend": "1", 
                "show_triggers": "1", 
                "show_work_period": "1", 
                "type": "0", 
                "width": "900", 
                "yaxismax": "100.0000", 
                "yaxismin": "0.0000", 
                "ymax_item_1": "0", 
                "ymax_type_1": "0", 
                "ymin_item_1": "0", 
                "ymin_type_1": "0"
            }, 
            {
                "graph_items": [
                    {
                        "calc_fnc": "2", 
                        "color": "1A7C11", 
                        "drawtype": "0", 
                        "item": {
                            "host": "CORP Template Module Java Hybris JMX", 
                            "key": "jmx[\"hybris:tenantscope=Master Tenant,region=Entity Region Cache\",CurrentCacheSize]"
                        }, 
                        "sortorder": "0", 
                        "type": "0", 
                        "yaxisside": "0"
                    }, 
                    {
                        "calc_fnc": "2", 
                        "color": "F63100", 
                        "drawtype": "0", 
                        "item": {
                            "host": "CORP Template Module Java Hybris JMX", 
                            "key": "jmx[\"hybris:tenantscope=Master Tenant,region=Entity Region Cache\",MaximumCacheSize]"
                        }, 
                        "sortorder": "1", 
                        "type": "0", 
                        "yaxisside": "0"
                    }
                ], 
                "height": "200", 
                "name": "Entity Region Cache Usage", 
                "percent_left": "0.0000", 
                "percent_right": "0.0000", 
                "show_3d": "0", 
                "show_legend": "1", 
                "show_triggers": "1", 
                "show_work_period": "1", 
                "type": "0", 
                "width": "900", 
                "yaxismax": "100.0000", 
                "yaxismin": "0.0000", 
                "ymax_item_1": "0", 
                "ymax_type_1": "0", 
                "ymin_item_1": "0", 
                "ymin_type_1": "0"
            }, 
            {
                "graph_items": [
                    {
                        "calc_fnc": "2", 
                        "color": "1A7C11", 
                        "drawtype": "0", 
                        "item": {
                            "host": "CORP Template Module Java Hybris JMX", 
                            "key": "jmx[\"hybris:tenantscope=Master Tenant,fq=Cache Flexible Query\",CurrentSize]"
                        }, 
                        "sortorder": "0", 
                        "type": "0", 
                        "yaxisside": "0"
                    }, 
                    {
                        "calc_fnc": "2", 
                        "color": "F63100", 
                        "drawtype": "0", 
                        "item": {
                            "host": "CORP Template Module Java Hybris JMX", 
                            "key": "jmx[\"hybris:tenantscope=Master Tenant,fq=Cache Flexible Query\",CurrentSizeInPercent]"
                        }, 
                        "sortorder": "1", 
                        "type": "0", 
                        "yaxisside": "1"
                    }, 
                    {
                        "calc_fnc": "2", 
                        "color": "2774A4", 
                        "drawtype": "0", 
                        "item": {
                            "host": "CORP Template Module Java Hybris JMX", 
                            "key": "jmx[\"hybris:tenantscope=Master Tenant,fq=Cache Flexible Query\",MaxSize]"
                        }, 
                        "sortorder": "2", 
                        "type": "0", 
                        "yaxisside": "0"
                    }
                ], 
                "height": "200", 
                "name": "Flexible Query Cache", 
                "percent_left": "0.0000", 
                "percent_right": "0.0000", 
                "show_3d": "0", 
                "show_legend": "1", 
                "show_triggers": "1", 
                "show_work_period": "1", 
                "type": "0", 
                "width": "900", 
                "yaxismax": "100.0000", 
                "yaxismin": "0.0000", 
                "ymax_item_1": "0", 
                "ymax_type_1": "0", 
                "ymin_item_1": "0", 
                "ymin_type_1": "0"
            }, 
            {
                "graph_items": [
                    {
                        "calc_fnc": "2", 
                        "color": "1A7C11", 
                        "drawtype": "0", 
                        "item": {
                            "host": "CORP Template Module Java Hybris JMX", 
                            "key": "jmx[\"hybris:tenantscope=Master Tenant,main=Cache Main\",EntitiesAddCount]"
                        }, 
                        "sortorder": "0", 
                        "type": "0", 
                        "yaxisside": "0"
                    }, 
                    {
                        "calc_fnc": "2", 
                        "color": "F63100", 
                        "drawtype": "0", 
                        "item": {
                            "host": "CORP Template Module Java Hybris JMX", 
                            "key": "jmx[\"hybris:tenantscope=Master Tenant,main=Cache Main\",EntitiesGetCount]"
                        }, 
                        "sortorder": "1", 
                        "type": "0", 
                        "yaxisside": "0"
                    }, 
                    {
                        "calc_fnc": "2", 
                        "color": "2774A4", 
                        "drawtype": "0", 
                        "item": {
                            "host": "CORP Template Module Java Hybris JMX", 
                            "key": "jmx[\"hybris:tenantscope=Master Tenant,main=Cache Main\",EntitiesMissCount]"
                        }, 
                        "sortorder": "2", 
                        "type": "0", 
                        "yaxisside": "0"
                    }, 
                    {
                        "calc_fnc": "2", 
                        "color": "A54F10", 
                        "drawtype": "0", 
                        "item": {
                            "host": "CORP Template Module Java Hybris JMX", 
                            "key": "jmx[\"hybris:tenantscope=Master Tenant,main=Cache Main\",EntitiesMissCountInPercent]"
                        }, 
                        "sortorder": "3", 
                        "type": "0", 
                        "yaxisside": "1"
                    }, 
                    {
                        "calc_fnc": "2", 
                        "color": "FC6EA3", 
                        "drawtype": "0", 
                        "item": {
                            "host": "CORP Template Module Java Hybris JMX", 
                            "key": "jmx[\"hybris:tenantscope=Master Tenant,main=Cache Main\",EntitiesRemoveCount]"
                        }, 
                        "sortorder": "4", 
                        "type": "0", 
                        "yaxisside": "0"
                    }
                ], 
                "height": "200", 
                "name": "Main Cache Stats", 
                "percent_left": "0.0000", 
                "percent_right": "0.0000", 
                "show_3d": "0", 
                "show_legend": "1", 
                "show_triggers": "1", 
                "show_work_period": "1", 
                "type": "0", 
                "width": "900", 
                "yaxismax": "100.0000", 
                "yaxismin": "0.0000", 
                "ymax_item_1": "0", 
                "ymax_type_1": "0", 
                "ymin_item_1": "0", 
                "ymin_type_1": "0"
            }, 
            {
                "graph_items": [
                    {
                        "calc_fnc": "2", 
                        "color": "1A7C11", 
                        "drawtype": "0", 
                        "item": {
                            "host": "CORP Template Module Java Hybris JMX", 
                            "key": "jmx[\"hybris:tenantscope=Master Tenant,main=Cache Main\",CurrentCacheSize]"
                        }, 
                        "sortorder": "0", 
                        "type": "0", 
                        "yaxisside": "0"
                    }, 
                    {
                        "calc_fnc": "2", 
                        "color": "F63100", 
                        "drawtype": "0", 
                        "item": {
                            "host": "CORP Template Module Java Hybris JMX", 
                            "key": "jmx[\"hybris:tenantscope=Master Tenant,main=Cache Main\",CurrentCacheSizeInPercent]"
                        }, 
                        "sortorder": "1", 
                        "type": "0", 
                        "yaxisside": "0"
                    }, 
                    {
                        "calc_fnc": "2", 
                        "color": "2774A4", 
                        "drawtype": "0", 
                        "item": {
                            "host": "CORP Template Module Java Hybris JMX", 
                            "key": "jmx[\"hybris:tenantscope=Master Tenant,main=Cache Main\",MaximumCacheSize]"
                        }, 
                        "sortorder": "2", 
                        "type": "0", 
                        "yaxisside": "0"
                    }
                ], 
                "height": "200", 
                "name": "Main Cache Usage", 
                "percent_left": "0.0000", 
                "percent_right": "0.0000", 
                "show_3d": "0", 
                "show_legend": "1", 
                "show_triggers": "1", 
                "show_work_period": "1", 
                "type": "0", 
                "width": "900", 
                "yaxismax": "100.0000", 
                "yaxismin": "0.0000", 
                "ymax_item_1": "0", 
                "ymax_type_1": "0", 
                "ymin_item_1": "0", 
                "ymin_type_1": "0"
            }, 
            {
                "graph_items": [
                    {
                        "calc_fnc": "2", 
                        "color": "1A7C11", 
                        "drawtype": "0", 
                        "item": {
                            "host": "CORP Template Module Java Hybris JMX", 
                            "key": "jmx[\"hybris:tenantscope=Master Tenant,region=Query Region Cache\",EvictionCount]"
                        }, 
                        "sortorder": "0", 
                        "type": "0", 
                        "yaxisside": "0"
                    }, 
                    {
                        "calc_fnc": "2", 
                        "color": "F63100", 
                        "drawtype": "0", 
                        "item": {
                            "host": "CORP Template Module Java Hybris JMX", 
                            "key": "jmx[\"hybris:tenantscope=Master Tenant,region=Query Region Cache\",FetchCount]"
                        }, 
                        "sortorder": "1", 
                        "type": "0", 
                        "yaxisside": "0"
                    }, 
                    {
                        "calc_fnc": "2", 
                        "color": "2774A4", 
                        "drawtype": "0", 
                        "item": {
                            "host": "CORP Template Module Java Hybris JMX", 
                            "key": "jmx[\"hybris:tenantscope=Master Tenant,region=Query Region Cache\",HitCount]"
                        }, 
                        "sortorder": "2", 
                        "type": "0", 
                        "yaxisside": "0"
                    }, 
                    {
                        "calc_fnc": "2", 
                        "color": "A54F10", 
                        "drawtype": "0", 
                        "item": {
                            "host": "CORP Template Module Java Hybris JMX", 
                            "key": "jmx[\"hybris:tenantscope=Master Tenant,region=Query Region Cache\",MissCount]"
                        }, 
                        "sortorder": "3", 
                        "type": "0", 
                        "yaxisside": "0"
                    }
                ], 
                "height": "200", 
                "name": "Query Region Cache Stats", 
                "percent_left": "0.0000", 
                "percent_right": "0.0000", 
                "show_3d": "0", 
                "show_legend": "1", 
                "show_triggers": "1", 
                "show_work_period": "1", 
                "type": "0", 
                "width": "900", 
                "yaxismax": "100.0000", 
                "yaxismin": "0.0000", 
                "ymax_item_1": "0", 
                "ymax_type_1": "0", 
                "ymin_item_1": "0", 
                "ymin_type_1": "0"
            }, 
            {
                "graph_items": [
                    {
                        "calc_fnc": "2", 
                        "color": "1A7C11", 
                        "drawtype": "0", 
                        "item": {
                            "host": "CORP Template Module Java Hybris JMX", 
                            "key": "jmx[\"hybris:tenantscope=Master Tenant,region=Query Region Cache\",CurrentCacheSize]"
                        }, 
                        "sortorder": "0", 
                        "type": "0", 
                        "yaxisside": "0"
                    }, 
                    {
                        "calc_fnc": "2", 
                        "color": "F63100", 
                        "drawtype": "0", 
                        "item": {
                            "host": "CORP Template Module Java Hybris JMX", 
                            "key": "jmx[\"hybris:tenantscope=Master Tenant,region=Query Region Cache\",MaximumCacheSize]"
                        }, 
                        "sortorder": "1", 
                        "type": "0", 
                        "yaxisside": "0"
                    }
                ], 
                "height": "200", 
                "name": "Query Region Cache Usage", 
                "percent_left": "0.0000", 
                "percent_right": "0.0000", 
                "show_3d": "0", 
                "show_legend": "1", 
                "show_triggers": "1", 
                "show_work_period": "1", 
                "type": "0", 
                "width": "900", 
                "yaxismax": "100.0000", 
                "yaxismin": "0.0000", 
                "ymax_item_1": "0", 
                "ymax_type_1": "0", 
                "ymin_item_1": "0", 
                "ymin_type_1": "0"
            }
        ], 
        "groups": [
            {
                "name": "CORP/Templates/Modules"
            }
        ], 
        "templates": [
            {
                "applications": [
                    {
                        "name": "Cron Jobs"
                    }, 
                    {
                        "name": "Data Sources"
                    }, 
                    {
                        "name": "Entity Region Cache"
                    }, 
                    {
                        "name": "Flexible Query Cache"
                    }, 
                    {
                        "name": "Hybris"
                    }, 
                    {
                        "name": "Main Cache"
                    }, 
                    {
                        "name": "Master Tenant"
                    }, 
                    {
                        "name": "Query Region Cache"
                    }, 
                    {
                        "name": "Task Engine"
                    }
                ], 
                "description": "", 
                "discovery_rules": [
                    {
                        "allowed_hosts": "", 
                        "authtype": "0", 
                        "delay": "1h", 
                        "description": "", 
                        "filter": {
                            "conditions": [], 
                            "evaltype": "0", 
                            "formula": ""
                        }, 
                        "graph_prototypes": [], 
                        "host_prototypes": [], 
                        "ipmi_sensor": "", 
                        "item_prototypes": [
                            {
                                "allowed_hosts": "", 
                                "application_prototypes": [], 
                                "applications": [
                                    {
                                        "name": "Cron Jobs"
                                    }
                                ], 
                                "authtype": "0", 
                                "delay": "1m", 
                                "description": "", 
                                "history": "90d", 
                                "inventory_link": "0", 
                                "ipmi_sensor": "", 
                                "jmx_endpoint": "service:jmx:rmi:///jndi/rmi://{HOST.CONN}:{HOST.PORT}/jmxrmi", 
                                "key": "jmx[\"{#JMXOBJ}\",\"{#JMXATTR}\"]", 
                                "logtimefmt": "", 
                                "master_item_prototype": [], 
                                "name": "{#JMXATTR}", 
                                "params": "", 
                                "password": "{$JMX_PASSWORD}", 
                                "port": "", 
                                "preprocessing": [], 
                                "privatekey": "", 
                                "publickey": "", 
                                "snmp_community": "", 
                                "snmp_oid": "", 
                                "snmpv3_authpassphrase": "", 
                                "snmpv3_authprotocol": "0", 
                                "snmpv3_contextname": "", 
                                "snmpv3_privpassphrase": "", 
                                "snmpv3_privprotocol": "0", 
                                "snmpv3_securitylevel": "0", 
                                "snmpv3_securityname": "", 
                                "status": "0", 
                                "trends": "0", 
                                "type": "16", 
                                "units": "", 
                                "username": "{$JMX_USER}", 
                                "value_type": "4", 
                                "valuemap": []
                            }
                        ], 
                        "jmx_endpoint": "service:jmx:rmi:///jndi/rmi://{HOST.CONN}:{HOST.PORT}/jmxrmi", 
                        "key": "jmx.discovery[attributes,\"hybris:tenantscope=Master Tenant,cronjob=CronJobs\"]", 
                        "lifetime": "30d", 
                        "name": "Cron Jobs", 
                        "params": "", 
                        "password": "{$JMX_PASSWORD}", 
                        "port": "", 
                        "privatekey": "", 
                        "publickey": "", 
                        "snmp_community": "", 
                        "snmp_oid": "", 
                        "snmpv3_authpassphrase": "", 
                        "snmpv3_authprotocol": "0", 
                        "snmpv3_contextname": "", 
                        "snmpv3_privpassphrase": "", 
                        "snmpv3_privprotocol": "0", 
                        "snmpv3_securitylevel": "0", 
                        "snmpv3_securityname": "", 
                        "status": "0", 
                        "trigger_prototypes": [], 
                        "type": "16", 
                        "username": "{$JMX_USER}"
                    }, 
                    {
                        "allowed_hosts": "", 
                        "authtype": "0", 
                        "delay": "1h", 
                        "description": "", 
                        "filter": {
                            "conditions": [], 
                            "evaltype": "0", 
                            "formula": ""
                        }, 
                        "graph_prototypes": [], 
                        "host_prototypes": [], 
                        "ipmi_sensor": "", 
                        "item_prototypes": [
                            {
                                "allowed_hosts": "", 
                                "application_prototypes": [
                                    {
                                        "name": "{#JMXTENANT}"
                                    }
                                ], 
                                "applications": [
                                    {
                                        "name": "Hybris"
                                    }
                                ], 
                                "authtype": "0", 
                                "delay": "1m", 
                                "description": "", 
                                "history": "90d", 
                                "inventory_link": "0", 
                                "ipmi_sensor": "", 
                                "jmx_endpoint": "service:jmx:rmi:///jndi/rmi://{HOST.CONN}:{HOST.PORT}/jmxrmi", 
                                "key": "jmx[\"{#JMXOBJ}\",count]", 
                                "logtimefmt": "", 
                                "master_item_prototype": [], 
                                "name": "{#JMXTENANT} Queue Size", 
                                "params": "", 
                                "password": "{$JMX_PASSWORD}", 
                                "port": "", 
                                "preprocessing": [], 
                                "privatekey": "", 
                                "publickey": "", 
                                "snmp_community": "", 
                                "snmp_oid": "", 
                                "snmpv3_authpassphrase": "", 
                                "snmpv3_authprotocol": "0", 
                                "snmpv3_contextname": "", 
                                "snmpv3_privpassphrase": "", 
                                "snmpv3_privprotocol": "0", 
                                "snmpv3_securitylevel": "0", 
                                "snmpv3_securityname": "", 
                                "status": "0", 
                                "trends": "365d", 
                                "type": "16", 
                                "units": "", 
                                "username": "{$JMX_USER}", 
                                "value_type": "3", 
                                "valuemap": []
                            }
                        ], 
                        "jmx_endpoint": "service:jmx:rmi:///jndi/rmi://{HOST.CONN}:{HOST.PORT}/jmxrmi", 
                        "key": "jmx.discovery[beans,\"hybris-metrics:tenant=*,extension=processing,module=taskEngine,name=queue.size\"]", 
                        "lifetime": "30d", 
                        "name": "Task Engine", 
                        "params": "", 
                        "password": "{$JMX_PASSWORD}", 
                        "port": "", 
                        "privatekey": "", 
                        "publickey": "", 
                        "snmp_community": "", 
                        "snmp_oid": "", 
                        "snmpv3_authpassphrase": "", 
                        "snmpv3_authprotocol": "0", 
                        "snmpv3_contextname": "", 
                        "snmpv3_privpassphrase": "", 
                        "snmpv3_privprotocol": "0", 
                        "snmpv3_securitylevel": "0", 
                        "snmpv3_securityname": "", 
                        "status": "0", 
                        "trigger_prototypes": [], 
                        "type": "16", 
                        "username": "{$JMX_USER}"
                    }
                ], 
                "groups": [
                    {
                        "name": "CORP/Templates/Modules"
                    }
                ], 
                "httptests": [], 
                "items": [
                    {
                        "allowed_hosts": "", 
                        "applications": [
                            {
                                "name": "Data Sources"
                            }, 
                            {
                                "name": "Hybris"
                            }, 
                            {
                                "name": "Master Tenant"
                            }
                        ], 
                        "authtype": "0", 
                        "delay": "1h", 
                        "description": "", 
                        "history": "90d", 
                        "inventory_link": "0", 
                        "ipmi_sensor": "", 
                        "jmx_endpoint": "service:jmx:rmi:///jndi/rmi://{HOST.CONN}:{HOST.PORT}/jmxrmi", 
                        "key": "jmx[\"hybris:tenantscope=Master Tenant,datasource=DataSources\",MaxAllowedPhysicalOpen]", 
                        "logtimefmt": "", 
                        "master_item": [], 
                        "name": "Data Sources Physical Connections Max Allowed", 
                        "params": "", 
                        "password": "{$JMX_PASSWORD}", 
                        "port": "", 
                        "preprocessing": [], 
                        "privatekey": "", 
                        "publickey": "", 
                        "snmp_community": "", 
                        "snmp_oid": "", 
                        "snmpv3_authpassphrase": "", 
                        "snmpv3_authprotocol": "0", 
                        "snmpv3_contextname": "", 
                        "snmpv3_privpassphrase": "", 
                        "snmpv3_privprotocol": "0", 
                        "snmpv3_securitylevel": "0", 
                        "snmpv3_securityname": "", 
                        "status": "0", 
                        "trends": "365d", 
                        "type": "16", 
                        "units": "", 
                        "username": "{$JMX_USER}", 
                        "value_type": "3", 
                        "valuemap": []
                    }, 
                    {
                        "allowed_hosts": "", 
                        "applications": [
                            {
                                "name": "Data Sources"
                            }, 
                            {
                                "name": "Hybris"
                            }, 
                            {
                                "name": "Master Tenant"
                            }
                        ], 
                        "authtype": "0", 
                        "delay": "1m", 
                        "description": "", 
                        "history": "90d", 
                        "inventory_link": "0", 
                        "ipmi_sensor": "", 
                        "jmx_endpoint": "service:jmx:rmi:///jndi/rmi://{HOST.CONN}:{HOST.PORT}/jmxrmi", 
                        "key": "jmx[\"hybris:tenantscope=Master Tenant,datasource=DataSources\",NumInUse]", 
                        "logtimefmt": "", 
                        "master_item": [], 
                        "name": "Data Sources Physical Connections In Use", 
                        "params": "", 
                        "password": "{$JMX_PASSWORD}", 
                        "port": "", 
                        "preprocessing": [], 
                        "privatekey": "", 
                        "publickey": "", 
                        "snmp_community": "", 
                        "snmp_oid": "", 
                        "snmpv3_authpassphrase": "", 
                        "snmpv3_authprotocol": "0", 
                        "snmpv3_contextname": "", 
                        "snmpv3_privpassphrase": "", 
                        "snmpv3_privprotocol": "0", 
                        "snmpv3_securitylevel": "0", 
                        "snmpv3_securityname": "", 
                        "status": "0", 
                        "trends": "365d", 
                        "type": "16", 
                        "units": "", 
                        "username": "{$JMX_USER}", 
                        "value_type": "3", 
                        "valuemap": []
                    }, 
                    {
                        "allowed_hosts": "", 
                        "applications": [
                            {
                                "name": "Data Sources"
                            }, 
                            {
                                "name": "Hybris"
                            }, 
                            {
                                "name": "Master Tenant"
                            }
                        ], 
                        "authtype": "0", 
                        "delay": "1m", 
                        "description": "", 
                        "history": "90d", 
                        "inventory_link": "0", 
                        "ipmi_sensor": "", 
                        "jmx_endpoint": "service:jmx:rmi:///jndi/rmi://{HOST.CONN}:{HOST.PORT}/jmxrmi", 
                        "key": "jmx[\"hybris:tenantscope=Master Tenant,datasource=DataSources\",NumPhysicalOpen]", 
                        "logtimefmt": "", 
                        "master_item": [], 
                        "name": "Data Sources Physical Connections Open", 
                        "params": "", 
                        "password": "{$JMX_PASSWORD}", 
                        "port": "", 
                        "preprocessing": [], 
                        "privatekey": "", 
                        "publickey": "", 
                        "snmp_community": "", 
                        "snmp_oid": "", 
                        "snmpv3_authpassphrase": "", 
                        "snmpv3_authprotocol": "0", 
                        "snmpv3_contextname": "", 
                        "snmpv3_privpassphrase": "", 
                        "snmpv3_privprotocol": "0", 
                        "snmpv3_securitylevel": "0", 
                        "snmpv3_securityname": "", 
                        "status": "0", 
                        "trends": "365d", 
                        "type": "16", 
                        "units": "", 
                        "username": "{$JMX_USER}", 
                        "value_type": "3", 
                        "valuemap": []
                    }, 
                    {
                        "allowed_hosts": "", 
                        "applications": [
                            {
                                "name": "Flexible Query Cache"
                            }, 
                            {
                                "name": "Hybris"
                            }, 
                            {
                                "name": "Master Tenant"
                            }
                        ], 
                        "authtype": "0", 
                        "delay": "1m", 
                        "description": "", 
                        "history": "90d", 
                        "inventory_link": "0", 
                        "ipmi_sensor": "", 
                        "jmx_endpoint": "service:jmx:rmi:///jndi/rmi://{HOST.CONN}:{HOST.PORT}/jmxrmi", 
                        "key": "jmx[\"hybris:tenantscope=Master Tenant,fq=Cache Flexible Query\",CurrentSizeInPercent]", 
                        "logtimefmt": "", 
                        "master_item": [], 
                        "name": "Flexible Query Cache Current Size Percentage", 
                        "params": "", 
                        "password": "{$JMX_PASSWORD}", 
                        "port": "", 
                        "preprocessing": [], 
                        "privatekey": "", 
                        "publickey": "", 
                        "snmp_community": "", 
                        "snmp_oid": "", 
                        "snmpv3_authpassphrase": "", 
                        "snmpv3_authprotocol": "0", 
                        "snmpv3_contextname": "", 
                        "snmpv3_privpassphrase": "", 
                        "snmpv3_privprotocol": "0", 
                        "snmpv3_securitylevel": "0", 
                        "snmpv3_securityname": "", 
                        "status": "0", 
                        "trends": "365d", 
                        "type": "16", 
                        "units": "%", 
                        "username": "{$JMX_USER}", 
                        "value_type": "3", 
                        "valuemap": []
                    }, 
                    {
                        "allowed_hosts": "", 
                        "applications": [
                            {
                                "name": "Flexible Query Cache"
                            }, 
                            {
                                "name": "Hybris"
                            }, 
                            {
                                "name": "Master Tenant"
                            }
                        ], 
                        "authtype": "0", 
                        "delay": "1m", 
                        "description": "", 
                        "history": "90d", 
                        "inventory_link": "0", 
                        "ipmi_sensor": "", 
                        "jmx_endpoint": "service:jmx:rmi:///jndi/rmi://{HOST.CONN}:{HOST.PORT}/jmxrmi", 
                        "key": "jmx[\"hybris:tenantscope=Master Tenant,fq=Cache Flexible Query\",CurrentSize]", 
                        "logtimefmt": "", 
                        "master_item": [], 
                        "name": "Flexible Query Cache Current Size", 
                        "params": "", 
                        "password": "{$JMX_PASSWORD}", 
                        "port": "", 
                        "preprocessing": [], 
                        "privatekey": "", 
                        "publickey": "", 
                        "snmp_community": "", 
                        "snmp_oid": "", 
                        "snmpv3_authpassphrase": "", 
                        "snmpv3_authprotocol": "0", 
                        "snmpv3_contextname": "", 
                        "snmpv3_privpassphrase": "", 
                        "snmpv3_privprotocol": "0", 
                        "snmpv3_securitylevel": "0", 
                        "snmpv3_securityname": "", 
                        "status": "0", 
                        "trends": "365d", 
                        "type": "16", 
                        "units": "B", 
                        "username": "{$JMX_USER}", 
                        "value_type": "3", 
                        "valuemap": []
                    }, 
                    {
                        "allowed_hosts": "", 
                        "applications": [
                            {
                                "name": "Flexible Query Cache"
                            }, 
                            {
                                "name": "Hybris"
                            }, 
                            {
                                "name": "Master Tenant"
                            }
                        ], 
                        "authtype": "0", 
                        "delay": "1h", 
                        "description": "", 
                        "history": "90d", 
                        "inventory_link": "0", 
                        "ipmi_sensor": "", 
                        "jmx_endpoint": "service:jmx:rmi:///jndi/rmi://{HOST.CONN}:{HOST.PORT}/jmxrmi", 
                        "key": "jmx[\"hybris:tenantscope=Master Tenant,fq=Cache Flexible Query\",MaxSize]", 
                        "logtimefmt": "", 
                        "master_item": [], 
                        "name": "Flexible Query Cache Max Size", 
                        "params": "", 
                        "password": "{$JMX_PASSWORD}", 
                        "port": "", 
                        "preprocessing": [], 
                        "privatekey": "", 
                        "publickey": "", 
                        "snmp_community": "", 
                        "snmp_oid": "", 
                        "snmpv3_authpassphrase": "", 
                        "snmpv3_authprotocol": "0", 
                        "snmpv3_contextname": "", 
                        "snmpv3_privpassphrase": "", 
                        "snmpv3_privprotocol": "0", 
                        "snmpv3_securitylevel": "0", 
                        "snmpv3_securityname": "", 
                        "status": "0", 
                        "trends": "365d", 
                        "type": "16", 
                        "units": "B", 
                        "username": "{$JMX_USER}", 
                        "value_type": "3", 
                        "valuemap": []
                    }, 
                    {
                        "allowed_hosts": "", 
                        "applications": [
                            {
                                "name": "Hybris"
                            }, 
                            {
                                "name": "Main Cache"
                            }, 
                            {
                                "name": "Master Tenant"
                            }
                        ], 
                        "authtype": "0", 
                        "delay": "1m", 
                        "description": "", 
                        "history": "90d", 
                        "inventory_link": "0", 
                        "ipmi_sensor": "", 
                        "jmx_endpoint": "service:jmx:rmi:///jndi/rmi://{HOST.CONN}:{HOST.PORT}/jmxrmi", 
                        "key": "jmx[\"hybris:tenantscope=Master Tenant,main=Cache Main\",CurrentCacheSizeInPercent]", 
                        "logtimefmt": "", 
                        "master_item": [], 
                        "name": "Main Cache Current Size Percentage", 
                        "params": "", 
                        "password": "{$JMX_PASSWORD}", 
                        "port": "", 
                        "preprocessing": [], 
                        "privatekey": "", 
                        "publickey": "", 
                        "snmp_community": "", 
                        "snmp_oid": "", 
                        "snmpv3_authpassphrase": "", 
                        "snmpv3_authprotocol": "0", 
                        "snmpv3_contextname": "", 
                        "snmpv3_privpassphrase": "", 
                        "snmpv3_privprotocol": "0", 
                        "snmpv3_securitylevel": "0", 
                        "snmpv3_securityname": "", 
                        "status": "0", 
                        "trends": "365d", 
                        "type": "16", 
                        "units": "%", 
                        "username": "{$JMX_USER}", 
                        "value_type": "3", 
                        "valuemap": []
                    }, 
                    {
                        "allowed_hosts": "", 
                        "applications": [
                            {
                                "name": "Hybris"
                            }, 
                            {
                                "name": "Main Cache"
                            }, 
                            {
                                "name": "Master Tenant"
                            }
                        ], 
                        "authtype": "0", 
                        "delay": "1m", 
                        "description": "", 
                        "history": "90d", 
                        "inventory_link": "0", 
                        "ipmi_sensor": "", 
                        "jmx_endpoint": "service:jmx:rmi:///jndi/rmi://{HOST.CONN}:{HOST.PORT}/jmxrmi", 
                        "key": "jmx[\"hybris:tenantscope=Master Tenant,main=Cache Main\",CurrentCacheSize]", 
                        "logtimefmt": "", 
                        "master_item": [], 
                        "name": "Main Cache Current Size", 
                        "params": "", 
                        "password": "{$JMX_PASSWORD}", 
                        "port": "", 
                        "preprocessing": [], 
                        "privatekey": "", 
                        "publickey": "", 
                        "snmp_community": "", 
                        "snmp_oid": "", 
                        "snmpv3_authpassphrase": "", 
                        "snmpv3_authprotocol": "0", 
                        "snmpv3_contextname": "", 
                        "snmpv3_privpassphrase": "", 
                        "snmpv3_privprotocol": "0", 
                        "snmpv3_securitylevel": "0", 
                        "snmpv3_securityname": "", 
                        "status": "0", 
                        "trends": "365d", 
                        "type": "16", 
                        "units": "B", 
                        "username": "{$JMX_USER}", 
                        "value_type": "3", 
                        "valuemap": []
                    }, 
                    {
                        "allowed_hosts": "", 
                        "applications": [
                            {
                                "name": "Hybris"
                            }, 
                            {
                                "name": "Main Cache"
                            }, 
                            {
                                "name": "Master Tenant"
                            }
                        ], 
                        "authtype": "0", 
                        "delay": "1m", 
                        "description": "", 
                        "history": "90d", 
                        "inventory_link": "0", 
                        "ipmi_sensor": "", 
                        "jmx_endpoint": "service:jmx:rmi:///jndi/rmi://{HOST.CONN}:{HOST.PORT}/jmxrmi", 
                        "key": "jmx[\"hybris:tenantscope=Master Tenant,main=Cache Main\",EntitiesAddCount]", 
                        "logtimefmt": "", 
                        "master_item": [], 
                        "name": "Main Cache Entities Add Count", 
                        "params": "", 
                        "password": "{$JMX_PASSWORD}", 
                        "port": "", 
                        "preprocessing": [
                            {
                                "params": "", 
                                "type": "9"
                            }
                        ], 
                        "privatekey": "", 
                        "publickey": "", 
                        "snmp_community": "", 
                        "snmp_oid": "", 
                        "snmpv3_authpassphrase": "", 
                        "snmpv3_authprotocol": "0", 
                        "snmpv3_contextname": "", 
                        "snmpv3_privpassphrase": "", 
                        "snmpv3_privprotocol": "0", 
                        "snmpv3_securitylevel": "0", 
                        "snmpv3_securityname": "", 
                        "status": "0", 
                        "trends": "365d", 
                        "type": "16", 
                        "units": "", 
                        "username": "{$JMX_USER}", 
                        "value_type": "3", 
                        "valuemap": []
                    }, 
                    {
                        "allowed_hosts": "", 
                        "applications": [
                            {
                                "name": "Hybris"
                            }, 
                            {
                                "name": "Main Cache"
                            }, 
                            {
                                "name": "Master Tenant"
                            }
                        ], 
                        "authtype": "0", 
                        "delay": "1m", 
                        "description": "", 
                        "history": "90d", 
                        "inventory_link": "0", 
                        "ipmi_sensor": "", 
                        "jmx_endpoint": "service:jmx:rmi:///jndi/rmi://{HOST.CONN}:{HOST.PORT}/jmxrmi", 
                        "key": "jmx[\"hybris:tenantscope=Master Tenant,main=Cache Main\",EntitiesGetCount]", 
                        "logtimefmt": "", 
                        "master_item": [], 
                        "name": "Main Cache Entities Get Count", 
                        "params": "", 
                        "password": "{$JMX_PASSWORD}", 
                        "port": "", 
                        "preprocessing": [
                            {
                                "params": "", 
                                "type": "9"
                            }
                        ], 
                        "privatekey": "", 
                        "publickey": "", 
                        "snmp_community": "", 
                        "snmp_oid": "", 
                        "snmpv3_authpassphrase": "", 
                        "snmpv3_authprotocol": "0", 
                        "snmpv3_contextname": "", 
                        "snmpv3_privpassphrase": "", 
                        "snmpv3_privprotocol": "0", 
                        "snmpv3_securitylevel": "0", 
                        "snmpv3_securityname": "", 
                        "status": "0", 
                        "trends": "365d", 
                        "type": "16", 
                        "units": "", 
                        "username": "{$JMX_USER}", 
                        "value_type": "3", 
                        "valuemap": []
                    }, 
                    {
                        "allowed_hosts": "", 
                        "applications": [
                            {
                                "name": "Hybris"
                            }, 
                            {
                                "name": "Main Cache"
                            }, 
                            {
                                "name": "Master Tenant"
                            }
                        ], 
                        "authtype": "0", 
                        "delay": "1m", 
                        "description": "", 
                        "history": "90d", 
                        "inventory_link": "0", 
                        "ipmi_sensor": "", 
                        "jmx_endpoint": "service:jmx:rmi:///jndi/rmi://{HOST.CONN}:{HOST.PORT}/jmxrmi", 
                        "key": "jmx[\"hybris:tenantscope=Master Tenant,main=Cache Main\",EntitiesMissCountInPercent]", 
                        "logtimefmt": "", 
                        "master_item": [], 
                        "name": "Main Cache Entities Miss percentage", 
                        "params": "", 
                        "password": "{$JMX_PASSWORD}", 
                        "port": "", 
                        "preprocessing": [], 
                        "privatekey": "", 
                        "publickey": "", 
                        "snmp_community": "", 
                        "snmp_oid": "", 
                        "snmpv3_authpassphrase": "", 
                        "snmpv3_authprotocol": "0", 
                        "snmpv3_contextname": "", 
                        "snmpv3_privpassphrase": "", 
                        "snmpv3_privprotocol": "0", 
                        "snmpv3_securitylevel": "0", 
                        "snmpv3_securityname": "", 
                        "status": "0", 
                        "trends": "365d", 
                        "type": "16", 
                        "units": "%", 
                        "username": "{$JMX_USER}", 
                        "value_type": "3", 
                        "valuemap": []
                    }, 
                    {
                        "allowed_hosts": "", 
                        "applications": [
                            {
                                "name": "Hybris"
                            }, 
                            {
                                "name": "Main Cache"
                            }, 
                            {
                                "name": "Master Tenant"
                            }
                        ], 
                        "authtype": "0", 
                        "delay": "1m", 
                        "description": "", 
                        "history": "90d", 
                        "inventory_link": "0", 
                        "ipmi_sensor": "", 
                        "jmx_endpoint": "service:jmx:rmi:///jndi/rmi://{HOST.CONN}:{HOST.PORT}/jmxrmi", 
                        "key": "jmx[\"hybris:tenantscope=Master Tenant,main=Cache Main\",EntitiesMissCount]", 
                        "logtimefmt": "", 
                        "master_item": [], 
                        "name": "Main Cache Entities Miss Count", 
                        "params": "", 
                        "password": "{$JMX_PASSWORD}", 
                        "port": "", 
                        "preprocessing": [
                            {
                                "params": "", 
                                "type": "9"
                            }
                        ], 
                        "privatekey": "", 
                        "publickey": "", 
                        "snmp_community": "", 
                        "snmp_oid": "", 
                        "snmpv3_authpassphrase": "", 
                        "snmpv3_authprotocol": "0", 
                        "snmpv3_contextname": "", 
                        "snmpv3_privpassphrase": "", 
                        "snmpv3_privprotocol": "0", 
                        "snmpv3_securitylevel": "0", 
                        "snmpv3_securityname": "", 
                        "status": "0", 
                        "trends": "365d", 
                        "type": "16", 
                        "units": "", 
                        "username": "{$JMX_USER}", 
                        "value_type": "3", 
                        "valuemap": []
                    }, 
                    {
                        "allowed_hosts": "", 
                        "applications": [
                            {
                                "name": "Hybris"
                            }, 
                            {
                                "name": "Main Cache"
                            }, 
                            {
                                "name": "Master Tenant"
                            }
                        ], 
                        "authtype": "0", 
                        "delay": "1m", 
                        "description": "", 
                        "history": "90d", 
                        "inventory_link": "0", 
                        "ipmi_sensor": "", 
                        "jmx_endpoint": "service:jmx:rmi:///jndi/rmi://{HOST.CONN}:{HOST.PORT}/jmxrmi", 
                        "key": "jmx[\"hybris:tenantscope=Master Tenant,main=Cache Main\",EntitiesRemoveCount]", 
                        "logtimefmt": "", 
                        "master_item": [], 
                        "name": "Main Cache Entities Remove Count", 
                        "params": "", 
                        "password": "{$JMX_PASSWORD}", 
                        "port": "", 
                        "preprocessing": [
                            {
                                "params": "", 
                                "type": "9"
                            }
                        ], 
                        "privatekey": "", 
                        "publickey": "", 
                        "snmp_community": "", 
                        "snmp_oid": "", 
                        "snmpv3_authpassphrase": "", 
                        "snmpv3_authprotocol": "0", 
                        "snmpv3_contextname": "", 
                        "snmpv3_privpassphrase": "", 
                        "snmpv3_privprotocol": "0", 
                        "snmpv3_securitylevel": "0", 
                        "snmpv3_securityname": "", 
                        "status": "0", 
                        "trends": "365d", 
                        "type": "16", 
                        "units": "", 
                        "username": "{$JMX_USER}", 
                        "value_type": "3", 
                        "valuemap": []
                    }, 
                    {
                        "allowed_hosts": "", 
                        "applications": [
                            {
                                "name": "Hybris"
                            }, 
                            {
                                "name": "Main Cache"
                            }, 
                            {
                                "name": "Master Tenant"
                            }
                        ], 
                        "authtype": "0", 
                        "delay": "1h", 
                        "description": "", 
                        "history": "90d", 
                        "inventory_link": "0", 
                        "ipmi_sensor": "", 
                        "jmx_endpoint": "service:jmx:rmi:///jndi/rmi://{HOST.CONN}:{HOST.PORT}/jmxrmi", 
                        "key": "jmx[\"hybris:tenantscope=Master Tenant,main=Cache Main\",MaximumCacheSize]", 
                        "logtimefmt": "", 
                        "master_item": [], 
                        "name": "Main Cache Max Size", 
                        "params": "", 
                        "password": "{$JMX_PASSWORD}", 
                        "port": "", 
                        "preprocessing": [], 
                        "privatekey": "", 
                        "publickey": "", 
                        "snmp_community": "", 
                        "snmp_oid": "", 
                        "snmpv3_authpassphrase": "", 
                        "snmpv3_authprotocol": "0", 
                        "snmpv3_contextname": "", 
                        "snmpv3_privpassphrase": "", 
                        "snmpv3_privprotocol": "0", 
                        "snmpv3_securitylevel": "0", 
                        "snmpv3_securityname": "", 
                        "status": "0", 
                        "trends": "365d", 
                        "type": "16", 
                        "units": "B", 
                        "username": "{$JMX_USER}", 
                        "value_type": "3", 
                        "valuemap": []
                    }, 
                    {
                        "allowed_hosts": "", 
                        "applications": [
                            {
                                "name": "Entity Region Cache"
                            }, 
                            {
                                "name": "Hybris"
                            }, 
                            {
                                "name": "Master Tenant"
                            }
                        ], 
                        "authtype": "0", 
                        "delay": "1m", 
                        "description": "", 
                        "history": "90d", 
                        "inventory_link": "0", 
                        "ipmi_sensor": "", 
                        "jmx_endpoint": "service:jmx:rmi:///jndi/rmi://{HOST.CONN}:{HOST.PORT}/jmxrmi", 
                        "key": "jmx[\"hybris:tenantscope=Master Tenant,region=Entity Region Cache\",CurrentCacheSize]", 
                        "logtimefmt": "", 
                        "master_item": [], 
                        "name": "Entity Region Cache Current Size", 
                        "params": "", 
                        "password": "{$JMX_PASSWORD}", 
                        "port": "", 
                        "preprocessing": [], 
                        "privatekey": "", 
                        "publickey": "", 
                        "snmp_community": "", 
                        "snmp_oid": "", 
                        "snmpv3_authpassphrase": "", 
                        "snmpv3_authprotocol": "0", 
                        "snmpv3_contextname": "", 
                        "snmpv3_privpassphrase": "", 
                        "snmpv3_privprotocol": "0", 
                        "snmpv3_securitylevel": "0", 
                        "snmpv3_securityname": "", 
                        "status": "0", 
                        "trends": "365d", 
                        "type": "16", 
                        "units": "B", 
                        "username": "{$JMX_USER}", 
                        "value_type": "3", 
                        "valuemap": []
                    }, 
                    {
                        "allowed_hosts": "", 
                        "applications": [
                            {
                                "name": "Entity Region Cache"
                            }, 
                            {
                                "name": "Hybris"
                            }, 
                            {
                                "name": "Master Tenant"
                            }
                        ], 
                        "authtype": "0", 
                        "delay": "1m", 
                        "description": "", 
                        "history": "90d", 
                        "inventory_link": "0", 
                        "ipmi_sensor": "", 
                        "jmx_endpoint": "service:jmx:rmi:///jndi/rmi://{HOST.CONN}:{HOST.PORT}/jmxrmi", 
                        "key": "jmx[\"hybris:tenantscope=Master Tenant,region=Entity Region Cache\",EvictionCount]", 
                        "logtimefmt": "", 
                        "master_item": [], 
                        "name": "Entity Region Cache Eviction Count", 
                        "params": "", 
                        "password": "{$JMX_PASSWORD}", 
                        "port": "", 
                        "preprocessing": [
                            {
                                "params": "", 
                                "type": "9"
                            }
                        ], 
                        "privatekey": "", 
                        "publickey": "", 
                        "snmp_community": "", 
                        "snmp_oid": "", 
                        "snmpv3_authpassphrase": "", 
                        "snmpv3_authprotocol": "0", 
                        "snmpv3_contextname": "", 
                        "snmpv3_privpassphrase": "", 
                        "snmpv3_privprotocol": "0", 
                        "snmpv3_securitylevel": "0", 
                        "snmpv3_securityname": "", 
                        "status": "0", 
                        "trends": "365d", 
                        "type": "16", 
                        "units": "", 
                        "username": "{$JMX_USER}", 
                        "value_type": "3", 
                        "valuemap": []
                    }, 
                    {
                        "allowed_hosts": "", 
                        "applications": [
                            {
                                "name": "Entity Region Cache"
                            }, 
                            {
                                "name": "Hybris"
                            }, 
                            {
                                "name": "Master Tenant"
                            }
                        ], 
                        "authtype": "0", 
                        "delay": "1m", 
                        "description": "", 
                        "history": "90d", 
                        "inventory_link": "0", 
                        "ipmi_sensor": "", 
                        "jmx_endpoint": "service:jmx:rmi:///jndi/rmi://{HOST.CONN}:{HOST.PORT}/jmxrmi", 
                        "key": "jmx[\"hybris:tenantscope=Master Tenant,region=Entity Region Cache\",FetchCount]", 
                        "logtimefmt": "", 
                        "master_item": [], 
                        "name": "Entity Region Cache Fetch Count", 
                        "params": "", 
                        "password": "{$JMX_PASSWORD}", 
                        "port": "", 
                        "preprocessing": [
                            {
                                "params": "", 
                                "type": "9"
                            }
                        ], 
                        "privatekey": "", 
                        "publickey": "", 
                        "snmp_community": "", 
                        "snmp_oid": "", 
                        "snmpv3_authpassphrase": "", 
                        "snmpv3_authprotocol": "0", 
                        "snmpv3_contextname": "", 
                        "snmpv3_privpassphrase": "", 
                        "snmpv3_privprotocol": "0", 
                        "snmpv3_securitylevel": "0", 
                        "snmpv3_securityname": "", 
                        "status": "0", 
                        "trends": "365d", 
                        "type": "16", 
                        "units": "", 
                        "username": "{$JMX_USER}", 
                        "value_type": "3", 
                        "valuemap": []
                    }, 
                    {
                        "allowed_hosts": "", 
                        "applications": [
                            {
                                "name": "Entity Region Cache"
                            }, 
                            {
                                "name": "Hybris"
                            }, 
                            {
                                "name": "Master Tenant"
                            }
                        ], 
                        "authtype": "0", 
                        "delay": "1m", 
                        "description": "", 
                        "history": "90d", 
                        "inventory_link": "0", 
                        "ipmi_sensor": "", 
                        "jmx_endpoint": "service:jmx:rmi:///jndi/rmi://{HOST.CONN}:{HOST.PORT}/jmxrmi", 
                        "key": "jmx[\"hybris:tenantscope=Master Tenant,region=Entity Region Cache\",HitCount]", 
                        "logtimefmt": "", 
                        "master_item": [], 
                        "name": "Entity Region Cache Hit Count", 
                        "params": "", 
                        "password": "{$JMX_PASSWORD}", 
                        "port": "", 
                        "preprocessing": [
                            {
                                "params": "", 
                                "type": "9"
                            }
                        ], 
                        "privatekey": "", 
                        "publickey": "", 
                        "snmp_community": "", 
                        "snmp_oid": "", 
                        "snmpv3_authpassphrase": "", 
                        "snmpv3_authprotocol": "0", 
                        "snmpv3_contextname": "", 
                        "snmpv3_privpassphrase": "", 
                        "snmpv3_privprotocol": "0", 
                        "snmpv3_securitylevel": "0", 
                        "snmpv3_securityname": "", 
                        "status": "0", 
                        "trends": "365d", 
                        "type": "16", 
                        "units": "", 
                        "username": "{$JMX_USER}", 
                        "value_type": "3", 
                        "valuemap": []
                    }, 
                    {
                        "allowed_hosts": "", 
                        "applications": [
                            {
                                "name": "Entity Region Cache"
                            }, 
                            {
                                "name": "Hybris"
                            }, 
                            {
                                "name": "Master Tenant"
                            }
                        ], 
                        "authtype": "0", 
                        "delay": "1h", 
                        "description": "", 
                        "history": "90d", 
                        "inventory_link": "0", 
                        "ipmi_sensor": "", 
                        "jmx_endpoint": "service:jmx:rmi:///jndi/rmi://{HOST.CONN}:{HOST.PORT}/jmxrmi", 
                        "key": "jmx[\"hybris:tenantscope=Master Tenant,region=Entity Region Cache\",MaximumCacheSize]", 
                        "logtimefmt": "", 
                        "master_item": [], 
                        "name": "Entity Region Cache Max Size", 
                        "params": "", 
                        "password": "{$JMX_PASSWORD}", 
                        "port": "", 
                        "preprocessing": [], 
                        "privatekey": "", 
                        "publickey": "", 
                        "snmp_community": "", 
                        "snmp_oid": "", 
                        "snmpv3_authpassphrase": "", 
                        "snmpv3_authprotocol": "0", 
                        "snmpv3_contextname": "", 
                        "snmpv3_privpassphrase": "", 
                        "snmpv3_privprotocol": "0", 
                        "snmpv3_securitylevel": "0", 
                        "snmpv3_securityname": "", 
                        "status": "0", 
                        "trends": "365d", 
                        "type": "16", 
                        "units": "B", 
                        "username": "{$JMX_USER}", 
                        "value_type": "3", 
                        "valuemap": []
                    }, 
                    {
                        "allowed_hosts": "", 
                        "applications": [
                            {
                                "name": "Hybris"
                            }, 
                            {
                                "name": "Master Tenant"
                            }, 
                            {
                                "name": "Query Region Cache"
                            }
                        ], 
                        "authtype": "0", 
                        "delay": "1m", 
                        "description": "", 
                        "history": "90d", 
                        "inventory_link": "0", 
                        "ipmi_sensor": "", 
                        "jmx_endpoint": "service:jmx:rmi:///jndi/rmi://{HOST.CONN}:{HOST.PORT}/jmxrmi", 
                        "key": "jmx[\"hybris:tenantscope=Master Tenant,region=Query Region Cache\",CurrentCacheSize]", 
                        "logtimefmt": "", 
                        "master_item": [], 
                        "name": "Query Region Cache Current Size", 
                        "params": "", 
                        "password": "{$JMX_PASSWORD}", 
                        "port": "", 
                        "preprocessing": [], 
                        "privatekey": "", 
                        "publickey": "", 
                        "snmp_community": "", 
                        "snmp_oid": "", 
                        "snmpv3_authpassphrase": "", 
                        "snmpv3_authprotocol": "0", 
                        "snmpv3_contextname": "", 
                        "snmpv3_privpassphrase": "", 
                        "snmpv3_privprotocol": "0", 
                        "snmpv3_securitylevel": "0", 
                        "snmpv3_securityname": "", 
                        "status": "0", 
                        "trends": "365d", 
                        "type": "16", 
                        "units": "B", 
                        "username": "{$JMX_USER}", 
                        "value_type": "3", 
                        "valuemap": []
                    }, 
                    {
                        "allowed_hosts": "", 
                        "applications": [
                            {
                                "name": "Hybris"
                            }, 
                            {
                                "name": "Master Tenant"
                            }, 
                            {
                                "name": "Query Region Cache"
                            }
                        ], 
                        "authtype": "0", 
                        "delay": "1m", 
                        "description": "", 
                        "history": "90d", 
                        "inventory_link": "0", 
                        "ipmi_sensor": "", 
                        "jmx_endpoint": "service:jmx:rmi:///jndi/rmi://{HOST.CONN}:{HOST.PORT}/jmxrmi", 
                        "key": "jmx[\"hybris:tenantscope=Master Tenant,region=Query Region Cache\",EvictionCount]", 
                        "logtimefmt": "", 
                        "master_item": [], 
                        "name": "Query Region Cache Eviction Count", 
                        "params": "", 
                        "password": "{$JMX_PASSWORD}", 
                        "port": "", 
                        "preprocessing": [
                            {
                                "params": "", 
                                "type": "9"
                            }
                        ], 
                        "privatekey": "", 
                        "publickey": "", 
                        "snmp_community": "", 
                        "snmp_oid": "", 
                        "snmpv3_authpassphrase": "", 
                        "snmpv3_authprotocol": "0", 
                        "snmpv3_contextname": "", 
                        "snmpv3_privpassphrase": "", 
                        "snmpv3_privprotocol": "0", 
                        "snmpv3_securitylevel": "0", 
                        "snmpv3_securityname": "", 
                        "status": "0", 
                        "trends": "365d", 
                        "type": "16", 
                        "units": "", 
                        "username": "{$JMX_USER}", 
                        "value_type": "3", 
                        "valuemap": []
                    }, 
                    {
                        "allowed_hosts": "", 
                        "applications": [
                            {
                                "name": "Hybris"
                            }, 
                            {
                                "name": "Master Tenant"
                            }, 
                            {
                                "name": "Query Region Cache"
                            }
                        ], 
                        "authtype": "0", 
                        "delay": "1m", 
                        "description": "", 
                        "history": "90d", 
                        "inventory_link": "0", 
                        "ipmi_sensor": "", 
                        "jmx_endpoint": "service:jmx:rmi:///jndi/rmi://{HOST.CONN}:{HOST.PORT}/jmxrmi", 
                        "key": "jmx[\"hybris:tenantscope=Master Tenant,region=Query Region Cache\",FetchCount]", 
                        "logtimefmt": "", 
                        "master_item": [], 
                        "name": "Query Region Cache Fetch Count", 
                        "params": "", 
                        "password": "{$JMX_PASSWORD}", 
                        "port": "", 
                        "preprocessing": [
                            {
                                "params": "", 
                                "type": "9"
                            }
                        ], 
                        "privatekey": "", 
                        "publickey": "", 
                        "snmp_community": "", 
                        "snmp_oid": "", 
                        "snmpv3_authpassphrase": "", 
                        "snmpv3_authprotocol": "0", 
                        "snmpv3_contextname": "", 
                        "snmpv3_privpassphrase": "", 
                        "snmpv3_privprotocol": "0", 
                        "snmpv3_securitylevel": "0", 
                        "snmpv3_securityname": "", 
                        "status": "0", 
                        "trends": "365d", 
                        "type": "16", 
                        "units": "", 
                        "username": "{$JMX_USER}", 
                        "value_type": "3", 
                        "valuemap": []
                    }, 
                    {
                        "allowed_hosts": "", 
                        "applications": [
                            {
                                "name": "Hybris"
                            }, 
                            {
                                "name": "Master Tenant"
                            }, 
                            {
                                "name": "Query Region Cache"
                            }
                        ], 
                        "authtype": "0", 
                        "delay": "1m", 
                        "description": "", 
                        "history": "90d", 
                        "inventory_link": "0", 
                        "ipmi_sensor": "", 
                        "jmx_endpoint": "service:jmx:rmi:///jndi/rmi://{HOST.CONN}:{HOST.PORT}/jmxrmi", 
                        "key": "jmx[\"hybris:tenantscope=Master Tenant,region=Query Region Cache\",HitCount]", 
                        "logtimefmt": "", 
                        "master_item": [], 
                        "name": "Query Region Cache Hit Count", 
                        "params": "", 
                        "password": "{$JMX_PASSWORD}", 
                        "port": "", 
                        "preprocessing": [
                            {
                                "params": "", 
                                "type": "9"
                            }
                        ], 
                        "privatekey": "", 
                        "publickey": "", 
                        "snmp_community": "", 
                        "snmp_oid": "", 
                        "snmpv3_authpassphrase": "", 
                        "snmpv3_authprotocol": "0", 
                        "snmpv3_contextname": "", 
                        "snmpv3_privpassphrase": "", 
                        "snmpv3_privprotocol": "0", 
                        "snmpv3_securitylevel": "0", 
                        "snmpv3_securityname": "", 
                        "status": "0", 
                        "trends": "365d", 
                        "type": "16", 
                        "units": "", 
                        "username": "{$JMX_USER}", 
                        "value_type": "3", 
                        "valuemap": []
                    }, 
                    {
                        "allowed_hosts": "", 
                        "applications": [
                            {
                                "name": "Hybris"
                            }, 
                            {
                                "name": "Master Tenant"
                            }, 
                            {
                                "name": "Query Region Cache"
                            }
                        ], 
                        "authtype": "0", 
                        "delay": "1h", 
                        "description": "", 
                        "history": "90d", 
                        "inventory_link": "0", 
                        "ipmi_sensor": "", 
                        "jmx_endpoint": "service:jmx:rmi:///jndi/rmi://{HOST.CONN}:{HOST.PORT}/jmxrmi", 
                        "key": "jmx[\"hybris:tenantscope=Master Tenant,region=Query Region Cache\",MaximumCacheSize]", 
                        "logtimefmt": "", 
                        "master_item": [], 
                        "name": "Query Region Cache Max Size", 
                        "params": "", 
                        "password": "{$JMX_PASSWORD}", 
                        "port": "", 
                        "preprocessing": [], 
                        "privatekey": "", 
                        "publickey": "", 
                        "snmp_community": "", 
                        "snmp_oid": "", 
                        "snmpv3_authpassphrase": "", 
                        "snmpv3_authprotocol": "0", 
                        "snmpv3_contextname": "", 
                        "snmpv3_privpassphrase": "", 
                        "snmpv3_privprotocol": "0", 
                        "snmpv3_securitylevel": "0", 
                        "snmpv3_securityname": "", 
                        "status": "0", 
                        "trends": "365d", 
                        "type": "16", 
                        "units": "B", 
                        "username": "{$JMX_USER}", 
                        "value_type": "3", 
                        "valuemap": []
                    }, 
                    {
                        "allowed_hosts": "", 
                        "applications": [
                            {
                                "name": "Hybris"
                            }, 
                            {
                                "name": "Master Tenant"
                            }, 
                            {
                                "name": "Query Region Cache"
                            }
                        ], 
                        "authtype": "0", 
                        "delay": "1m", 
                        "description": "", 
                        "history": "90d", 
                        "inventory_link": "0", 
                        "ipmi_sensor": "", 
                        "jmx_endpoint": "service:jmx:rmi:///jndi/rmi://{HOST.CONN}:{HOST.PORT}/jmxrmi", 
                        "key": "jmx[\"hybris:tenantscope=Master Tenant,region=Query Region Cache\",MissCount]", 
                        "logtimefmt": "", 
                        "master_item": [], 
                        "name": "Query Region Cache Miss Count", 
                        "params": "", 
                        "password": "{$JMX_PASSWORD}", 
                        "port": "", 
                        "preprocessing": [
                            {
                                "params": "", 
                                "type": "9"
                            }
                        ], 
                        "privatekey": "", 
                        "publickey": "", 
                        "snmp_community": "", 
                        "snmp_oid": "", 
                        "snmpv3_authpassphrase": "", 
                        "snmpv3_authprotocol": "0", 
                        "snmpv3_contextname": "", 
                        "snmpv3_privpassphrase": "", 
                        "snmpv3_privprotocol": "0", 
                        "snmpv3_securitylevel": "0", 
                        "snmpv3_securityname": "", 
                        "status": "0", 
                        "trends": "365d", 
                        "type": "16", 
                        "units": "", 
                        "username": "{$JMX_USER}", 
                        "value_type": "3", 
                        "valuemap": []
                    }
                ], 
                "macros": [
                    {
                        "macro": "{$JMX_PASSWORD}", 
                        "value": ""
                    }, 
                    {
                        "macro": "{$JMX_USER}", 
                        "value": ""
                    }
                ], 
                "name": "CORP Template Module Java Hybris JMX", 
                "screens": [
                    {
                        "hsize": "3", 
                        "name": "Hybris Stats", 
                        "screen_items": [
                            {
                                "application": "", 
                                "colspan": "1", 
                                "dynamic": "0", 
                                "elements": "0", 
                                "halign": "1", 
                                "height": "60", 
                                "max_columns": "1", 
                                "resource": {
                                    "host": "CORP Template Module Java Hybris JMX", 
                                    "key": "jmx[\"{#JMXOBJ}\",count]"
                                }, 
                                "resourcetype": "19", 
                                "rowspan": "1", 
                                "sort_triggers": "0", 
                                "style": "0", 
                                "url": "", 
                                "valign": "0", 
                                "width": "425", 
                                "x": "0", 
                                "y": "0"
                            }, 
                            {
                                "application": "", 
                                "colspan": "1", 
                                "dynamic": "0", 
                                "elements": "0", 
                                "halign": "1", 
                                "height": "85", 
                                "max_columns": "3", 
                                "resource": {
                                    "host": "CORP Template Module Java Hybris JMX", 
                                    "name": "Data Source Connections"
                                }, 
                                "resourcetype": "0", 
                                "rowspan": "1", 
                                "sort_triggers": "0", 
                                "style": "0", 
                                "url": "", 
                                "valign": "0", 
                                "width": "425", 
                                "x": "1", 
                                "y": "0"
                            }, 
                            {
                                "application": "", 
                                "colspan": "1", 
                                "dynamic": "0", 
                                "elements": "0", 
                                "halign": "1", 
                                "height": "85", 
                                "max_columns": "3", 
                                "resource": {
                                    "host": "CORP Template Module Java Hybris JMX", 
                                    "name": "Flexible Query Cache"
                                }, 
                                "resourcetype": "0", 
                                "rowspan": "1", 
                                "sort_triggers": "0", 
                                "style": "0", 
                                "url": "", 
                                "valign": "0", 
                                "width": "425", 
                                "x": "2", 
                                "y": "0"
                            }, 
                            {
                                "application": "", 
                                "colspan": "1", 
                                "dynamic": "0", 
                                "elements": "0", 
                                "halign": "1", 
                                "height": "85", 
                                "max_columns": "3", 
                                "resource": {
                                    "host": "CORP Template Module Java Hybris JMX", 
                                    "name": "Main Cache Stats"
                                }, 
                                "resourcetype": "0", 
                                "rowspan": "1", 
                                "sort_triggers": "0", 
                                "style": "0", 
                                "url": "", 
                                "valign": "0", 
                                "width": "425", 
                                "x": "0", 
                                "y": "1"
                            }, 
                            {
                                "application": "", 
                                "colspan": "1", 
                                "dynamic": "0", 
                                "elements": "0", 
                                "halign": "1", 
                                "height": "85", 
                                "max_columns": "3", 
                                "resource": {
                                    "host": "CORP Template Module Java Hybris JMX", 
                                    "name": "Entity Region Cache Stats"
                                }, 
                                "resourcetype": "0", 
                                "rowspan": "1", 
                                "sort_triggers": "0", 
                                "style": "0", 
                                "url": "", 
                                "valign": "0", 
                                "width": "425", 
                                "x": "1", 
                                "y": "1"
                            }, 
                            {
                                "application": "", 
                                "colspan": "1", 
                                "dynamic": "0", 
                                "elements": "0", 
                                "halign": "1", 
                                "height": "85", 
                                "max_columns": "3", 
                                "resource": {
                                    "host": "CORP Template Module Java Hybris JMX", 
                                    "name": "Query Region Cache Stats"
                                }, 
                                "resourcetype": "0", 
                                "rowspan": "1", 
                                "sort_triggers": "0", 
                                "style": "0", 
                                "url": "", 
                                "valign": "0", 
                                "width": "425", 
                                "x": "2", 
                                "y": "1"
                            }, 
                            {
                                "application": "", 
                                "colspan": "1", 
                                "dynamic": "0", 
                                "elements": "0", 
                                "halign": "1", 
                                "height": "85", 
                                "max_columns": "3", 
                                "resource": {
                                    "host": "CORP Template Module Java Hybris JMX", 
                                    "name": "Main Cache Usage"
                                }, 
                                "resourcetype": "0", 
                                "rowspan": "1", 
                                "sort_triggers": "0", 
                                "style": "0", 
                                "url": "", 
                                "valign": "0", 
                                "width": "425", 
                                "x": "0", 
                                "y": "2"
                            }, 
                            {
                                "application": "", 
                                "colspan": "1", 
                                "dynamic": "0", 
                                "elements": "0", 
                                "halign": "1", 
                                "height": "85", 
                                "max_columns": "3", 
                                "resource": {
                                    "host": "CORP Template Module Java Hybris JMX", 
                                    "name": "Entity Region Cache Usage"
                                }, 
                                "resourcetype": "0", 
                                "rowspan": "1", 
                                "sort_triggers": "0", 
                                "style": "0", 
                                "url": "", 
                                "valign": "0", 
                                "width": "425", 
                                "x": "1", 
                                "y": "2"
                            }, 
                            {
                                "application": "", 
                                "colspan": "1", 
                                "dynamic": "0", 
                                "elements": "0", 
                                "halign": "1", 
                                "height": "85", 
                                "max_columns": "3", 
                                "resource": {
                                    "host": "CORP Template Module Java Hybris JMX", 
                                    "name": "Query Region Cache Usage"
                                }, 
                                "resourcetype": "0", 
                                "rowspan": "1", 
                                "sort_triggers": "0", 
                                "style": "0", 
                                "url": "", 
                                "valign": "0", 
                                "width": "425", 
                                "x": "2", 
                                "y": "2"
                            }
                        ], 
                        "vsize": "3"
                    }
                ], 
                "template": "CORP Template Module Java Hybris JMX", 
                "templates": []
            }
        ], 
        "version": "3.4"
    }
}