{
    "zabbix_export": {
        "graphs": [
            {
                "graph_items": [
                    {
                        "calc_fnc": "2", 
                        "color": "1A7C11", 
                        "drawtype": "0", 
                        "item": {
                            "host": "CORP Template Module HTTPD", 
                            "key": "proc.cpu.util[{$HTTPD_SERVICE}]"
                        }, 
                        "sortorder": "0", 
                        "type": "0", 
                        "yaxisside": "0"
                    }, 
                    {
                        "calc_fnc": "2", 
                        "color": "F63100", 
                        "drawtype": "0", 
                        "item": {
                            "host": "CORP Template Module HTTPD", 
                            "key": "proc.mem[{$HTTPD_SERVICE},,,,pmem]"
                        }, 
                        "sortorder": "1", 
                        "type": "0", 
                        "yaxisside": "1"
                    }
                ], 
                "height": "200", 
                "name": "HTTPD Stats", 
                "percent_left": "0.0000", 
                "percent_right": "0.0000", 
                "show_3d": "0", 
                "show_legend": "1", 
                "show_triggers": "1", 
                "show_work_period": "1", 
                "type": "0", 
                "width": "900", 
                "yaxismax": "100.0000", 
                "yaxismin": "0.0000", 
                "ymax_item_1": "0", 
                "ymax_type_1": "0", 
                "ymin_item_1": "0", 
                "ymin_type_1": "0"
            }
        ], 
        "groups": [
            {
                "name": "CORP/Templates/Modules"
            }
        ], 
        "templates": [
            {
                "applications": [
                    {
                        "name": "HTTPD"
                    }
                ], 
                "description": "", 
                "discovery_rules": [
                    {
                        "allowed_hosts": "", 
                        "authtype": "0", 
                        "delay": "1h", 
                        "description": "", 
                        "filter": {
                            "conditions": [], 
                            "evaltype": "0", 
                            "formula": ""
                        }, 
                        "graph_prototypes": [], 
                        "host_prototypes": [], 
                        "ipmi_sensor": "", 
                        "item_prototypes": [
                            {
                                "allowed_hosts": "", 
                                "application_prototypes": [], 
                                "applications": [
                                    {
                                        "name": "HTTPD"
                                    }
                                ], 
                                "authtype": "0", 
                                "delay": "1m", 
                                "description": "", 
                                "history": "90d", 
                                "inventory_link": "0", 
                                "ipmi_sensor": "", 
                                "jmx_endpoint": "", 
                                "key": "net.tcp.listen[{#PORT}]", 
                                "logtimefmt": "", 
                                "master_item_prototype": [], 
                                "name": "{$HTTPD_SERVICE} Listening on port {#PORT}", 
                                "params": "", 
                                "password": "", 
                                "port": "", 
                                "preprocessing": [], 
                                "privatekey": "", 
                                "publickey": "", 
                                "snmp_community": "", 
                                "snmp_oid": "", 
                                "snmpv3_authpassphrase": "", 
                                "snmpv3_authprotocol": "0", 
                                "snmpv3_contextname": "", 
                                "snmpv3_privpassphrase": "", 
                                "snmpv3_privprotocol": "0", 
                                "snmpv3_securitylevel": "0", 
                                "snmpv3_securityname": "", 
                                "status": "0", 
                                "trends": "365d", 
                                "type": "7", 
                                "units": "", 
                                "username": "", 
                                "value_type": "3", 
                                "valuemap": {
                                    "name": "Listen state"
                                }
                            }, 
                            {
                                "allowed_hosts": "", 
                                "application_prototypes": [], 
                                "applications": [
                                    {
                                        "name": "HTTPD"
                                    }
                                ], 
                                "authtype": "0", 
                                "delay": "1m", 
                                "description": "", 
                                "history": "90d", 
                                "inventory_link": "0", 
                                "ipmi_sensor": "", 
                                "jmx_endpoint": "", 
                                "key": "net.tcp.service[{#SERVICE},,{#PORT}]", 
                                "logtimefmt": "", 
                                "master_item_prototype": [], 
                                "name": "{$HTTPD_SERVICE} Accepting connections on port {#PORT}", 
                                "params": "", 
                                "password": "", 
                                "port": "", 
                                "preprocessing": [], 
                                "privatekey": "", 
                                "publickey": "", 
                                "snmp_community": "", 
                                "snmp_oid": "", 
                                "snmpv3_authpassphrase": "", 
                                "snmpv3_authprotocol": "0", 
                                "snmpv3_contextname": "", 
                                "snmpv3_privpassphrase": "", 
                                "snmpv3_privprotocol": "0", 
                                "snmpv3_securitylevel": "0", 
                                "snmpv3_securityname": "", 
                                "status": "0", 
                                "trends": "365d", 
                                "type": "7", 
                                "units": "", 
                                "username": "", 
                                "value_type": "3", 
                                "valuemap": {
                                    "name": "Service state"
                                }
                            }
                        ], 
                        "jmx_endpoint": "", 
                        "key": "hl.httpd.discovery", 
                        "lifetime": "30d", 
                        "name": "HTTPD Listen", 
                        "params": "", 
                        "password": "", 
                        "port": "", 
                        "privatekey": "", 
                        "publickey": "", 
                        "snmp_community": "", 
                        "snmp_oid": "", 
                        "snmpv3_authpassphrase": "", 
                        "snmpv3_authprotocol": "0", 
                        "snmpv3_contextname": "", 
                        "snmpv3_privpassphrase": "", 
                        "snmpv3_privprotocol": "0", 
                        "snmpv3_securitylevel": "0", 
                        "snmpv3_securityname": "", 
                        "status": "0", 
                        "trigger_prototypes": [
                            {
                                "correlation_mode": "0", 
                                "correlation_tag": "", 
                                "dependencies": [
                                    {
                                        "expression": "{CORP Template Module HTTPD:net.tcp.listen[{#PORT}].count(5m,0,eq)}>2", 
                                        "name": "{$HTTPD_SERVICE} not listening on port {#PORT}", 
                                        "recovery_expression": ""
                                    }
                                ], 
                                "description": "", 
                                "expression": "{CORP Template Module HTTPD:net.tcp.service[{#SERVICE},,{#PORT}].count(5m,0,eq)}>2", 
                                "manual_close": "0", 
                                "name": "{$HTTPD_SERVICE} not accepting connections on port {#PORT}", 
                                "priority": "3", 
                                "recovery_expression": "", 
                                "recovery_mode": "0", 
                                "status": "0", 
                                "tags": [], 
                                "type": "0", 
                                "url": ""
                            }, 
                            {
                                "correlation_mode": "0", 
                                "correlation_tag": "", 
                                "dependencies": [
                                    {
                                        "expression": "{CORP Template Module HTTPD:hl.service.status[{$HTTPD_SERVICE}].count(5m,0,gt)}>2", 
                                        "name": "{$HTTPD_SERVICE} service not running", 
                                        "recovery_expression": ""
                                    }
                                ], 
                                "description": "", 
                                "expression": "{CORP Template Module HTTPD:net.tcp.listen[{#PORT}].count(5m,0,eq)}>2", 
                                "manual_close": "0", 
                                "name": "{$HTTPD_SERVICE} not listening on port {#PORT}", 
                                "priority": "3", 
                                "recovery_expression": "", 
                                "recovery_mode": "0", 
                                "status": "0", 
                                "tags": [], 
                                "type": "0", 
                                "url": ""
                            }
                        ], 
                        "type": "7", 
                        "username": ""
                    }
                ], 
                "groups": [
                    {
                        "name": "CORP/Templates/Modules"
                    }
                ], 
                "httptests": [], 
                "items": [
                    {
                        "allowed_hosts": "", 
                        "applications": [
                            {
                                "name": "HTTPD"
                            }
                        ], 
                        "authtype": "0", 
                        "delay": "1m", 
                        "description": "", 
                        "history": "90d", 
                        "inventory_link": "0", 
                        "ipmi_sensor": "", 
                        "jmx_endpoint": "", 
                        "key": "hl.service.status[{$HTTPD_SERVICE}]", 
                        "logtimefmt": "", 
                        "master_item": [], 
                        "name": "{$HTTPD_SERVICE} service status", 
                        "params": "", 
                        "password": "", 
                        "port": "", 
                        "preprocessing": [], 
                        "privatekey": "", 
                        "publickey": "", 
                        "snmp_community": "", 
                        "snmp_oid": "", 
                        "snmpv3_authpassphrase": "", 
                        "snmpv3_authprotocol": "0", 
                        "snmpv3_contextname": "", 
                        "snmpv3_privpassphrase": "", 
                        "snmpv3_privprotocol": "0", 
                        "snmpv3_securitylevel": "0", 
                        "snmpv3_securityname": "", 
                        "status": "0", 
                        "trends": "365d", 
                        "type": "7", 
                        "units": "", 
                        "username": "", 
                        "value_type": "3", 
                        "valuemap": {
                            "name": "Service Status"
                        }
                    }, 
                    {
                        "allowed_hosts": "", 
                        "applications": [
                            {
                                "name": "HTTPD"
                            }
                        ], 
                        "authtype": "0", 
                        "delay": "5m", 
                        "description": "", 
                        "history": "90d", 
                        "inventory_link": "0", 
                        "ipmi_sensor": "", 
                        "jmx_endpoint": "", 
                        "key": "proc.cpu.util[{$HTTPD_SERVICE}]", 
                        "logtimefmt": "", 
                        "master_item": [], 
                        "name": "{$HTTPD_SERVICE} CPU Utilization", 
                        "params": "", 
                        "password": "", 
                        "port": "", 
                        "preprocessing": [], 
                        "privatekey": "", 
                        "publickey": "", 
                        "snmp_community": "", 
                        "snmp_oid": "", 
                        "snmpv3_authpassphrase": "", 
                        "snmpv3_authprotocol": "0", 
                        "snmpv3_contextname": "", 
                        "snmpv3_privpassphrase": "", 
                        "snmpv3_privprotocol": "0", 
                        "snmpv3_securitylevel": "0", 
                        "snmpv3_securityname": "", 
                        "status": "0", 
                        "trends": "365d", 
                        "type": "7", 
                        "units": "%", 
                        "username": "", 
                        "value_type": "0", 
                        "valuemap": []
                    }, 
                    {
                        "allowed_hosts": "", 
                        "applications": [
                            {
                                "name": "HTTPD"
                            }
                        ], 
                        "authtype": "0", 
                        "delay": "5m", 
                        "description": "", 
                        "history": "90d", 
                        "inventory_link": "0", 
                        "ipmi_sensor": "", 
                        "jmx_endpoint": "", 
                        "key": "proc.mem[{$HTTPD_SERVICE},,,,pmem]", 
                        "logtimefmt": "", 
                        "master_item": [], 
                        "name": "{$HTTPD_SERVICE} Memory utilization", 
                        "params": "", 
                        "password": "", 
                        "port": "", 
                        "preprocessing": [], 
                        "privatekey": "", 
                        "publickey": "", 
                        "snmp_community": "", 
                        "snmp_oid": "", 
                        "snmpv3_authpassphrase": "", 
                        "snmpv3_authprotocol": "0", 
                        "snmpv3_contextname": "", 
                        "snmpv3_privpassphrase": "", 
                        "snmpv3_privprotocol": "0", 
                        "snmpv3_securitylevel": "0", 
                        "snmpv3_securityname": "", 
                        "status": "0", 
                        "trends": "365d", 
                        "type": "7", 
                        "units": "%", 
                        "username": "", 
                        "value_type": "0", 
                        "valuemap": []
                    }, 
                    {
                        "allowed_hosts": "", 
                        "applications": [
                            {
                                "name": "HTTPD"
                            }
                        ], 
                        "authtype": "0", 
                        "delay": "5m", 
                        "description": "", 
                        "history": "90d", 
                        "inventory_link": "0", 
                        "ipmi_sensor": "", 
                        "jmx_endpoint": "", 
                        "key": "proc.num[{$HTTPD_SERVICE}]", 
                        "logtimefmt": "", 
                        "master_item": [], 
                        "name": "{$HTTPD_SERVICE} processes", 
                        "params": "", 
                        "password": "", 
                        "port": "", 
                        "preprocessing": [], 
                        "privatekey": "", 
                        "publickey": "", 
                        "snmp_community": "", 
                        "snmp_oid": "", 
                        "snmpv3_authpassphrase": "", 
                        "snmpv3_authprotocol": "0", 
                        "snmpv3_contextname": "", 
                        "snmpv3_privpassphrase": "", 
                        "snmpv3_privprotocol": "0", 
                        "snmpv3_securitylevel": "0", 
                        "snmpv3_securityname": "", 
                        "status": "0", 
                        "trends": "365d", 
                        "type": "7", 
                        "units": "", 
                        "username": "", 
                        "value_type": "3", 
                        "valuemap": []
                    }
                ], 
                "macros": [
                    {
                        "macro": "{$HTTPD_SERVICE}", 
                        "value": "httpd"
                    }
                ], 
                "name": "CORP Template Module HTTPD", 
                "screens": [], 
                "template": "CORP Template Module HTTPD", 
                "templates": []
            }
        ], 
        "triggers": [
            {
                "correlation_mode": "0", 
                "correlation_tag": "", 
                "dependencies": [], 
                "description": "", 
                "expression": "{CORP Template Module HTTPD:hl.service.status[{$HTTPD_SERVICE}].count(5m,0,gt)}>2", 
                "manual_close": "0", 
                "name": "{$HTTPD_SERVICE} service not running", 
                "priority": "3", 
                "recovery_expression": "", 
                "recovery_mode": "0", 
                "status": "0", 
                "tags": [], 
                "type": "0", 
                "url": ""
            }
        ], 
        "value_maps": [
            {
                "mappings": [
                    {
                        "newvalue": "Not listening", 
                        "value": "0"
                    }, 
                    {
                        "newvalue": "Listening", 
                        "value": "1"
                    }
                ], 
                "name": "Listen state"
            }, 
            {
                "mappings": [
                    {
                        "newvalue": "Down", 
                        "value": "0"
                    }, 
                    {
                        "newvalue": "Up", 
                        "value": "1"
                    }
                ], 
                "name": "Service state"
            }, 
            {
                "mappings": [
                    {
                        "newvalue": "OK", 
                        "value": "0"
                    }, 
                    {
                        "newvalue": "Dead (pid exists)", 
                        "value": "1"
                    }, 
                    {
                        "newvalue": "Dead (lock exists)", 
                        "value": "2"
                    }, 
                    {
                        "newvalue": "Not running", 
                        "value": "3"
                    }, 
                    {
                        "newvalue": "Unknown", 
                        "value": "4"
                    }
                ], 
                "name": "Service Status"
            }
        ], 
        "version": "3.4"
    }
}