{
    "zabbix_export": {
        "graphs": [
            {
                "graph_items": [
                    {
                        "calc_fnc": "2", 
                        "color": "000099", 
                        "drawtype": "0", 
                        "item": {
                            "host": "CORP Template OS Base", 
                            "key": "system.cpu.intr"
                        }, 
                        "sortorder": "1", 
                        "type": "0", 
                        "yaxisside": "0"
                    }
                ], 
                "height": "200", 
                "name": "CPU jumps", 
                "percent_left": "0.0000", 
                "percent_right": "0.0000", 
                "show_3d": "0", 
                "show_legend": "1", 
                "show_triggers": "1", 
                "show_work_period": "1", 
                "type": "0", 
                "width": "900", 
                "yaxismax": "100.0000", 
                "yaxismin": "0.0000", 
                "ymax_item_1": "0", 
                "ymax_type_1": "0", 
                "ymin_item_1": "0", 
                "ymin_type_1": "0"
            }, 
            {
                "graph_items": [
                    {
                        "calc_fnc": "2", 
                        "color": "009900", 
                        "drawtype": "0", 
                        "item": {
                            "host": "CORP Template OS Base", 
                            "key": "system.cpu.load[percpu,avg1]"
                        }, 
                        "sortorder": "0", 
                        "type": "0", 
                        "yaxisside": "0"
                    }, 
                    {
                        "calc_fnc": "2", 
                        "color": "000099", 
                        "drawtype": "0", 
                        "item": {
                            "host": "CORP Template OS Base", 
                            "key": "system.cpu.load[percpu,avg5]"
                        }, 
                        "sortorder": "1", 
                        "type": "0", 
                        "yaxisside": "0"
                    }, 
                    {
                        "calc_fnc": "2", 
                        "color": "990000", 
                        "drawtype": "0", 
                        "item": {
                            "host": "CORP Template OS Base", 
                            "key": "system.cpu.load[percpu,avg15]"
                        }, 
                        "sortorder": "2", 
                        "type": "0", 
                        "yaxisside": "0"
                    }
                ], 
                "height": "200", 
                "name": "CPU load", 
                "percent_left": "0.0000", 
                "percent_right": "0.0000", 
                "show_3d": "0", 
                "show_legend": "1", 
                "show_triggers": "1", 
                "show_work_period": "1", 
                "type": "0", 
                "width": "900", 
                "yaxismax": "100.0000", 
                "yaxismin": "0.0000", 
                "ymax_item_1": "0", 
                "ymax_type_1": "0", 
                "ymin_item_1": "0", 
                "ymin_type_1": "1"
            }, 
            {
                "graph_items": [
                    {
                        "calc_fnc": "2", 
                        "color": "00C800", 
                        "drawtype": "5", 
                        "item": {
                            "host": "CORP Template OS Base", 
                            "key": "vm.memory.size[available]"
                        }, 
                        "sortorder": "0", 
                        "type": "0", 
                        "yaxisside": "0"
                    }
                ], 
                "height": "200", 
                "name": "Memory usage", 
                "percent_left": "0.0000", 
                "percent_right": "0.0000", 
                "show_3d": "0", 
                "show_legend": "1", 
                "show_triggers": "1", 
                "show_work_period": "1", 
                "type": "0", 
                "width": "900", 
                "yaxismax": "100.0000", 
                "yaxismin": "0.0000", 
                "ymax_item_1": {
                    "host": "CORP Template OS Base", 
                    "key": "vm.memory.size[total]"
                }, 
                "ymax_type_1": "2", 
                "ymin_item_1": "0", 
                "ymin_type_1": "1"
            }
        ], 
        "groups": [
            {
                "name": "CORP/Templates/Operating Systems"
            }
        ], 
        "templates": [
            {
                "applications": [
                    {
                        "name": "CPU"
                    }, 
                    {
                        "name": "Disks"
                    }, 
                    {
                        "name": "Filesystems"
                    }, 
                    {
                        "name": "General"
                    }, 
                    {
                        "name": "Memory"
                    }, 
                    {
                        "name": "Network"
                    }
                ], 
                "description": "", 
                "discovery_rules": [
                    {
                        "allowed_hosts": "", 
                        "authtype": "0", 
                        "delay": "1h", 
                        "description": "Discovery of network interfaces as defined in global regular expression \"Network interfaces for discovery\".", 
                        "filter": {
                            "conditions": [
                                {
                                    "formulaid": "A", 
                                    "macro": "{#IFNAME}", 
                                    "operator": "8", 
                                    "value": "@Network interfaces for discovery"
                                }
                            ], 
                            "evaltype": "0", 
                            "formula": ""
                        }, 
                        "graph_prototypes": [
                            {
                                "graph_items": [
                                    {
                                        "calc_fnc": "2", 
                                        "color": "00AA00", 
                                        "drawtype": "5", 
                                        "item": {
                                            "host": "CORP Template OS Base", 
                                            "key": "net.if.in[{#IFNAME}]"
                                        }, 
                                        "sortorder": "0", 
                                        "type": "0", 
                                        "yaxisside": "0"
                                    }, 
                                    {
                                        "calc_fnc": "2", 
                                        "color": "3333FF", 
                                        "drawtype": "5", 
                                        "item": {
                                            "host": "CORP Template OS Base", 
                                            "key": "net.if.out[{#IFNAME}]"
                                        }, 
                                        "sortorder": "1", 
                                        "type": "0", 
                                        "yaxisside": "0"
                                    }, 
                                    {
                                        "calc_fnc": "2", 
                                        "color": "2774A4", 
                                        "drawtype": "0", 
                                        "item": {
                                            "host": "CORP Template OS Base", 
                                            "key": "net.if.total[{#IFNAME},dropped]"
                                        }, 
                                        "sortorder": "2", 
                                        "type": "0", 
                                        "yaxisside": "1"
                                    }, 
                                    {
                                        "calc_fnc": "2", 
                                        "color": "A54F10", 
                                        "drawtype": "0", 
                                        "item": {
                                            "host": "CORP Template OS Base", 
                                            "key": "net.if.total[{#IFNAME},errors]"
                                        }, 
                                        "sortorder": "3", 
                                        "type": "0", 
                                        "yaxisside": "1"
                                    }
                                ], 
                                "height": "200", 
                                "name": "Network traffic on {#IFNAME}", 
                                "percent_left": "0.0000", 
                                "percent_right": "0.0000", 
                                "show_3d": "0", 
                                "show_legend": "1", 
                                "show_triggers": "1", 
                                "show_work_period": "1", 
                                "type": "0", 
                                "width": "900", 
                                "yaxismax": "100.0000", 
                                "yaxismin": "0.0000", 
                                "ymax_item_1": "0", 
                                "ymax_type_1": "0", 
                                "ymin_item_1": "0", 
                                "ymin_type_1": "1"
                            }
                        ], 
                        "host_prototypes": [], 
                        "ipmi_sensor": "", 
                        "item_prototypes": [
                            {
                                "allowed_hosts": "", 
                                "application_prototypes": [], 
                                "applications": [
                                    {
                                        "name": "Network"
                                    }
                                ], 
                                "authtype": "0", 
                                "delay": "60", 
                                "description": "", 
                                "history": "7d", 
                                "inventory_link": "0", 
                                "ipmi_sensor": "", 
                                "jmx_endpoint": "", 
                                "key": "calc.net.if.total[{#IFNAME},pdropped]", 
                                "logtimefmt": "", 
                                "master_item_prototype": [], 
                                "name": "Percentage of discarded network packets on $1", 
                                "params": "(last(\"net.if.total[{#IFNAME},dropped]\")/(last(\"net.if.total[{#IFNAME},packets]\")+1))*100", 
                                "password": "", 
                                "port": "", 
                                "preprocessing": [], 
                                "privatekey": "", 
                                "publickey": "", 
                                "snmp_community": "", 
                                "snmp_oid": "", 
                                "snmpv3_authpassphrase": "", 
                                "snmpv3_authprotocol": "0", 
                                "snmpv3_contextname": "", 
                                "snmpv3_privpassphrase": "", 
                                "snmpv3_privprotocol": "0", 
                                "snmpv3_securitylevel": "0", 
                                "snmpv3_securityname": "", 
                                "status": "0", 
                                "trends": "365d", 
                                "type": "15", 
                                "units": "%", 
                                "username": "", 
                                "value_type": "0", 
                                "valuemap": []
                            }, 
                            {
                                "allowed_hosts": "", 
                                "application_prototypes": [], 
                                "applications": [
                                    {
                                        "name": "Network"
                                    }
                                ], 
                                "authtype": "0", 
                                "delay": "60", 
                                "description": "", 
                                "history": "7d", 
                                "inventory_link": "0", 
                                "ipmi_sensor": "", 
                                "jmx_endpoint": "", 
                                "key": "net.if.in[{#IFNAME}]", 
                                "logtimefmt": "", 
                                "master_item_prototype": [], 
                                "name": "Incoming network traffic on $1", 
                                "params": "", 
                                "password": "", 
                                "port": "", 
                                "preprocessing": [
                                    {
                                        "params": "", 
                                        "type": "10"
                                    }, 
                                    {
                                        "params": "8", 
                                        "type": "1"
                                    }
                                ], 
                                "privatekey": "", 
                                "publickey": "", 
                                "snmp_community": "", 
                                "snmp_oid": "", 
                                "snmpv3_authpassphrase": "", 
                                "snmpv3_authprotocol": "0", 
                                "snmpv3_contextname": "", 
                                "snmpv3_privpassphrase": "", 
                                "snmpv3_privprotocol": "0", 
                                "snmpv3_securitylevel": "0", 
                                "snmpv3_securityname": "", 
                                "status": "0", 
                                "trends": "365d", 
                                "type": "7", 
                                "units": "bps", 
                                "username": "", 
                                "value_type": "3", 
                                "valuemap": []
                            }, 
                            {
                                "allowed_hosts": "", 
                                "application_prototypes": [], 
                                "applications": [
                                    {
                                        "name": "Network"
                                    }
                                ], 
                                "authtype": "0", 
                                "delay": "60", 
                                "description": "", 
                                "history": "7d", 
                                "inventory_link": "0", 
                                "ipmi_sensor": "", 
                                "jmx_endpoint": "", 
                                "key": "net.if.out[{#IFNAME}]", 
                                "logtimefmt": "", 
                                "master_item_prototype": [], 
                                "name": "Outgoing network traffic on $1", 
                                "params": "", 
                                "password": "", 
                                "port": "", 
                                "preprocessing": [
                                    {
                                        "params": "", 
                                        "type": "10"
                                    }, 
                                    {
                                        "params": "8", 
                                        "type": "1"
                                    }
                                ], 
                                "privatekey": "", 
                                "publickey": "", 
                                "snmp_community": "", 
                                "snmp_oid": "", 
                                "snmpv3_authpassphrase": "", 
                                "snmpv3_authprotocol": "0", 
                                "snmpv3_contextname": "", 
                                "snmpv3_privpassphrase": "", 
                                "snmpv3_privprotocol": "0", 
                                "snmpv3_securitylevel": "0", 
                                "snmpv3_securityname": "", 
                                "status": "0", 
                                "trends": "365d", 
                                "type": "7", 
                                "units": "bps", 
                                "username": "", 
                                "value_type": "3", 
                                "valuemap": []
                            }, 
                            {
                                "allowed_hosts": "", 
                                "application_prototypes": [], 
                                "applications": [
                                    {
                                        "name": "Network"
                                    }
                                ], 
                                "authtype": "0", 
                                "delay": "60", 
                                "description": "", 
                                "history": "7d", 
                                "inventory_link": "0", 
                                "ipmi_sensor": "", 
                                "jmx_endpoint": "", 
                                "key": "net.if.total[{#IFNAME},dropped]", 
                                "logtimefmt": "", 
                                "master_item_prototype": [], 
                                "name": "Total network discards on $1", 
                                "params": "", 
                                "password": "", 
                                "port": "", 
                                "preprocessing": [], 
                                "privatekey": "", 
                                "publickey": "", 
                                "snmp_community": "", 
                                "snmp_oid": "", 
                                "snmpv3_authpassphrase": "", 
                                "snmpv3_authprotocol": "0", 
                                "snmpv3_contextname": "", 
                                "snmpv3_privpassphrase": "", 
                                "snmpv3_privprotocol": "0", 
                                "snmpv3_securitylevel": "0", 
                                "snmpv3_securityname": "", 
                                "status": "0", 
                                "trends": "365d", 
                                "type": "7", 
                                "units": "", 
                                "username": "", 
                                "value_type": "3", 
                                "valuemap": []
                            }, 
                            {
                                "allowed_hosts": "", 
                                "application_prototypes": [], 
                                "applications": [
                                    {
                                        "name": "Network"
                                    }
                                ], 
                                "authtype": "0", 
                                "delay": "60", 
                                "description": "", 
                                "history": "7d", 
                                "inventory_link": "0", 
                                "ipmi_sensor": "", 
                                "jmx_endpoint": "", 
                                "key": "net.if.total[{#IFNAME},errors]", 
                                "logtimefmt": "", 
                                "master_item_prototype": [], 
                                "name": "Total network errors on $1", 
                                "params": "", 
                                "password": "", 
                                "port": "", 
                                "preprocessing": [
                                    {
                                        "params": "", 
                                        "type": "9"
                                    }
                                ], 
                                "privatekey": "", 
                                "publickey": "", 
                                "snmp_community": "", 
                                "snmp_oid": "", 
                                "snmpv3_authpassphrase": "", 
                                "snmpv3_authprotocol": "0", 
                                "snmpv3_contextname": "", 
                                "snmpv3_privpassphrase": "", 
                                "snmpv3_privprotocol": "0", 
                                "snmpv3_securitylevel": "0", 
                                "snmpv3_securityname": "", 
                                "status": "0", 
                                "trends": "365d", 
                                "type": "7", 
                                "units": "", 
                                "username": "", 
                                "value_type": "3", 
                                "valuemap": []
                            }, 
                            {
                                "allowed_hosts": "", 
                                "application_prototypes": [], 
                                "applications": [
                                    {
                                        "name": "Network"
                                    }
                                ], 
                                "authtype": "0", 
                                "delay": "60", 
                                "description": "", 
                                "history": "7d", 
                                "inventory_link": "0", 
                                "ipmi_sensor": "", 
                                "jmx_endpoint": "", 
                                "key": "net.if.total[{#IFNAME},packets]", 
                                "logtimefmt": "", 
                                "master_item_prototype": [], 
                                "name": "Total network packets on {#IFNAME}", 
                                "params": "", 
                                "password": "", 
                                "port": "", 
                                "preprocessing": [], 
                                "privatekey": "", 
                                "publickey": "", 
                                "snmp_community": "", 
                                "snmp_oid": "", 
                                "snmpv3_authpassphrase": "", 
                                "snmpv3_authprotocol": "0", 
                                "snmpv3_contextname": "", 
                                "snmpv3_privpassphrase": "", 
                                "snmpv3_privprotocol": "0", 
                                "snmpv3_securitylevel": "0", 
                                "snmpv3_securityname": "", 
                                "status": "0", 
                                "trends": "365d", 
                                "type": "7", 
                                "units": "", 
                                "username": "", 
                                "value_type": "3", 
                                "valuemap": []
                            }
                        ], 
                        "jmx_endpoint": "", 
                        "key": "net.if.discovery", 
                        "lifetime": "30d", 
                        "name": "Network interface discovery", 
                        "params": "", 
                        "password": "", 
                        "port": "", 
                        "privatekey": "", 
                        "publickey": "", 
                        "snmp_community": "", 
                        "snmp_oid": "", 
                        "snmpv3_authpassphrase": "", 
                        "snmpv3_authprotocol": "0", 
                        "snmpv3_contextname": "", 
                        "snmpv3_privpassphrase": "", 
                        "snmpv3_privprotocol": "0", 
                        "snmpv3_securitylevel": "0", 
                        "snmpv3_securityname": "", 
                        "status": "0", 
                        "trigger_prototypes": [
                            {
                                "correlation_mode": "0", 
                                "correlation_tag": "", 
                                "dependencies": [], 
                                "description": "", 
                                "expression": "{CORP Template OS Base:net.if.total[{#IFNAME},errors].max(5m)}>0", 
                                "manual_close": "0", 
                                "name": "Errors on network interface {#IFNAME}", 
                                "priority": "3", 
                                "recovery_expression": "", 
                                "recovery_mode": "0", 
                                "status": "0", 
                                "tags": [], 
                                "type": "0", 
                                "url": ""
                            }, 
                            {
                                "correlation_mode": "0", 
                                "correlation_tag": "", 
                                "dependencies": [], 
                                "description": "", 
                                "expression": "{CORP Template OS Base:calc.net.if.total[{#IFNAME},pdropped].count(5m,{$NETWORK_DISCARD:\"{#IFNAME}\"},gt)}>0", 
                                "manual_close": "0", 
                                "name": "High discard rate on network interface {#IFNAME}", 
                                "priority": "3", 
                                "recovery_expression": "", 
                                "recovery_mode": "0", 
                                "status": "0", 
                                "tags": [], 
                                "type": "0", 
                                "url": ""
                            }
                        ], 
                        "type": "7", 
                        "username": ""
                    }, 
                    {
                        "allowed_hosts": "", 
                        "authtype": "0", 
                        "delay": "1h", 
                        "description": "", 
                        "filter": {
                            "conditions": [
                                {
                                    "formulaid": "A", 
                                    "macro": "{#FSTYPE}", 
                                    "operator": "8", 
                                    "value": "@File systems for discovery"
                                }
                            ], 
                            "evaltype": "0", 
                            "formula": ""
                        }, 
                        "graph_prototypes": [
                            {
                                "graph_items": [
                                    {
                                        "calc_fnc": "2", 
                                        "color": "FF3333", 
                                        "drawtype": "1", 
                                        "item": {
                                            "host": "CORP Template OS Base", 
                                            "key": "vfs.fs.size[{#FSNAME},pused]"
                                        }, 
                                        "sortorder": "0", 
                                        "type": "0", 
                                        "yaxisside": "0"
                                    }
                                ], 
                                "height": "200", 
                                "name": "Disk space usage {#FSNAME} (Used %)", 
                                "percent_left": "0.0000", 
                                "percent_right": "0.0000", 
                                "show_3d": "0", 
                                "show_legend": "1", 
                                "show_triggers": "1", 
                                "show_work_period": "1", 
                                "type": "0", 
                                "width": "900", 
                                "yaxismax": "100.0000", 
                                "yaxismin": "0.0000", 
                                "ymax_item_1": "0", 
                                "ymax_type_1": "1", 
                                "ymin_item_1": "0", 
                                "ymin_type_1": "1"
                            }, 
                            {
                                "graph_items": [
                                    {
                                        "calc_fnc": "2", 
                                        "color": "6666FF", 
                                        "drawtype": "0", 
                                        "item": {
                                            "host": "CORP Template OS Base", 
                                            "key": "vfs.fs.size[{#FSNAME},total]"
                                        }, 
                                        "sortorder": "0", 
                                        "type": "0", 
                                        "yaxisside": "0"
                                    }, 
                                    {
                                        "calc_fnc": "2", 
                                        "color": "FF3333", 
                                        "drawtype": "1", 
                                        "item": {
                                            "host": "CORP Template OS Base", 
                                            "key": "vfs.fs.size[{#FSNAME},used]"
                                        }, 
                                        "sortorder": "1", 
                                        "type": "0", 
                                        "yaxisside": "0"
                                    }
                                ], 
                                "height": "200", 
                                "name": "Disk space usage {#FSNAME} (Used and Total)", 
                                "percent_left": "0.0000", 
                                "percent_right": "0.0000", 
                                "show_3d": "0", 
                                "show_legend": "1", 
                                "show_triggers": "1", 
                                "show_work_period": "1", 
                                "type": "0", 
                                "width": "900", 
                                "yaxismax": "100.0000", 
                                "yaxismin": "0.0000", 
                                "ymax_item_1": {
                                    "host": "CORP Template OS Base", 
                                    "key": "vfs.fs.size[{#FSNAME},total]"
                                }, 
                                "ymax_type_1": "2", 
                                "ymin_item_1": "0", 
                                "ymin_type_1": "1"
                            }
                        ], 
                        "host_prototypes": [], 
                        "ipmi_sensor": "", 
                        "item_prototypes": [
                            {
                                "allowed_hosts": "", 
                                "application_prototypes": [], 
                                "applications": [
                                    {
                                        "name": "Filesystems"
                                    }
                                ], 
                                "authtype": "0", 
                                "delay": "15m", 
                                "description": "", 
                                "history": "90d", 
                                "inventory_link": "0", 
                                "ipmi_sensor": "", 
                                "jmx_endpoint": "", 
                                "key": "calc.vfs.fs.size[{#FSNAME},pused,{$FS_FORECAST_TIME:\"{#FSNAME}\"}]", 
                                "logtimefmt": "", 
                                "master_item_prototype": [], 
                                "name": "Time till 100% usage {#FSNAME} ({$FS_FORECAST_TIME:\"{#FSNAME}\"})", 
                                "params": "timeleft(\"vfs.fs.size[{#FSNAME},pused]\",{$FS_FORECAST_TIME:\"{#FSNAME}\"},,100)", 
                                "password": "", 
                                "port": "", 
                                "preprocessing": [], 
                                "privatekey": "", 
                                "publickey": "", 
                                "snmp_community": "", 
                                "snmp_oid": "", 
                                "snmpv3_authpassphrase": "", 
                                "snmpv3_authprotocol": "0", 
                                "snmpv3_contextname": "", 
                                "snmpv3_privpassphrase": "", 
                                "snmpv3_privprotocol": "0", 
                                "snmpv3_securitylevel": "0", 
                                "snmpv3_securityname": "", 
                                "status": "0", 
                                "trends": "365d", 
                                "type": "15", 
                                "units": "s", 
                                "username": "", 
                                "value_type": "3", 
                                "valuemap": []
                            }, 
                            {
                                "allowed_hosts": "", 
                                "application_prototypes": [], 
                                "applications": [
                                    {
                                        "name": "Filesystems"
                                    }
                                ], 
                                "authtype": "0", 
                                "delay": "60", 
                                "description": "", 
                                "history": "90d", 
                                "inventory_link": "0", 
                                "ipmi_sensor": "", 
                                "jmx_endpoint": "", 
                                "key": "vfs.fs.inode[{#FSNAME},pfree]", 
                                "logtimefmt": "", 
                                "master_item_prototype": [], 
                                "name": "Free inodes on filesystem {#FSNAME} (percentage)", 
                                "params": "", 
                                "password": "", 
                                "port": "", 
                                "preprocessing": [], 
                                "privatekey": "", 
                                "publickey": "", 
                                "snmp_community": "", 
                                "snmp_oid": "", 
                                "snmpv3_authpassphrase": "", 
                                "snmpv3_authprotocol": "0", 
                                "snmpv3_contextname": "", 
                                "snmpv3_privpassphrase": "", 
                                "snmpv3_privprotocol": "0", 
                                "snmpv3_securitylevel": "0", 
                                "snmpv3_securityname": "", 
                                "status": "0", 
                                "trends": "365d", 
                                "type": "7", 
                                "units": "%", 
                                "username": "", 
                                "value_type": "0", 
                                "valuemap": []
                            }, 
                            {
                                "allowed_hosts": "", 
                                "application_prototypes": [], 
                                "applications": [
                                    {
                                        "name": "Filesystems"
                                    }
                                ], 
                                "authtype": "0", 
                                "delay": "60", 
                                "description": "", 
                                "history": "90d", 
                                "inventory_link": "0", 
                                "ipmi_sensor": "", 
                                "jmx_endpoint": "", 
                                "key": "vfs.fs.size[{#FSNAME},free]", 
                                "logtimefmt": "", 
                                "master_item_prototype": [], 
                                "name": "Free disk space on filesystem {#FSNAME}", 
                                "params": "", 
                                "password": "", 
                                "port": "", 
                                "preprocessing": [], 
                                "privatekey": "", 
                                "publickey": "", 
                                "snmp_community": "", 
                                "snmp_oid": "", 
                                "snmpv3_authpassphrase": "", 
                                "snmpv3_authprotocol": "0", 
                                "snmpv3_contextname": "", 
                                "snmpv3_privpassphrase": "", 
                                "snmpv3_privprotocol": "0", 
                                "snmpv3_securitylevel": "0", 
                                "snmpv3_securityname": "", 
                                "status": "0", 
                                "trends": "365d", 
                                "type": "7", 
                                "units": "B", 
                                "username": "", 
                                "value_type": "3", 
                                "valuemap": []
                            }, 
                            {
                                "allowed_hosts": "", 
                                "application_prototypes": [], 
                                "applications": [
                                    {
                                        "name": "Filesystems"
                                    }
                                ], 
                                "authtype": "0", 
                                "delay": "60", 
                                "description": "", 
                                "history": "90d", 
                                "inventory_link": "0", 
                                "ipmi_sensor": "", 
                                "jmx_endpoint": "", 
                                "key": "vfs.fs.size[{#FSNAME},pfree]", 
                                "logtimefmt": "", 
                                "master_item_prototype": [], 
                                "name": "Free disk space on filesystem {#FSNAME} (percentage)", 
                                "params": "", 
                                "password": "", 
                                "port": "", 
                                "preprocessing": [], 
                                "privatekey": "", 
                                "publickey": "", 
                                "snmp_community": "", 
                                "snmp_oid": "", 
                                "snmpv3_authpassphrase": "", 
                                "snmpv3_authprotocol": "0", 
                                "snmpv3_contextname": "", 
                                "snmpv3_privpassphrase": "", 
                                "snmpv3_privprotocol": "0", 
                                "snmpv3_securitylevel": "0", 
                                "snmpv3_securityname": "", 
                                "status": "0", 
                                "trends": "365d", 
                                "type": "7", 
                                "units": "%", 
                                "username": "", 
                                "value_type": "0", 
                                "valuemap": []
                            }, 
                            {
                                "allowed_hosts": "", 
                                "application_prototypes": [], 
                                "applications": [
                                    {
                                        "name": "Filesystems"
                                    }
                                ], 
                                "authtype": "0", 
                                "delay": "60", 
                                "description": "", 
                                "history": "90d", 
                                "inventory_link": "0", 
                                "ipmi_sensor": "", 
                                "jmx_endpoint": "", 
                                "key": "vfs.fs.size[{#FSNAME},pused]", 
                                "logtimefmt": "", 
                                "master_item_prototype": [], 
                                "name": "Used disk space on filesystem {#FSNAME} (percentage)", 
                                "params": "", 
                                "password": "", 
                                "port": "", 
                                "preprocessing": [], 
                                "privatekey": "", 
                                "publickey": "", 
                                "snmp_community": "", 
                                "snmp_oid": "", 
                                "snmpv3_authpassphrase": "", 
                                "snmpv3_authprotocol": "0", 
                                "snmpv3_contextname": "", 
                                "snmpv3_privpassphrase": "", 
                                "snmpv3_privprotocol": "0", 
                                "snmpv3_securitylevel": "0", 
                                "snmpv3_securityname": "", 
                                "status": "0", 
                                "trends": "365d", 
                                "type": "7", 
                                "units": "%", 
                                "username": "", 
                                "value_type": "0", 
                                "valuemap": []
                            }, 
                            {
                                "allowed_hosts": "", 
                                "application_prototypes": [], 
                                "applications": [
                                    {
                                        "name": "Filesystems"
                                    }
                                ], 
                                "authtype": "0", 
                                "delay": "3600", 
                                "description": "", 
                                "history": "90d", 
                                "inventory_link": "0", 
                                "ipmi_sensor": "", 
                                "jmx_endpoint": "", 
                                "key": "vfs.fs.size[{#FSNAME},total]", 
                                "logtimefmt": "", 
                                "master_item_prototype": [], 
                                "name": "Total disk space on filesystem {#FSNAME}", 
                                "params": "", 
                                "password": "", 
                                "port": "", 
                                "preprocessing": [], 
                                "privatekey": "", 
                                "publickey": "", 
                                "snmp_community": "", 
                                "snmp_oid": "", 
                                "snmpv3_authpassphrase": "", 
                                "snmpv3_authprotocol": "0", 
                                "snmpv3_contextname": "", 
                                "snmpv3_privpassphrase": "", 
                                "snmpv3_privprotocol": "0", 
                                "snmpv3_securitylevel": "0", 
                                "snmpv3_securityname": "", 
                                "status": "0", 
                                "trends": "365d", 
                                "type": "7", 
                                "units": "B", 
                                "username": "", 
                                "value_type": "3", 
                                "valuemap": []
                            }, 
                            {
                                "allowed_hosts": "", 
                                "application_prototypes": [], 
                                "applications": [
                                    {
                                        "name": "Filesystems"
                                    }
                                ], 
                                "authtype": "0", 
                                "delay": "60", 
                                "description": "", 
                                "history": "90d", 
                                "inventory_link": "0", 
                                "ipmi_sensor": "", 
                                "jmx_endpoint": "", 
                                "key": "vfs.fs.size[{#FSNAME},used]", 
                                "logtimefmt": "", 
                                "master_item_prototype": [], 
                                "name": "Used disk space on filesystem {#FSNAME}", 
                                "params": "", 
                                "password": "", 
                                "port": "", 
                                "preprocessing": [], 
                                "privatekey": "", 
                                "publickey": "", 
                                "snmp_community": "", 
                                "snmp_oid": "", 
                                "snmpv3_authpassphrase": "", 
                                "snmpv3_authprotocol": "0", 
                                "snmpv3_contextname": "", 
                                "snmpv3_privpassphrase": "", 
                                "snmpv3_privprotocol": "0", 
                                "snmpv3_securitylevel": "0", 
                                "snmpv3_securityname": "", 
                                "status": "0", 
                                "trends": "365d", 
                                "type": "7", 
                                "units": "B", 
                                "username": "", 
                                "value_type": "3", 
                                "valuemap": []
                            }
                        ], 
                        "jmx_endpoint": "", 
                        "key": "vfs.fs.discovery", 
                        "lifetime": "0", 
                        "name": "Filesystem Discovery", 
                        "params": "", 
                        "password": "", 
                        "port": "", 
                        "privatekey": "", 
                        "publickey": "", 
                        "snmp_community": "", 
                        "snmp_oid": "", 
                        "snmpv3_authpassphrase": "", 
                        "snmpv3_authprotocol": "0", 
                        "snmpv3_contextname": "", 
                        "snmpv3_privpassphrase": "", 
                        "snmpv3_privprotocol": "0", 
                        "snmpv3_securitylevel": "0", 
                        "snmpv3_securityname": "", 
                        "status": "0", 
                        "trigger_prototypes": [
                            {
                                "correlation_mode": "0", 
                                "correlation_tag": "", 
                                "dependencies": [], 
                                "description": "", 
                                "expression": "{CORP Template OS Base:calc.vfs.fs.size[{#FSNAME},pused,{$FS_FORECAST_TIME:\"{#FSNAME}\"}].last()}<({$FS_FORECAST_THRES:\"{#FSNAME}\"}*86400)", 
                                "manual_close": "0", 
                                "name": "Filesystem {#FSNAME} may run out of space within {$FS_FORECAST_THRES:\"{#FSNAME}\"} days", 
                                "priority": "2", 
                                "recovery_expression": "", 
                                "recovery_mode": "0", 
                                "status": "0", 
                                "tags": [], 
                                "type": "0", 
                                "url": ""
                            }, 
                            {
                                "correlation_mode": "0", 
                                "correlation_tag": "", 
                                "dependencies": [], 
                                "description": "", 
                                "expression": "{CORP Template OS Base:vfs.fs.size[{#FSNAME},pused].count(5m,{$FS_THRES_CRIT:\"{#FSNAME}\"},gt)}>1", 
                                "manual_close": "0", 
                                "name": "Used disk space is more than {$FS_THRES_CRIT:\"{#FSNAME}\"}% on filesystem {#FSNAME}", 
                                "priority": "4", 
                                "recovery_expression": "", 
                                "recovery_mode": "0", 
                                "status": "0", 
                                "tags": [], 
                                "type": "0", 
                                "url": ""
                            }, 
                            {
                                "correlation_mode": "0", 
                                "correlation_tag": "", 
                                "dependencies": [
                                    {
                                        "expression": "{CORP Template OS Base:vfs.fs.size[{#FSNAME},pused].count(5m,{$FS_THRES_CRIT:\"{#FSNAME}\"},gt)}>1", 
                                        "name": "Used disk space is more than {$FS_THRES_CRIT:\"{#FSNAME}\"}% on filesystem {#FSNAME}", 
                                        "recovery_expression": ""
                                    }
                                ], 
                                "description": "", 
                                "expression": "{CORP Template OS Base:vfs.fs.size[{#FSNAME},pused].count(5m,{$FS_THRES_WARN:\"{#FSNAME}\"},gt)}>1", 
                                "manual_close": "0", 
                                "name": "Used disk space is more than {$FS_THRES_WARN:\"{#FSNAME}\"}% on filesystem {#FSNAME}", 
                                "priority": "2", 
                                "recovery_expression": "", 
                                "recovery_mode": "0", 
                                "status": "0", 
                                "tags": [], 
                                "type": "0", 
                                "url": ""
                            }
                        ], 
                        "type": "7", 
                        "username": ""
                    }
                ], 
                "groups": [
                    {
                        "name": "CORP/Templates/Operating Systems"
                    }
                ], 
                "httptests": [], 
                "items": [
                    {
                        "allowed_hosts": "", 
                        "applications": [
                            {
                                "name": "CPU"
                            }
                        ], 
                        "authtype": "0", 
                        "delay": "60", 
                        "description": "", 
                        "history": "7d", 
                        "inventory_link": "0", 
                        "ipmi_sensor": "", 
                        "jmx_endpoint": "", 
                        "key": "system.cpu.intr", 
                        "logtimefmt": "", 
                        "master_item": [], 
                        "name": "Interrupts per second", 
                        "params": "", 
                        "password": "", 
                        "port": "", 
                        "preprocessing": [
                            {
                                "params": "", 
                                "type": "10"
                            }
                        ], 
                        "privatekey": "", 
                        "publickey": "", 
                        "snmp_community": "", 
                        "snmp_oid": "", 
                        "snmpv3_authpassphrase": "", 
                        "snmpv3_authprotocol": "0", 
                        "snmpv3_contextname": "", 
                        "snmpv3_privpassphrase": "", 
                        "snmpv3_privprotocol": "0", 
                        "snmpv3_securitylevel": "0", 
                        "snmpv3_securityname": "", 
                        "status": "0", 
                        "trends": "365d", 
                        "type": "7", 
                        "units": "ips", 
                        "username": "", 
                        "value_type": "3", 
                        "valuemap": []
                    }, 
                    {
                        "allowed_hosts": "", 
                        "applications": [
                            {
                                "name": "CPU"
                            }
                        ], 
                        "authtype": "0", 
                        "delay": "60", 
                        "description": "The processor load is calculated as system CPU load divided by number of CPU cores.", 
                        "history": "7d", 
                        "inventory_link": "0", 
                        "ipmi_sensor": "", 
                        "jmx_endpoint": "", 
                        "key": "system.cpu.load[percpu,avg1]", 
                        "logtimefmt": "", 
                        "master_item": [], 
                        "name": "Processor load (1 min average per core)", 
                        "params": "", 
                        "password": "", 
                        "port": "", 
                        "preprocessing": [], 
                        "privatekey": "", 
                        "publickey": "", 
                        "snmp_community": "", 
                        "snmp_oid": "", 
                        "snmpv3_authpassphrase": "", 
                        "snmpv3_authprotocol": "0", 
                        "snmpv3_contextname": "", 
                        "snmpv3_privpassphrase": "", 
                        "snmpv3_privprotocol": "0", 
                        "snmpv3_securitylevel": "0", 
                        "snmpv3_securityname": "", 
                        "status": "0", 
                        "trends": "365d", 
                        "type": "7", 
                        "units": "", 
                        "username": "", 
                        "value_type": "0", 
                        "valuemap": []
                    }, 
                    {
                        "allowed_hosts": "", 
                        "applications": [
                            {
                                "name": "CPU"
                            }
                        ], 
                        "authtype": "0", 
                        "delay": "60", 
                        "description": "The processor load is calculated as system CPU load divided by number of CPU cores.", 
                        "history": "7d", 
                        "inventory_link": "0", 
                        "ipmi_sensor": "", 
                        "jmx_endpoint": "", 
                        "key": "system.cpu.load[percpu,avg5]", 
                        "logtimefmt": "", 
                        "master_item": [], 
                        "name": "Processor load (5 min average per core)", 
                        "params": "", 
                        "password": "", 
                        "port": "", 
                        "preprocessing": [], 
                        "privatekey": "", 
                        "publickey": "", 
                        "snmp_community": "", 
                        "snmp_oid": "", 
                        "snmpv3_authpassphrase": "", 
                        "snmpv3_authprotocol": "0", 
                        "snmpv3_contextname": "", 
                        "snmpv3_privpassphrase": "", 
                        "snmpv3_privprotocol": "0", 
                        "snmpv3_securitylevel": "0", 
                        "snmpv3_securityname": "", 
                        "status": "0", 
                        "trends": "365d", 
                        "type": "7", 
                        "units": "", 
                        "username": "", 
                        "value_type": "0", 
                        "valuemap": []
                    }, 
                    {
                        "allowed_hosts": "", 
                        "applications": [
                            {
                                "name": "CPU"
                            }
                        ], 
                        "authtype": "0", 
                        "delay": "60", 
                        "description": "The processor load is calculated as system CPU load divided by number of CPU cores.", 
                        "history": "7d", 
                        "inventory_link": "0", 
                        "ipmi_sensor": "", 
                        "jmx_endpoint": "", 
                        "key": "system.cpu.load[percpu,avg15]", 
                        "logtimefmt": "", 
                        "master_item": [], 
                        "name": "Processor load (15 min average per core)", 
                        "params": "", 
                        "password": "", 
                        "port": "", 
                        "preprocessing": [], 
                        "privatekey": "", 
                        "publickey": "", 
                        "snmp_community": "", 
                        "snmp_oid": "", 
                        "snmpv3_authpassphrase": "", 
                        "snmpv3_authprotocol": "0", 
                        "snmpv3_contextname": "", 
                        "snmpv3_privpassphrase": "", 
                        "snmpv3_privprotocol": "0", 
                        "snmpv3_securitylevel": "0", 
                        "snmpv3_securityname": "", 
                        "status": "0", 
                        "trends": "365d", 
                        "type": "7", 
                        "units": "", 
                        "username": "", 
                        "value_type": "0", 
                        "valuemap": []
                    }, 
                    {
                        "allowed_hosts": "", 
                        "applications": [
                            {
                                "name": "CPU"
                            }
                        ], 
                        "authtype": "0", 
                        "delay": "60", 
                        "description": "The time the CPU has spent running the kernel and its processes.", 
                        "history": "7d", 
                        "inventory_link": "0", 
                        "ipmi_sensor": "", 
                        "jmx_endpoint": "", 
                        "key": "system.cpu.util[,system]", 
                        "logtimefmt": "", 
                        "master_item": [], 
                        "name": "CPU $2 time", 
                        "params": "", 
                        "password": "", 
                        "port": "", 
                        "preprocessing": [], 
                        "privatekey": "", 
                        "publickey": "", 
                        "snmp_community": "", 
                        "snmp_oid": "", 
                        "snmpv3_authpassphrase": "", 
                        "snmpv3_authprotocol": "0", 
                        "snmpv3_contextname": "", 
                        "snmpv3_privpassphrase": "", 
                        "snmpv3_privprotocol": "0", 
                        "snmpv3_securitylevel": "0", 
                        "snmpv3_securityname": "", 
                        "status": "0", 
                        "trends": "365d", 
                        "type": "7", 
                        "units": "%", 
                        "username": "", 
                        "value_type": "0", 
                        "valuemap": []
                    }, 
                    {
                        "allowed_hosts": "", 
                        "applications": [
                            {
                                "name": "General"
                            }
                        ], 
                        "authtype": "0", 
                        "delay": "1h", 
                        "description": "", 
                        "history": "90d", 
                        "inventory_link": "28", 
                        "ipmi_sensor": "", 
                        "jmx_endpoint": "", 
                        "key": "system.hw.chassis[full]", 
                        "logtimefmt": "", 
                        "master_item": [], 
                        "name": "Chassis", 
                        "params": "", 
                        "password": "", 
                        "port": "", 
                        "preprocessing": [], 
                        "privatekey": "", 
                        "publickey": "", 
                        "snmp_community": "", 
                        "snmp_oid": "", 
                        "snmpv3_authpassphrase": "", 
                        "snmpv3_authprotocol": "0", 
                        "snmpv3_contextname": "", 
                        "snmpv3_privpassphrase": "", 
                        "snmpv3_privprotocol": "0", 
                        "snmpv3_securitylevel": "0", 
                        "snmpv3_securityname": "", 
                        "status": "0", 
                        "trends": "0", 
                        "type": "7", 
                        "units": "", 
                        "username": "", 
                        "value_type": "4", 
                        "valuemap": []
                    }, 
                    {
                        "allowed_hosts": "", 
                        "applications": [
                            {
                                "name": "General"
                            }
                        ], 
                        "authtype": "0", 
                        "delay": "1h", 
                        "description": "", 
                        "history": "90d", 
                        "inventory_link": "29", 
                        "ipmi_sensor": "", 
                        "jmx_endpoint": "", 
                        "key": "system.hw.chassis[model]", 
                        "logtimefmt": "", 
                        "master_item": [], 
                        "name": "Model", 
                        "params": "", 
                        "password": "", 
                        "port": "", 
                        "preprocessing": [], 
                        "privatekey": "", 
                        "publickey": "", 
                        "snmp_community": "", 
                        "snmp_oid": "", 
                        "snmpv3_authpassphrase": "", 
                        "snmpv3_authprotocol": "0", 
                        "snmpv3_contextname": "", 
                        "snmpv3_privpassphrase": "", 
                        "snmpv3_privprotocol": "0", 
                        "snmpv3_securitylevel": "0", 
                        "snmpv3_securityname": "", 
                        "status": "0", 
                        "trends": "0", 
                        "type": "7", 
                        "units": "", 
                        "username": "", 
                        "value_type": "4", 
                        "valuemap": []
                    }, 
                    {
                        "allowed_hosts": "", 
                        "applications": [
                            {
                                "name": "General"
                            }
                        ], 
                        "authtype": "0", 
                        "delay": "1h", 
                        "description": "", 
                        "history": "90d", 
                        "inventory_link": "8", 
                        "ipmi_sensor": "", 
                        "jmx_endpoint": "", 
                        "key": "system.hw.chassis[serial]", 
                        "logtimefmt": "", 
                        "master_item": [], 
                        "name": "Serial Number", 
                        "params": "", 
                        "password": "", 
                        "port": "", 
                        "preprocessing": [], 
                        "privatekey": "", 
                        "publickey": "", 
                        "snmp_community": "", 
                        "snmp_oid": "", 
                        "snmpv3_authpassphrase": "", 
                        "snmpv3_authprotocol": "0", 
                        "snmpv3_contextname": "", 
                        "snmpv3_privpassphrase": "", 
                        "snmpv3_privprotocol": "0", 
                        "snmpv3_securitylevel": "0", 
                        "snmpv3_securityname": "", 
                        "status": "0", 
                        "trends": "0", 
                        "type": "7", 
                        "units": "", 
                        "username": "", 
                        "value_type": "4", 
                        "valuemap": []
                    }, 
                    {
                        "allowed_hosts": "", 
                        "applications": [
                            {
                                "name": "General"
                            }
                        ], 
                        "authtype": "0", 
                        "delay": "1h", 
                        "description": "", 
                        "history": "90d", 
                        "inventory_link": "14", 
                        "ipmi_sensor": "", 
                        "jmx_endpoint": "", 
                        "key": "system.hw.chassis[type]", 
                        "logtimefmt": "", 
                        "master_item": [], 
                        "name": "HW Type", 
                        "params": "", 
                        "password": "", 
                        "port": "", 
                        "preprocessing": [], 
                        "privatekey": "", 
                        "publickey": "", 
                        "snmp_community": "", 
                        "snmp_oid": "", 
                        "snmpv3_authpassphrase": "", 
                        "snmpv3_authprotocol": "0", 
                        "snmpv3_contextname": "", 
                        "snmpv3_privpassphrase": "", 
                        "snmpv3_privprotocol": "0", 
                        "snmpv3_securitylevel": "0", 
                        "snmpv3_securityname": "", 
                        "status": "0", 
                        "trends": "0", 
                        "type": "7", 
                        "units": "", 
                        "username": "", 
                        "value_type": "4", 
                        "valuemap": []
                    }, 
                    {
                        "allowed_hosts": "", 
                        "applications": [
                            {
                                "name": "General"
                            }
                        ], 
                        "authtype": "0", 
                        "delay": "1h", 
                        "description": "", 
                        "history": "90d", 
                        "inventory_link": "31", 
                        "ipmi_sensor": "", 
                        "jmx_endpoint": "", 
                        "key": "system.hw.chassis[vendor]", 
                        "logtimefmt": "", 
                        "master_item": [], 
                        "name": "Vendor", 
                        "params": "", 
                        "password": "", 
                        "port": "", 
                        "preprocessing": [], 
                        "privatekey": "", 
                        "publickey": "", 
                        "snmp_community": "", 
                        "snmp_oid": "", 
                        "snmpv3_authpassphrase": "", 
                        "snmpv3_authprotocol": "0", 
                        "snmpv3_contextname": "", 
                        "snmpv3_privpassphrase": "", 
                        "snmpv3_privprotocol": "0", 
                        "snmpv3_securitylevel": "0", 
                        "snmpv3_securityname": "", 
                        "status": "0", 
                        "trends": "0", 
                        "type": "7", 
                        "units": "", 
                        "username": "", 
                        "value_type": "4", 
                        "valuemap": []
                    }, 
                    {
                        "allowed_hosts": "", 
                        "applications": [
                            {
                                "name": "General"
                            }
                        ], 
                        "authtype": "0", 
                        "delay": "1h", 
                        "description": "", 
                        "history": "90d", 
                        "inventory_link": "12", 
                        "ipmi_sensor": "", 
                        "jmx_endpoint": "", 
                        "key": "system.hw.macaddr[{$MANAGEMENT_IF},short]", 
                        "logtimefmt": "", 
                        "master_item": [], 
                        "name": "Management Interface MAC Address", 
                        "params": "", 
                        "password": "", 
                        "port": "", 
                        "preprocessing": [], 
                        "privatekey": "", 
                        "publickey": "", 
                        "snmp_community": "", 
                        "snmp_oid": "", 
                        "snmpv3_authpassphrase": "", 
                        "snmpv3_authprotocol": "0", 
                        "snmpv3_contextname": "", 
                        "snmpv3_privpassphrase": "", 
                        "snmpv3_privprotocol": "0", 
                        "snmpv3_securitylevel": "0", 
                        "snmpv3_securityname": "", 
                        "status": "0", 
                        "trends": "0", 
                        "type": "7", 
                        "units": "", 
                        "username": "", 
                        "value_type": "4", 
                        "valuemap": []
                    }, 
                    {
                        "allowed_hosts": "", 
                        "applications": [
                            {
                                "name": "OS"
                            }
                        ], 
                        "authtype": "0", 
                        "delay": "3600", 
                        "description": "", 
                        "history": "7d", 
                        "inventory_link": "0", 
                        "ipmi_sensor": "", 
                        "jmx_endpoint": "", 
                        "key": "system.localtime", 
                        "logtimefmt": "", 
                        "master_item": [], 
                        "name": "Host local time", 
                        "params": "", 
                        "password": "", 
                        "port": "", 
                        "preprocessing": [], 
                        "privatekey": "", 
                        "publickey": "", 
                        "snmp_community": "", 
                        "snmp_oid": "", 
                        "snmpv3_authpassphrase": "", 
                        "snmpv3_authprotocol": "0", 
                        "snmpv3_contextname": "", 
                        "snmpv3_privpassphrase": "", 
                        "snmpv3_privprotocol": "0", 
                        "snmpv3_securitylevel": "0", 
                        "snmpv3_securityname": "", 
                        "status": "0", 
                        "trends": "365d", 
                        "type": "7", 
                        "units": "unixtime", 
                        "username": "", 
                        "value_type": "3", 
                        "valuemap": []
                    }, 
                    {
                        "allowed_hosts": "", 
                        "applications": [
                            {
                                "name": "General"
                            }
                        ], 
                        "authtype": "0", 
                        "delay": "1h", 
                        "description": "", 
                        "history": "90d", 
                        "inventory_link": "30", 
                        "ipmi_sensor": "", 
                        "jmx_endpoint": "", 
                        "key": "system.sw.arch", 
                        "logtimefmt": "", 
                        "master_item": [], 
                        "name": "Architecture", 
                        "params": "", 
                        "password": "", 
                        "port": "", 
                        "preprocessing": [], 
                        "privatekey": "", 
                        "publickey": "", 
                        "snmp_community": "", 
                        "snmp_oid": "", 
                        "snmpv3_authpassphrase": "", 
                        "snmpv3_authprotocol": "0", 
                        "snmpv3_contextname": "", 
                        "snmpv3_privpassphrase": "", 
                        "snmpv3_privprotocol": "0", 
                        "snmpv3_securitylevel": "0", 
                        "snmpv3_securityname": "", 
                        "status": "0", 
                        "trends": "0", 
                        "type": "7", 
                        "units": "", 
                        "username": "", 
                        "value_type": "4", 
                        "valuemap": []
                    }, 
                    {
                        "allowed_hosts": "", 
                        "applications": [
                            {
                                "name": "General"
                            }
                        ], 
                        "authtype": "0", 
                        "delay": "1h", 
                        "description": "", 
                        "history": "90d", 
                        "inventory_link": "6", 
                        "ipmi_sensor": "", 
                        "jmx_endpoint": "", 
                        "key": "system.sw.os[full]", 
                        "logtimefmt": "", 
                        "master_item": [], 
                        "name": "OS (Full)", 
                        "params": "", 
                        "password": "", 
                        "port": "", 
                        "preprocessing": [], 
                        "privatekey": "", 
                        "publickey": "", 
                        "snmp_community": "", 
                        "snmp_oid": "", 
                        "snmpv3_authpassphrase": "", 
                        "snmpv3_authprotocol": "0", 
                        "snmpv3_contextname": "", 
                        "snmpv3_privpassphrase": "", 
                        "snmpv3_privprotocol": "0", 
                        "snmpv3_securitylevel": "0", 
                        "snmpv3_securityname": "", 
                        "status": "0", 
                        "trends": "0", 
                        "type": "7", 
                        "units": "", 
                        "username": "", 
                        "value_type": "4", 
                        "valuemap": []
                    }, 
                    {
                        "allowed_hosts": "", 
                        "applications": [
                            {
                                "name": "General"
                            }
                        ], 
                        "authtype": "0", 
                        "delay": "1h", 
                        "description": "", 
                        "history": "90d", 
                        "inventory_link": "5", 
                        "ipmi_sensor": "", 
                        "jmx_endpoint": "", 
                        "key": "system.sw.os[name]", 
                        "logtimefmt": "", 
                        "master_item": [], 
                        "name": "OS", 
                        "params": "", 
                        "password": "", 
                        "port": "", 
                        "preprocessing": [], 
                        "privatekey": "", 
                        "publickey": "", 
                        "snmp_community": "", 
                        "snmp_oid": "", 
                        "snmpv3_authpassphrase": "", 
                        "snmpv3_authprotocol": "0", 
                        "snmpv3_contextname": "", 
                        "snmpv3_privpassphrase": "", 
                        "snmpv3_privprotocol": "0", 
                        "snmpv3_securitylevel": "0", 
                        "snmpv3_securityname": "", 
                        "status": "0", 
                        "trends": "0", 
                        "type": "7", 
                        "units": "", 
                        "username": "", 
                        "value_type": "4", 
                        "valuemap": []
                    }, 
                    {
                        "allowed_hosts": "", 
                        "applications": [
                            {
                                "name": "General"
                            }
                        ], 
                        "authtype": "0", 
                        "delay": "1h", 
                        "description": "", 
                        "history": "90d", 
                        "inventory_link": "7", 
                        "ipmi_sensor": "", 
                        "jmx_endpoint": "", 
                        "key": "system.sw.os[short]", 
                        "logtimefmt": "", 
                        "master_item": [], 
                        "name": "OS (Short)", 
                        "params": "", 
                        "password": "", 
                        "port": "", 
                        "preprocessing": [], 
                        "privatekey": "", 
                        "publickey": "", 
                        "snmp_community": "", 
                        "snmp_oid": "", 
                        "snmpv3_authpassphrase": "", 
                        "snmpv3_authprotocol": "0", 
                        "snmpv3_contextname": "", 
                        "snmpv3_privpassphrase": "", 
                        "snmpv3_privprotocol": "0", 
                        "snmpv3_securitylevel": "0", 
                        "snmpv3_securityname": "", 
                        "status": "0", 
                        "trends": "0", 
                        "type": "7", 
                        "units": "", 
                        "username": "", 
                        "value_type": "4", 
                        "valuemap": []
                    }, 
                    {
                        "allowed_hosts": "", 
                        "applications": [
                            {
                                "name": "Memory"
                            }
                        ], 
                        "authtype": "0", 
                        "delay": "60", 
                        "description": "", 
                        "history": "7d", 
                        "inventory_link": "0", 
                        "ipmi_sensor": "", 
                        "jmx_endpoint": "", 
                        "key": "system.swap.size[,free]", 
                        "logtimefmt": "", 
                        "master_item": [], 
                        "name": "Free swap space", 
                        "params": "", 
                        "password": "", 
                        "port": "", 
                        "preprocessing": [], 
                        "privatekey": "", 
                        "publickey": "", 
                        "snmp_community": "", 
                        "snmp_oid": "", 
                        "snmpv3_authpassphrase": "", 
                        "snmpv3_authprotocol": "0", 
                        "snmpv3_contextname": "", 
                        "snmpv3_privpassphrase": "", 
                        "snmpv3_privprotocol": "0", 
                        "snmpv3_securitylevel": "0", 
                        "snmpv3_securityname": "", 
                        "status": "0", 
                        "trends": "365d", 
                        "type": "7", 
                        "units": "B", 
                        "username": "", 
                        "value_type": "3", 
                        "valuemap": []
                    }, 
                    {
                        "allowed_hosts": "", 
                        "applications": [
                            {
                                "name": "Memory"
                            }
                        ], 
                        "authtype": "0", 
                        "delay": "60", 
                        "description": "", 
                        "history": "7d", 
                        "inventory_link": "0", 
                        "ipmi_sensor": "", 
                        "jmx_endpoint": "", 
                        "key": "system.swap.size[,pfree]", 
                        "logtimefmt": "", 
                        "master_item": [], 
                        "name": "Free swap space in %", 
                        "params": "", 
                        "password": "", 
                        "port": "", 
                        "preprocessing": [], 
                        "privatekey": "", 
                        "publickey": "", 
                        "snmp_community": "", 
                        "snmp_oid": "", 
                        "snmpv3_authpassphrase": "", 
                        "snmpv3_authprotocol": "0", 
                        "snmpv3_contextname": "", 
                        "snmpv3_privpassphrase": "", 
                        "snmpv3_privprotocol": "0", 
                        "snmpv3_securitylevel": "0", 
                        "snmpv3_securityname": "", 
                        "status": "0", 
                        "trends": "365d", 
                        "type": "7", 
                        "units": "%", 
                        "username": "", 
                        "value_type": "0", 
                        "valuemap": []
                    }, 
                    {
                        "allowed_hosts": "", 
                        "applications": [
                            {
                                "name": "Memory"
                            }
                        ], 
                        "authtype": "0", 
                        "delay": "3600", 
                        "description": "", 
                        "history": "7d", 
                        "inventory_link": "0", 
                        "ipmi_sensor": "", 
                        "jmx_endpoint": "", 
                        "key": "system.swap.size[,total]", 
                        "logtimefmt": "", 
                        "master_item": [], 
                        "name": "Total swap space", 
                        "params": "", 
                        "password": "", 
                        "port": "", 
                        "preprocessing": [], 
                        "privatekey": "", 
                        "publickey": "", 
                        "snmp_community": "", 
                        "snmp_oid": "", 
                        "snmpv3_authpassphrase": "", 
                        "snmpv3_authprotocol": "0", 
                        "snmpv3_contextname": "", 
                        "snmpv3_privpassphrase": "", 
                        "snmpv3_privprotocol": "0", 
                        "snmpv3_securitylevel": "0", 
                        "snmpv3_securityname": "", 
                        "status": "0", 
                        "trends": "365d", 
                        "type": "7", 
                        "units": "B", 
                        "username": "", 
                        "value_type": "3", 
                        "valuemap": []
                    }, 
                    {
                        "allowed_hosts": "", 
                        "applications": [
                            {
                                "name": "General"
                            }
                        ], 
                        "authtype": "0", 
                        "delay": "1m", 
                        "description": "", 
                        "history": "90d", 
                        "inventory_link": "0", 
                        "ipmi_sensor": "", 
                        "jmx_endpoint": "", 
                        "key": "system.uptime", 
                        "logtimefmt": "", 
                        "master_item": [], 
                        "name": "Uptime", 
                        "params": "", 
                        "password": "", 
                        "port": "", 
                        "preprocessing": [], 
                        "privatekey": "", 
                        "publickey": "", 
                        "snmp_community": "", 
                        "snmp_oid": "", 
                        "snmpv3_authpassphrase": "", 
                        "snmpv3_authprotocol": "0", 
                        "snmpv3_contextname": "", 
                        "snmpv3_privpassphrase": "", 
                        "snmpv3_privprotocol": "0", 
                        "snmpv3_securitylevel": "0", 
                        "snmpv3_securityname": "", 
                        "status": "0", 
                        "trends": "365d", 
                        "type": "7", 
                        "units": "uptime", 
                        "username": "", 
                        "value_type": "3", 
                        "valuemap": []
                    }, 
                    {
                        "allowed_hosts": "", 
                        "applications": [
                            {
                                "name": "Memory"
                            }
                        ], 
                        "authtype": "0", 
                        "delay": "60", 
                        "description": "Available memory is defined as free+cached+buffers memory.", 
                        "history": "7d", 
                        "inventory_link": "0", 
                        "ipmi_sensor": "", 
                        "jmx_endpoint": "", 
                        "key": "vm.memory.size[available]", 
                        "logtimefmt": "", 
                        "master_item": [], 
                        "name": "Available memory", 
                        "params": "", 
                        "password": "", 
                        "port": "", 
                        "preprocessing": [], 
                        "privatekey": "", 
                        "publickey": "", 
                        "snmp_community": "", 
                        "snmp_oid": "", 
                        "snmpv3_authpassphrase": "", 
                        "snmpv3_authprotocol": "0", 
                        "snmpv3_contextname": "", 
                        "snmpv3_privpassphrase": "", 
                        "snmpv3_privprotocol": "0", 
                        "snmpv3_securitylevel": "0", 
                        "snmpv3_securityname": "", 
                        "status": "0", 
                        "trends": "365d", 
                        "type": "7", 
                        "units": "B", 
                        "username": "", 
                        "value_type": "3", 
                        "valuemap": []
                    }, 
                    {
                        "allowed_hosts": "", 
                        "applications": [
                            {
                                "name": "Memory"
                            }
                        ], 
                        "authtype": "0", 
                        "delay": "60", 
                        "description": "Percent of inactive + cached + free memory in relation to 'total'.", 
                        "history": "7d", 
                        "inventory_link": "0", 
                        "ipmi_sensor": "", 
                        "jmx_endpoint": "", 
                        "key": "vm.memory.size[pavailable]", 
                        "logtimefmt": "", 
                        "master_item": [], 
                        "name": "Percent Available memory", 
                        "params": "", 
                        "password": "", 
                        "port": "", 
                        "preprocessing": [], 
                        "privatekey": "", 
                        "publickey": "", 
                        "snmp_community": "", 
                        "snmp_oid": "", 
                        "snmpv3_authpassphrase": "", 
                        "snmpv3_authprotocol": "0", 
                        "snmpv3_contextname": "", 
                        "snmpv3_privpassphrase": "", 
                        "snmpv3_privprotocol": "0", 
                        "snmpv3_securitylevel": "0", 
                        "snmpv3_securityname": "", 
                        "status": "0", 
                        "trends": "365d", 
                        "type": "7", 
                        "units": "%", 
                        "username": "", 
                        "value_type": "0", 
                        "valuemap": []
                    }, 
                    {
                        "allowed_hosts": "", 
                        "applications": [
                            {
                                "name": "Memory"
                            }
                        ], 
                        "authtype": "0", 
                        "delay": "3600", 
                        "description": "", 
                        "history": "7d", 
                        "inventory_link": "0", 
                        "ipmi_sensor": "", 
                        "jmx_endpoint": "", 
                        "key": "vm.memory.size[total]", 
                        "logtimefmt": "", 
                        "master_item": [], 
                        "name": "Total memory", 
                        "params": "", 
                        "password": "", 
                        "port": "", 
                        "preprocessing": [], 
                        "privatekey": "", 
                        "publickey": "", 
                        "snmp_community": "", 
                        "snmp_oid": "", 
                        "snmpv3_authpassphrase": "", 
                        "snmpv3_authprotocol": "0", 
                        "snmpv3_contextname": "", 
                        "snmpv3_privpassphrase": "", 
                        "snmpv3_privprotocol": "0", 
                        "snmpv3_securitylevel": "0", 
                        "snmpv3_securityname": "", 
                        "status": "0", 
                        "trends": "365d", 
                        "type": "7", 
                        "units": "B", 
                        "username": "", 
                        "value_type": "3", 
                        "valuemap": []
                    }
                ], 
                "macros": [
                    {
                        "macro": "{$CPU_LOAD}", 
                        "value": "5"
                    }, 
                    {
                        "macro": "{$FS_FORECAST_THRES}", 
                        "value": "3"
                    }, 
                    {
                        "macro": "{$FS_FORECAST_TIME}", 
                        "value": "1d"
                    }, 
                    {
                        "macro": "{$FS_THRES_CRIT}", 
                        "value": "97"
                    }, 
                    {
                        "macro": "{$FS_THRES_WARN}", 
                        "value": "80"
                    }, 
                    {
                        "macro": "{$MANAGEMENT_IF}", 
                        "value": ""
                    }, 
                    {
                        "macro": "{$NETWORK_DISCARD}", 
                        "value": "3"
                    }
                ], 
                "name": "CORP Template OS Base", 
                "screens": [], 
                "template": "CORP Template OS Base", 
                "templates": [
                    {
                        "name": "CORP Template App Zabbix Agent"
                    }
                ]
            }
        ], 
        "triggers": [
            {
                "correlation_mode": "0", 
                "correlation_tag": "", 
                "dependencies": [], 
                "description": "", 
                "expression": "{CORP Template OS Base:system.cpu.load[percpu,avg1].count(60m,{$CPU_LOAD},gt)}>45", 
                "manual_close": "0", 
                "name": "Processor load is too high on {HOST.NAME}", 
                "priority": "2", 
                "recovery_expression": "", 
                "recovery_mode": "0", 
                "status": "0", 
                "tags": [], 
                "type": "0", 
                "url": ""
            }, 
            {
                "correlation_mode": "0", 
                "correlation_tag": "", 
                "dependencies": [], 
                "description": "", 
                "expression": "{CORP Template OS Base:system.localtime.fuzzytime(60)}=0", 
                "manual_close": "0", 
                "name": "Time on {HOST.HOST} is out of sync by more than 60 seconds", 
                "priority": "3", 
                "recovery_expression": "", 
                "recovery_mode": "0", 
                "status": "0", 
                "tags": [], 
                "type": "0", 
                "url": ""
            }
        ], 
        "version": "3.4"
    }
}