{
    "zabbix_export": {
        "graphs": [
            {
                "graph_items": [
                    {
                        "calc_fnc": "2", 
                        "color": "1A7C11", 
                        "drawtype": "0", 
                        "item": {
                            "host": "CORP Template App MySQL", 
                            "key": "proc.mem[{$MYSQL_PROCESS_NAME},,,,rss]"
                        }, 
                        "sortorder": "0", 
                        "type": "0", 
                        "yaxisside": "0"
                    }, 
                    {
                        "calc_fnc": "2", 
                        "color": "F63100", 
                        "drawtype": "0", 
                        "item": {
                            "host": "CORP Template App MySQL", 
                            "key": "proc.mem[{$MYSQL_PROCESS_NAME},,,,swap]"
                        }, 
                        "sortorder": "1", 
                        "type": "0", 
                        "yaxisside": "0"
                    }
                ], 
                "height": "200", 
                "name": "MySQL Memory/Swap Usage", 
                "percent_left": "0.0000", 
                "percent_right": "0.0000", 
                "show_3d": "0", 
                "show_legend": "1", 
                "show_triggers": "1", 
                "show_work_period": "1", 
                "type": "0", 
                "width": "900", 
                "yaxismax": "100.0000", 
                "yaxismin": "0.0000", 
                "ymax_item_1": "0", 
                "ymax_type_1": "0", 
                "ymin_item_1": "0", 
                "ymin_type_1": "0"
            }, 
            {
                "graph_items": [
                    {
                        "calc_fnc": "2", 
                        "color": "1A7C11", 
                        "drawtype": "0", 
                        "item": {
                            "host": "CORP Template App MySQL", 
                            "key": "hl.mysql.status[Bytes_recieved]"
                        }, 
                        "sortorder": "0", 
                        "type": "0", 
                        "yaxisside": "0"
                    }, 
                    {
                        "calc_fnc": "2", 
                        "color": "F63100", 
                        "drawtype": "0", 
                        "item": {
                            "host": "CORP Template App MySQL", 
                            "key": "hl.mysql.status[Bytes_sent]"
                        }, 
                        "sortorder": "1", 
                        "type": "0", 
                        "yaxisside": "0"
                    }
                ], 
                "height": "200", 
                "name": "MySQL Network Usage", 
                "percent_left": "0.0000", 
                "percent_right": "0.0000", 
                "show_3d": "0", 
                "show_legend": "1", 
                "show_triggers": "1", 
                "show_work_period": "1", 
                "type": "0", 
                "width": "900", 
                "yaxismax": "100.0000", 
                "yaxismin": "0.0000", 
                "ymax_item_1": "0", 
                "ymax_type_1": "0", 
                "ymin_item_1": "0", 
                "ymin_type_1": "0"
            }, 
            {
                "graph_items": [
                    {
                        "calc_fnc": "2", 
                        "color": "1A7C11", 
                        "drawtype": "0", 
                        "item": {
                            "host": "CORP Template App MySQL", 
                            "key": "proc.cpu.util[{$MYSQL_PROCESS_NAME}]"
                        }, 
                        "sortorder": "0", 
                        "type": "0", 
                        "yaxisside": "0"
                    }, 
                    {
                        "calc_fnc": "2", 
                        "color": "F63100", 
                        "drawtype": "0", 
                        "item": {
                            "host": "CORP Template App MySQL", 
                            "key": "proc.mem[{$MYSQL_PROCESS_NAME},,,,pmem]"
                        }, 
                        "sortorder": "1", 
                        "type": "0", 
                        "yaxisside": "0"
                    }
                ], 
                "height": "200", 
                "name": "MySQL Process Utilization", 
                "percent_left": "0.0000", 
                "percent_right": "0.0000", 
                "show_3d": "0", 
                "show_legend": "1", 
                "show_triggers": "1", 
                "show_work_period": "1", 
                "type": "0", 
                "width": "900", 
                "yaxismax": "100.0000", 
                "yaxismin": "0.0000", 
                "ymax_item_1": "0", 
                "ymax_type_1": "0", 
                "ymin_item_1": "0", 
                "ymin_type_1": "0"
            }, 
            {
                "graph_items": [
                    {
                        "calc_fnc": "2", 
                        "color": "1A7C11", 
                        "drawtype": "0", 
                        "item": {
                            "host": "CORP Template App MySQL", 
                            "key": "net.tcp.service.perf[tcp,,{$MYSQL_PORT}]"
                        }, 
                        "sortorder": "0", 
                        "type": "0", 
                        "yaxisside": "0"
                    }
                ], 
                "height": "200", 
                "name": "MySQL Response Time", 
                "percent_left": "0.0000", 
                "percent_right": "0.0000", 
                "show_3d": "0", 
                "show_legend": "1", 
                "show_triggers": "1", 
                "show_work_period": "1", 
                "type": "0", 
                "width": "900", 
                "yaxismax": "100.0000", 
                "yaxismin": "0.0000", 
                "ymax_item_1": "0", 
                "ymax_type_1": "0", 
                "ymin_item_1": "0", 
                "ymin_type_1": "0"
            }, 
            {
                "graph_items": [
                    {
                        "calc_fnc": "2", 
                        "color": "1A7C11", 
                        "drawtype": "0", 
                        "item": {
                            "host": "CORP Template App MySQL", 
                            "key": "vfs.dir.size[{$MYSQL_DIR}]"
                        }, 
                        "sortorder": "0", 
                        "type": "0", 
                        "yaxisside": "0"
                    }
                ], 
                "height": "200", 
                "name": "MySQL Storage Usage", 
                "percent_left": "0.0000", 
                "percent_right": "0.0000", 
                "show_3d": "0", 
                "show_legend": "1", 
                "show_triggers": "1", 
                "show_work_period": "1", 
                "type": "0", 
                "width": "900", 
                "yaxismax": "100.0000", 
                "yaxismin": "0.0000", 
                "ymax_item_1": "0", 
                "ymax_type_1": "0", 
                "ymin_item_1": "0", 
                "ymin_type_1": "0"
            }
        ], 
        "groups": [
            {
                "name": "CORP/Templates/Modules"
            }
        ], 
        "templates": [
            {
                "applications": [
                    {
                        "name": "MySQL"
                    }
                ], 
                "description": "", 
                "discovery_rules": [], 
                "groups": [
                    {
                        "name": "CORP/Templates/Modules"
                    }
                ], 
                "httptests": [], 
                "items": [
                    {
                        "allowed_hosts": "", 
                        "applications": [
                            {
                                "name": "MySQL"
                            }
                        ], 
                        "authtype": "0", 
                        "delay": "1m", 
                        "description": "", 
                        "history": "90d", 
                        "inventory_link": "0", 
                        "ipmi_sensor": "", 
                        "jmx_endpoint": "", 
                        "key": "hl.mysql.status", 
                        "logtimefmt": "", 
                        "master_item": [], 
                        "name": "MySQL Global Status", 
                        "params": "", 
                        "password": "", 
                        "port": "", 
                        "preprocessing": [], 
                        "privatekey": "", 
                        "publickey": "", 
                        "snmp_community": "", 
                        "snmp_oid": "", 
                        "snmpv3_authpassphrase": "", 
                        "snmpv3_authprotocol": "0", 
                        "snmpv3_contextname": "", 
                        "snmpv3_privpassphrase": "", 
                        "snmpv3_privprotocol": "0", 
                        "snmpv3_securitylevel": "0", 
                        "snmpv3_securityname": "", 
                        "status": "0", 
                        "trends": "0", 
                        "type": "7", 
                        "units": "", 
                        "username": "", 
                        "value_type": "4", 
                        "valuemap": []
                    }, 
                    {
                        "allowed_hosts": "", 
                        "applications": [
                            {
                                "name": "MySQL"
                            }
                        ], 
                        "authtype": "0", 
                        "delay": "0", 
                        "description": "", 
                        "history": "90d", 
                        "inventory_link": "0", 
                        "ipmi_sensor": "", 
                        "jmx_endpoint": "", 
                        "key": "hl.mysql.status[Bytes_recieved]", 
                        "logtimefmt": "", 
                        "master_item": {
                            "key": "hl.mysql.status"
                        }, 
                        "name": "MySQL Bytes Recieved", 
                        "params": "", 
                        "password": "", 
                        "port": "", 
                        "preprocessing": [
                            {
                                "params": "Bytes_received\\s+([0-9]+)\\n\n\\1", 
                                "type": "5"
                            }, 
                            {
                                "params": "", 
                                "type": "10"
                            }
                        ], 
                        "privatekey": "", 
                        "publickey": "", 
                        "snmp_community": "", 
                        "snmp_oid": "", 
                        "snmpv3_authpassphrase": "", 
                        "snmpv3_authprotocol": "0", 
                        "snmpv3_contextname": "", 
                        "snmpv3_privpassphrase": "", 
                        "snmpv3_privprotocol": "0", 
                        "snmpv3_securitylevel": "0", 
                        "snmpv3_securityname": "", 
                        "status": "0", 
                        "trends": "365d", 
                        "type": "18", 
                        "units": "Bps", 
                        "username": "", 
                        "value_type": "3", 
                        "valuemap": []
                    }, 
                    {
                        "allowed_hosts": "", 
                        "applications": [
                            {
                                "name": "MySQL"
                            }
                        ], 
                        "authtype": "0", 
                        "delay": "0", 
                        "description": "", 
                        "history": "90d", 
                        "inventory_link": "0", 
                        "ipmi_sensor": "", 
                        "jmx_endpoint": "", 
                        "key": "hl.mysql.status[Bytes_sent]", 
                        "logtimefmt": "", 
                        "master_item": {
                            "key": "hl.mysql.status"
                        }, 
                        "name": "MySQL Bytes Sent", 
                        "params": "", 
                        "password": "", 
                        "port": "", 
                        "preprocessing": [
                            {
                                "params": "Bytes_sent\\s+([0-9]+)\\n\n\\1", 
                                "type": "5"
                            }, 
                            {
                                "params": "", 
                                "type": "10"
                            }
                        ], 
                        "privatekey": "", 
                        "publickey": "", 
                        "snmp_community": "", 
                        "snmp_oid": "", 
                        "snmpv3_authpassphrase": "", 
                        "snmpv3_authprotocol": "0", 
                        "snmpv3_contextname": "", 
                        "snmpv3_privpassphrase": "", 
                        "snmpv3_privprotocol": "0", 
                        "snmpv3_securitylevel": "0", 
                        "snmpv3_securityname": "", 
                        "status": "0", 
                        "trends": "365d", 
                        "type": "18", 
                        "units": "Bps", 
                        "username": "", 
                        "value_type": "3", 
                        "valuemap": []
                    }, 
                    {
                        "allowed_hosts": "", 
                        "applications": [
                            {
                                "name": "MySQL"
                            }
                        ], 
                        "authtype": "0", 
                        "delay": "1m", 
                        "description": "", 
                        "history": "90d", 
                        "inventory_link": "0", 
                        "ipmi_sensor": "", 
                        "jmx_endpoint": "", 
                        "key": "hl.service.status[{$MYSQL_SERVICE_NAME}]", 
                        "logtimefmt": "", 
                        "master_item": [], 
                        "name": "MySQL Service Status", 
                        "params": "", 
                        "password": "", 
                        "port": "", 
                        "preprocessing": [], 
                        "privatekey": "", 
                        "publickey": "", 
                        "snmp_community": "", 
                        "snmp_oid": "", 
                        "snmpv3_authpassphrase": "", 
                        "snmpv3_authprotocol": "0", 
                        "snmpv3_contextname": "", 
                        "snmpv3_privpassphrase": "", 
                        "snmpv3_privprotocol": "0", 
                        "snmpv3_securitylevel": "0", 
                        "snmpv3_securityname": "", 
                        "status": "0", 
                        "trends": "365d", 
                        "type": "7", 
                        "units": "", 
                        "username": "", 
                        "value_type": "3", 
                        "valuemap": []
                    }, 
                    {
                        "allowed_hosts": "", 
                        "applications": [
                            {
                                "name": "MySQL"
                            }
                        ], 
                        "authtype": "0", 
                        "delay": "1m", 
                        "description": "", 
                        "history": "90d", 
                        "inventory_link": "0", 
                        "ipmi_sensor": "", 
                        "jmx_endpoint": "", 
                        "key": "net.tcp.listen[{$MYSQL_PORT}]", 
                        "logtimefmt": "", 
                        "master_item": [], 
                        "name": "MySQL TCP Port Listen", 
                        "params": "", 
                        "password": "", 
                        "port": "", 
                        "preprocessing": [], 
                        "privatekey": "", 
                        "publickey": "", 
                        "snmp_community": "", 
                        "snmp_oid": "", 
                        "snmpv3_authpassphrase": "", 
                        "snmpv3_authprotocol": "0", 
                        "snmpv3_contextname": "", 
                        "snmpv3_privpassphrase": "", 
                        "snmpv3_privprotocol": "0", 
                        "snmpv3_securitylevel": "0", 
                        "snmpv3_securityname": "", 
                        "status": "0", 
                        "trends": "365d", 
                        "type": "7", 
                        "units": "", 
                        "username": "", 
                        "value_type": "3", 
                        "valuemap": []
                    }, 
                    {
                        "allowed_hosts": "", 
                        "applications": [
                            {
                                "name": "MySQL"
                            }
                        ], 
                        "authtype": "0", 
                        "delay": "1m", 
                        "description": "", 
                        "history": "90d", 
                        "inventory_link": "0", 
                        "ipmi_sensor": "", 
                        "jmx_endpoint": "", 
                        "key": "net.tcp.service.perf[tcp,,{$MYSQL_PORT}]", 
                        "logtimefmt": "", 
                        "master_item": [], 
                        "name": "MySQL TCP Service Response Time", 
                        "params": "", 
                        "password": "", 
                        "port": "", 
                        "preprocessing": [], 
                        "privatekey": "", 
                        "publickey": "", 
                        "snmp_community": "", 
                        "snmp_oid": "", 
                        "snmpv3_authpassphrase": "", 
                        "snmpv3_authprotocol": "0", 
                        "snmpv3_contextname": "", 
                        "snmpv3_privpassphrase": "", 
                        "snmpv3_privprotocol": "0", 
                        "snmpv3_securitylevel": "0", 
                        "snmpv3_securityname": "", 
                        "status": "0", 
                        "trends": "365d", 
                        "type": "3", 
                        "units": "s", 
                        "username": "", 
                        "value_type": "0", 
                        "valuemap": []
                    }, 
                    {
                        "allowed_hosts": "", 
                        "applications": [
                            {
                                "name": "MySQL"
                            }
                        ], 
                        "authtype": "0", 
                        "delay": "1m", 
                        "description": "", 
                        "history": "90d", 
                        "inventory_link": "0", 
                        "ipmi_sensor": "", 
                        "jmx_endpoint": "", 
                        "key": "proc.cpu.util[{$MYSQL_PROCESS_NAME}]", 
                        "logtimefmt": "", 
                        "master_item": [], 
                        "name": "MySQL Process CPU Utilization", 
                        "params": "", 
                        "password": "", 
                        "port": "", 
                        "preprocessing": [], 
                        "privatekey": "", 
                        "publickey": "", 
                        "snmp_community": "", 
                        "snmp_oid": "", 
                        "snmpv3_authpassphrase": "", 
                        "snmpv3_authprotocol": "0", 
                        "snmpv3_contextname": "", 
                        "snmpv3_privpassphrase": "", 
                        "snmpv3_privprotocol": "0", 
                        "snmpv3_securitylevel": "0", 
                        "snmpv3_securityname": "", 
                        "status": "0", 
                        "trends": "365d", 
                        "type": "7", 
                        "units": "%", 
                        "username": "", 
                        "value_type": "0", 
                        "valuemap": []
                    }, 
                    {
                        "allowed_hosts": "", 
                        "applications": [
                            {
                                "name": "MySQL"
                            }
                        ], 
                        "authtype": "0", 
                        "delay": "1m", 
                        "description": "", 
                        "history": "90d", 
                        "inventory_link": "0", 
                        "ipmi_sensor": "", 
                        "jmx_endpoint": "", 
                        "key": "proc.mem[{$MYSQL_PROCESS_NAME},,,,pmem]", 
                        "logtimefmt": "", 
                        "master_item": [], 
                        "name": "MySQL Process Memory Utilization", 
                        "params": "", 
                        "password": "", 
                        "port": "", 
                        "preprocessing": [], 
                        "privatekey": "", 
                        "publickey": "", 
                        "snmp_community": "", 
                        "snmp_oid": "", 
                        "snmpv3_authpassphrase": "", 
                        "snmpv3_authprotocol": "0", 
                        "snmpv3_contextname": "", 
                        "snmpv3_privpassphrase": "", 
                        "snmpv3_privprotocol": "0", 
                        "snmpv3_securitylevel": "0", 
                        "snmpv3_securityname": "", 
                        "status": "0", 
                        "trends": "365d", 
                        "type": "7", 
                        "units": "%", 
                        "username": "", 
                        "value_type": "0", 
                        "valuemap": []
                    }, 
                    {
                        "allowed_hosts": "", 
                        "applications": [
                            {
                                "name": "MySQL"
                            }
                        ], 
                        "authtype": "0", 
                        "delay": "1m", 
                        "description": "", 
                        "history": "90d", 
                        "inventory_link": "0", 
                        "ipmi_sensor": "", 
                        "jmx_endpoint": "", 
                        "key": "proc.mem[{$MYSQL_PROCESS_NAME},,,,rss]", 
                        "logtimefmt": "", 
                        "master_item": [], 
                        "name": "MySQL Process Memory Usage", 
                        "params": "", 
                        "password": "", 
                        "port": "", 
                        "preprocessing": [], 
                        "privatekey": "", 
                        "publickey": "", 
                        "snmp_community": "", 
                        "snmp_oid": "", 
                        "snmpv3_authpassphrase": "", 
                        "snmpv3_authprotocol": "0", 
                        "snmpv3_contextname": "", 
                        "snmpv3_privpassphrase": "", 
                        "snmpv3_privprotocol": "0", 
                        "snmpv3_securitylevel": "0", 
                        "snmpv3_securityname": "", 
                        "status": "0", 
                        "trends": "365d", 
                        "type": "7", 
                        "units": "B", 
                        "username": "", 
                        "value_type": "3", 
                        "valuemap": []
                    }, 
                    {
                        "allowed_hosts": "", 
                        "applications": [
                            {
                                "name": "MySQL"
                            }
                        ], 
                        "authtype": "0", 
                        "delay": "1m", 
                        "description": "", 
                        "history": "90d", 
                        "inventory_link": "0", 
                        "ipmi_sensor": "", 
                        "jmx_endpoint": "", 
                        "key": "proc.mem[{$MYSQL_PROCESS_NAME},,,,swap]", 
                        "logtimefmt": "", 
                        "master_item": [], 
                        "name": "MySQL Process Swap Usage", 
                        "params": "", 
                        "password": "", 
                        "port": "", 
                        "preprocessing": [], 
                        "privatekey": "", 
                        "publickey": "", 
                        "snmp_community": "", 
                        "snmp_oid": "", 
                        "snmpv3_authpassphrase": "", 
                        "snmpv3_authprotocol": "0", 
                        "snmpv3_contextname": "", 
                        "snmpv3_privpassphrase": "", 
                        "snmpv3_privprotocol": "0", 
                        "snmpv3_securitylevel": "0", 
                        "snmpv3_securityname": "", 
                        "status": "0", 
                        "trends": "365d", 
                        "type": "7", 
                        "units": "B", 
                        "username": "", 
                        "value_type": "3", 
                        "valuemap": []
                    }, 
                    {
                        "allowed_hosts": "", 
                        "applications": [
                            {
                                "name": "MySQL"
                            }
                        ], 
                        "authtype": "0", 
                        "delay": "1m", 
                        "description": "", 
                        "history": "90d", 
                        "inventory_link": "0", 
                        "ipmi_sensor": "", 
                        "jmx_endpoint": "", 
                        "key": "proc.num[{$MYSQL_PROCESS_NAME}]", 
                        "logtimefmt": "", 
                        "master_item": [], 
                        "name": "MySQL Processes", 
                        "params": "", 
                        "password": "", 
                        "port": "", 
                        "preprocessing": [], 
                        "privatekey": "", 
                        "publickey": "", 
                        "snmp_community": "", 
                        "snmp_oid": "", 
                        "snmpv3_authpassphrase": "", 
                        "snmpv3_authprotocol": "0", 
                        "snmpv3_contextname": "", 
                        "snmpv3_privpassphrase": "", 
                        "snmpv3_privprotocol": "0", 
                        "snmpv3_securitylevel": "0", 
                        "snmpv3_securityname": "", 
                        "status": "0", 
                        "trends": "365d", 
                        "type": "7", 
                        "units": "", 
                        "username": "", 
                        "value_type": "3", 
                        "valuemap": []
                    }, 
                    {
                        "allowed_hosts": "", 
                        "applications": [
                            {
                                "name": "MySQL"
                            }
                        ], 
                        "authtype": "0", 
                        "delay": "1m", 
                        "description": "", 
                        "history": "90d", 
                        "inventory_link": "0", 
                        "ipmi_sensor": "", 
                        "jmx_endpoint": "", 
                        "key": "vfs.dir.size[{$MYSQL_DIR}]", 
                        "logtimefmt": "", 
                        "master_item": [], 
                        "name": "MySQL Directory Size", 
                        "params": "", 
                        "password": "", 
                        "port": "", 
                        "preprocessing": [], 
                        "privatekey": "", 
                        "publickey": "", 
                        "snmp_community": "", 
                        "snmp_oid": "", 
                        "snmpv3_authpassphrase": "", 
                        "snmpv3_authprotocol": "0", 
                        "snmpv3_contextname": "", 
                        "snmpv3_privpassphrase": "", 
                        "snmpv3_privprotocol": "0", 
                        "snmpv3_securitylevel": "0", 
                        "snmpv3_securityname": "", 
                        "status": "0", 
                        "trends": "365d", 
                        "type": "7", 
                        "units": "B", 
                        "username": "", 
                        "value_type": "3", 
                        "valuemap": []
                    }
                ], 
                "macros": [
                    {
                        "macro": "{$MYSQL_DIR}", 
                        "value": "/var/lib/mysql"
                    }, 
                    {
                        "macro": "{$MYSQL_PORT}", 
                        "value": "3306"
                    }, 
                    {
                        "macro": "{$MYSQL_PROCESS_NAME}", 
                        "value": "mysqld"
                    }, 
                    {
                        "macro": "{$MYSQL_SERVICE_NAME}", 
                        "value": "mysqld.service"
                    }
                ], 
                "name": "CORP Template App MySQL", 
                "screens": [
                    {
                        "hsize": "2", 
                        "name": "MySQL Health", 
                        "screen_items": [
                            {
                                "application": "", 
                                "colspan": "1", 
                                "dynamic": "0", 
                                "elements": "0", 
                                "halign": "0", 
                                "height": "100", 
                                "max_columns": "3", 
                                "resource": {
                                    "host": "CORP Template App MySQL", 
                                    "name": "MySQL Process Utilization"
                                }, 
                                "resourcetype": "0", 
                                "rowspan": "1", 
                                "sort_triggers": "0", 
                                "style": "0", 
                                "url": "", 
                                "valign": "0", 
                                "width": "500", 
                                "x": "0", 
                                "y": "0"
                            }, 
                            {
                                "application": "", 
                                "colspan": "1", 
                                "dynamic": "0", 
                                "elements": "0", 
                                "halign": "0", 
                                "height": "100", 
                                "max_columns": "3", 
                                "resource": {
                                    "host": "CORP Template App MySQL", 
                                    "name": "MySQL Memory/Swap Usage"
                                }, 
                                "resourcetype": "0", 
                                "rowspan": "1", 
                                "sort_triggers": "0", 
                                "style": "0", 
                                "url": "", 
                                "valign": "0", 
                                "width": "500", 
                                "x": "1", 
                                "y": "0"
                            }, 
                            {
                                "application": "", 
                                "colspan": "1", 
                                "dynamic": "0", 
                                "elements": "0", 
                                "halign": "0", 
                                "height": "100", 
                                "max_columns": "3", 
                                "resource": {
                                    "host": "CORP Template App MySQL", 
                                    "name": "MySQL Response Time"
                                }, 
                                "resourcetype": "0", 
                                "rowspan": "1", 
                                "sort_triggers": "0", 
                                "style": "0", 
                                "url": "", 
                                "valign": "0", 
                                "width": "500", 
                                "x": "0", 
                                "y": "1"
                            }, 
                            {
                                "application": "", 
                                "colspan": "1", 
                                "dynamic": "0", 
                                "elements": "0", 
                                "halign": "0", 
                                "height": "100", 
                                "max_columns": "3", 
                                "resource": {
                                    "host": "CORP Template App MySQL", 
                                    "name": "MySQL Network Usage"
                                }, 
                                "resourcetype": "0", 
                                "rowspan": "1", 
                                "sort_triggers": "0", 
                                "style": "0", 
                                "url": "", 
                                "valign": "0", 
                                "width": "500", 
                                "x": "1", 
                                "y": "1"
                            }, 
                            {
                                "application": "", 
                                "colspan": "1", 
                                "dynamic": "0", 
                                "elements": "0", 
                                "halign": "0", 
                                "height": "100", 
                                "max_columns": "3", 
                                "resource": {
                                    "host": "CORP Template App MySQL", 
                                    "name": "MySQL Storage Usage"
                                }, 
                                "resourcetype": "0", 
                                "rowspan": "1", 
                                "sort_triggers": "0", 
                                "style": "0", 
                                "url": "", 
                                "valign": "0", 
                                "width": "500", 
                                "x": "0", 
                                "y": "2"
                            }
                        ], 
                        "vsize": "3"
                    }
                ], 
                "template": "CORP Template App MySQL", 
                "templates": [
                    {
                        "name": "CORP Template OS Linux"
                    }
                ]
            }
        ], 
        "triggers": [
            {
                "correlation_mode": "0", 
                "correlation_tag": "", 
                "dependencies": [
                    {
                        "expression": "{CORP Template App MySQL:net.tcp.listen[{$MYSQL_PORT}].count(5m,0,eq)}>3", 
                        "name": "MySQL not listening on port {$MYSQL_PORT}", 
                        "recovery_expression": ""
                    }
                ], 
                "description": "", 
                "expression": "{CORP Template App MySQL:net.tcp.service.perf[tcp,,{$MYSQL_PORT}].count(5m,0.000000,eq)}>3", 
                "manual_close": "0", 
                "name": "MySQL not accepting connections on port {$MYSQL_PORT}", 
                "priority": "3", 
                "recovery_expression": "", 
                "recovery_mode": "0", 
                "status": "0", 
                "tags": [], 
                "type": "0", 
                "url": ""
            }, 
            {
                "correlation_mode": "0", 
                "correlation_tag": "", 
                "dependencies": [
                    {
                        "expression": "{CORP Template App MySQL:proc.num[{$MYSQL_PROCESS_NAME}].count(5m,0,eq)}>3", 
                        "name": "No MySQL Processes running", 
                        "recovery_expression": ""
                    }
                ], 
                "description": "", 
                "expression": "{CORP Template App MySQL:net.tcp.listen[{$MYSQL_PORT}].count(5m,0,eq)}>3", 
                "manual_close": "0", 
                "name": "MySQL not listening on port {$MYSQL_PORT}", 
                "priority": "3", 
                "recovery_expression": "", 
                "recovery_mode": "0", 
                "status": "0", 
                "tags": [], 
                "type": "0", 
                "url": ""
            }, 
            {
                "correlation_mode": "0", 
                "correlation_tag": "", 
                "dependencies": [], 
                "description": "", 
                "expression": "{CORP Template App MySQL:hl.service.status[{$MYSQL_SERVICE_NAME}].count(5m,0,gt)}>3", 
                "manual_close": "0", 
                "name": "MySQL Service not running", 
                "priority": "3", 
                "recovery_expression": "", 
                "recovery_mode": "0", 
                "status": "0", 
                "tags": [], 
                "type": "0", 
                "url": ""
            }, 
            {
                "correlation_mode": "0", 
                "correlation_tag": "", 
                "dependencies": [
                    {
                        "expression": "{CORP Template App MySQL:hl.service.status[{$MYSQL_SERVICE_NAME}].count(5m,0,gt)}>3", 
                        "name": "MySQL Service not running", 
                        "recovery_expression": ""
                    }
                ], 
                "description": "", 
                "expression": "{CORP Template App MySQL:proc.num[{$MYSQL_PROCESS_NAME}].count(5m,0,eq)}>3", 
                "manual_close": "0", 
                "name": "No MySQL Processes running", 
                "priority": "3", 
                "recovery_expression": "", 
                "recovery_mode": "0", 
                "status": "0", 
                "tags": [], 
                "type": "0", 
                "url": ""
            }
        ], 
        "version": "3.4"
    }
}