{
    "zabbix_export": {
        "graphs": [
            {
                "graph_items": [
                    {
                        "calc_fnc": "2", 
                        "color": "F63100", 
                        "drawtype": "0", 
                        "item": {
                            "host": "CORP Template OS Linux", 
                            "key": "system.cpu.util[,iowait]"
                        }, 
                        "sortorder": "0", 
                        "type": "0", 
                        "yaxisside": "0"
                    }, 
                    {
                        "calc_fnc": "2", 
                        "color": "2774A4", 
                        "drawtype": "0", 
                        "item": {
                            "host": "CORP Template OS Linux", 
                            "key": "system.cpu.util[,nice]"
                        }, 
                        "sortorder": "1", 
                        "type": "0", 
                        "yaxisside": "0"
                    }, 
                    {
                        "calc_fnc": "2", 
                        "color": "A54F10", 
                        "drawtype": "0", 
                        "item": {
                            "host": "CORP Template OS Linux", 
                            "key": "system.cpu.util[,system]"
                        }, 
                        "sortorder": "2", 
                        "type": "0", 
                        "yaxisside": "0"
                    }, 
                    {
                        "calc_fnc": "2", 
                        "color": "FC6EA3", 
                        "drawtype": "0", 
                        "item": {
                            "host": "CORP Template OS Linux", 
                            "key": "system.cpu.util[,user]"
                        }, 
                        "sortorder": "3", 
                        "type": "0", 
                        "yaxisside": "0"
                    }, 
                    {
                        "calc_fnc": "2", 
                        "color": "00CC00", 
                        "drawtype": "0", 
                        "item": {
                            "host": "CORP Template OS Linux", 
                            "key": "system.cpu.util[,idle]"
                        }, 
                        "sortorder": "4", 
                        "type": "0", 
                        "yaxisside": "0"
                    }
                ], 
                "height": "200", 
                "name": "CPU Utilization", 
                "percent_left": "0.0000", 
                "percent_right": "0.0000", 
                "show_3d": "0", 
                "show_legend": "1", 
                "show_triggers": "1", 
                "show_work_period": "1", 
                "type": "1", 
                "width": "900", 
                "yaxismax": "100.0000", 
                "yaxismin": "0.0000", 
                "ymax_item_1": "0", 
                "ymax_type_1": "1", 
                "ymin_item_1": "0", 
                "ymin_type_1": "0"
            }
        ], 
        "groups": [
            {
                "name": "CORP/Templates/Operating Systems"
            }
        ], 
        "templates": [
            {
                "applications": [], 
                "description": "", 
                "discovery_rules": [], 
                "groups": [
                    {
                        "name": "CORP/Templates/Operating Systems"
                    }
                ], 
                "httptests": [], 
                "items": [
                    {
                        "allowed_hosts": "", 
                        "applications": [
                            {
                                "name": "General"
                            }
                        ], 
                        "authtype": "0", 
                        "delay": "1h", 
                        "description": "", 
                        "history": "90d", 
                        "inventory_link": "0", 
                        "ipmi_sensor": "", 
                        "jmx_endpoint": "", 
                        "key": "system.sw.packages[,,short]", 
                        "logtimefmt": "", 
                        "master_item": [], 
                        "name": "Installed software", 
                        "params": "", 
                        "password": "", 
                        "port": "", 
                        "preprocessing": [], 
                        "privatekey": "", 
                        "publickey": "", 
                        "snmp_community": "", 
                        "snmp_oid": "", 
                        "snmpv3_authpassphrase": "", 
                        "snmpv3_authprotocol": "0", 
                        "snmpv3_contextname": "", 
                        "snmpv3_privpassphrase": "", 
                        "snmpv3_privprotocol": "0", 
                        "snmpv3_securitylevel": "0", 
                        "snmpv3_securityname": "", 
                        "status": "0", 
                        "trends": "0", 
                        "type": "7", 
                        "units": "", 
                        "username": "", 
                        "value_type": "4", 
                        "valuemap": []
                    }, 
                    {
                        "allowed_hosts": "", 
                        "applications": [
                            {
                                "name": "General"
                            }
                        ], 
                        "authtype": "0", 
                        "delay": "1d", 
                        "description": "", 
                        "history": "90d", 
                        "inventory_link": "0", 
                        "ipmi_sensor": "", 
                        "jmx_endpoint": "", 
                        "key": "vfs.file.contents[/etc/tuned/active_profile,<encoding>]", 
                        "logtimefmt": "", 
                        "master_item": [], 
                        "name": "Active TuneD Profile", 
                        "params": "", 
                        "password": "", 
                        "port": "", 
                        "preprocessing": [], 
                        "privatekey": "", 
                        "publickey": "", 
                        "snmp_community": "", 
                        "snmp_oid": "", 
                        "snmpv3_authpassphrase": "", 
                        "snmpv3_authprotocol": "0", 
                        "snmpv3_contextname": "", 
                        "snmpv3_privpassphrase": "", 
                        "snmpv3_privprotocol": "0", 
                        "snmpv3_securitylevel": "0", 
                        "snmpv3_securityname": "", 
                        "status": "0", 
                        "trends": "0", 
                        "type": "7", 
                        "units": "", 
                        "username": "", 
                        "value_type": "1", 
                        "valuemap": []
                    }, 
                    {
                        "allowed_hosts": "", 
                        "applications": [
                            {
                                "name": "General"
                            }
                        ], 
                        "authtype": "0", 
                        "delay": "1h", 
                        "description": "", 
                        "history": "90d", 
                        "inventory_link": "9", 
                        "ipmi_sensor": "", 
                        "jmx_endpoint": "", 
                        "key": "vfs.file.contents[/sys/devices/virtual/dmi/id/product_uuid]", 
                        "logtimefmt": "", 
                        "master_item": [], 
                        "name": "Product UUID", 
                        "params": "", 
                        "password": "", 
                        "port": "", 
                        "preprocessing": [], 
                        "privatekey": "", 
                        "publickey": "", 
                        "snmp_community": "", 
                        "snmp_oid": "", 
                        "snmpv3_authpassphrase": "", 
                        "snmpv3_authprotocol": "0", 
                        "snmpv3_contextname": "", 
                        "snmpv3_privpassphrase": "", 
                        "snmpv3_privprotocol": "0", 
                        "snmpv3_securitylevel": "0", 
                        "snmpv3_securityname": "", 
                        "status": "0", 
                        "trends": "0", 
                        "type": "7", 
                        "units": "", 
                        "username": "", 
                        "value_type": "1", 
                        "valuemap": []
                    }
                ], 
                "macros": [], 
                "name": "CORP Template OS Linux", 
                "screens": [
                    {
                        "hsize": "2", 
                        "name": "Host Health", 
                        "screen_items": [
                            {
                                "application": "", 
                                "colspan": "1", 
                                "dynamic": "0", 
                                "elements": "0", 
                                "halign": "0", 
                                "height": "100", 
                                "max_columns": "3", 
                                "resource": {
                                    "host": "CORP Template OS Linux", 
                                    "name": "CPU Utilization"
                                }, 
                                "resourcetype": "0", 
                                "rowspan": "1", 
                                "sort_triggers": "0", 
                                "style": "0", 
                                "url": "", 
                                "valign": "0", 
                                "width": "500", 
                                "x": "0", 
                                "y": "0"
                            }, 
                            {
                                "application": "", 
                                "colspan": "1", 
                                "dynamic": "0", 
                                "elements": "0", 
                                "halign": "0", 
                                "height": "100", 
                                "max_columns": "3", 
                                "resource": {
                                    "host": "CORP Template OS Linux", 
                                    "name": "CPU load"
                                }, 
                                "resourcetype": "0", 
                                "rowspan": "1", 
                                "sort_triggers": "0", 
                                "style": "0", 
                                "url": "", 
                                "valign": "0", 
                                "width": "500", 
                                "x": "1", 
                                "y": "0"
                            }, 
                            {
                                "application": "", 
                                "colspan": "1", 
                                "dynamic": "0", 
                                "elements": "0", 
                                "halign": "0", 
                                "height": "100", 
                                "max_columns": "3", 
                                "resource": {
                                    "host": "CORP Template OS Linux", 
                                    "name": "Memory usage"
                                }, 
                                "resourcetype": "0", 
                                "rowspan": "1", 
                                "sort_triggers": "0", 
                                "style": "0", 
                                "url": "", 
                                "valign": "0", 
                                "width": "500", 
                                "x": "0", 
                                "y": "1"
                            }, 
                            {
                                "application": "", 
                                "colspan": "1", 
                                "dynamic": "0", 
                                "elements": "0", 
                                "halign": "0", 
                                "height": "100", 
                                "max_columns": "3", 
                                "resource": {
                                    "host": "CORP Template OS Linux", 
                                    "name": "ICMP Stats"
                                }, 
                                "resourcetype": "0", 
                                "rowspan": "1", 
                                "sort_triggers": "0", 
                                "style": "0", 
                                "url": "", 
                                "valign": "0", 
                                "width": "500", 
                                "x": "1", 
                                "y": "1"
                            }, 
                            {
                                "application": "", 
                                "colspan": "1", 
                                "dynamic": "0", 
                                "elements": "0", 
                                "halign": "0", 
                                "height": "100", 
                                "max_columns": "3", 
                                "resource": {
                                    "host": "CORP Template OS Linux", 
                                    "name": "CPU jumps"
                                }, 
                                "resourcetype": "0", 
                                "rowspan": "1", 
                                "sort_triggers": "0", 
                                "style": "0", 
                                "url": "", 
                                "valign": "0", 
                                "width": "500", 
                                "x": "0", 
                                "y": "2"
                            }
                        ], 
                        "vsize": "4"
                    }
                ], 
                "template": "CORP Template OS Linux", 
                "templates": [
                    {
                        "name": "CORP Template Katello Agent"
                    }, 
                    {
                        "name": "CORP Template Module SSSD"
                    }, 
                    {
                        "name": "CORP Template OS Unix"
                    }
                ]
            }
        ], 
        "version": "3.4"
    }
}