{
    "zabbix_export": {
        "groups": [
            {
                "name": "CORP/Templates/Cloud"
            }
        ], 
        "templates": [
            {
                "applications": [
                    {
                        "name": "S3"
                    }
                ], 
                "description": "", 
                "discovery_rules": [], 
                "groups": [
                    {
                        "name": "CORP/Templates/Cloud"
                    }
                ], 
                "httptests": [], 
                "items": [
                    {
                        "allowed_hosts": "", 
                        "applications": [
                            {
                                "name": "S3"
                            }
                        ], 
                        "authtype": "0", 
                        "delay": "10m", 
                        "description": "", 
                        "history": "90d", 
                        "inventory_link": "0", 
                        "ipmi_sensor": "", 
                        "jmx_endpoint": "", 
                        "key": "cloudwatch.metric[600,BucketSizeBytes,AWS/S3,Average,{$REGION},\"BucketName={HOST.HOST},StorageType=StandardStorage\",{$ACCOUNT}]", 
                        "logtimefmt": "", 
                        "master_item": [], 
                        "name": "Bucket Size", 
                        "params": "", 
                        "password": "", 
                        "port": "", 
                        "preprocessing": [], 
                        "privatekey": "", 
                        "publickey": "", 
                        "snmp_community": "", 
                        "snmp_oid": "", 
                        "snmpv3_authpassphrase": "", 
                        "snmpv3_authprotocol": "0", 
                        "snmpv3_contextname": "", 
                        "snmpv3_privpassphrase": "", 
                        "snmpv3_privprotocol": "0", 
                        "snmpv3_securitylevel": "0", 
                        "snmpv3_securityname": "", 
                        "status": "0", 
                        "trends": "365d", 
                        "type": "10", 
                        "units": "Bytes", 
                        "username": "", 
                        "value_type": "3", 
                        "valuemap": []
                    }, 
                    {
                        "allowed_hosts": "", 
                        "applications": [
                            {
                                "name": "S3"
                            }
                        ], 
                        "authtype": "0", 
                        "delay": "10m", 
                        "description": "", 
                        "history": "90d", 
                        "inventory_link": "0", 
                        "ipmi_sensor": "", 
                        "jmx_endpoint": "", 
                        "key": "cloudwatch.metric[600,NumberOfObjects,AWS/S3,Average,{$REGION},\"BucketName={HOST.HOST},StorageType=AllStorageTypes\",{$ACCOUNT}]", 
                        "logtimefmt": "", 
                        "master_item": [], 
                        "name": "Number Of Objects", 
                        "params": "", 
                        "password": "", 
                        "port": "", 
                        "preprocessing": [], 
                        "privatekey": "", 
                        "publickey": "", 
                        "snmp_community": "", 
                        "snmp_oid": "", 
                        "snmpv3_authpassphrase": "", 
                        "snmpv3_authprotocol": "0", 
                        "snmpv3_contextname": "", 
                        "snmpv3_privpassphrase": "", 
                        "snmpv3_privprotocol": "0", 
                        "snmpv3_securitylevel": "0", 
                        "snmpv3_securityname": "", 
                        "status": "0", 
                        "trends": "365d", 
                        "type": "10", 
                        "units": "Objects", 
                        "username": "", 
                        "value_type": "3", 
                        "valuemap": []
                    }
                ], 
                "macros": [], 
                "name": "CORP Template AWS S3 Bucket", 
                "screens": [], 
                "template": "CORP Template AWS S3 Bucket", 
                "templates": []
            }
        ], 
        "version": "3.4"
    }
}