{
    "zabbix_export": {
        "groups": [
            {
                "name": "CORP/Templates/Modules"
            }
        ], 
        "templates": [
            {
                "applications": [
                    {
                        "name": "SSH Service"
                    }
                ], 
                "description": "", 
                "discovery_rules": [], 
                "groups": [
                    {
                        "name": "CORP/Templates/Modules"
                    }
                ], 
                "httptests": [], 
                "items": [
                    {
                        "allowed_hosts": "", 
                        "applications": [
                            {
                                "name": "SSH Service"
                            }
                        ], 
                        "authtype": "0", 
                        "delay": "1m", 
                        "description": "", 
                        "history": "90d", 
                        "inventory_link": "0", 
                        "ipmi_sensor": "", 
                        "jmx_endpoint": "", 
                        "key": "hl.service.status[sshd]", 
                        "logtimefmt": "", 
                        "master_item": [], 
                        "name": "SSHD Service status", 
                        "params": "", 
                        "password": "", 
                        "port": "", 
                        "preprocessing": [], 
                        "privatekey": "", 
                        "publickey": "", 
                        "snmp_community": "", 
                        "snmp_oid": "", 
                        "snmpv3_authpassphrase": "", 
                        "snmpv3_authprotocol": "0", 
                        "snmpv3_contextname": "", 
                        "snmpv3_privpassphrase": "", 
                        "snmpv3_privprotocol": "0", 
                        "snmpv3_securitylevel": "0", 
                        "snmpv3_securityname": "", 
                        "status": "0", 
                        "trends": "365d", 
                        "type": "7", 
                        "units": "", 
                        "username": "", 
                        "value_type": "3", 
                        "valuemap": []
                    }, 
                    {
                        "allowed_hosts": "", 
                        "applications": [
                            {
                                "name": "SSH Service"
                            }
                        ], 
                        "authtype": "0", 
                        "delay": "{$SSH_INTERVAL}", 
                        "description": "", 
                        "history": "7d", 
                        "inventory_link": "0", 
                        "ipmi_sensor": "", 
                        "jmx_endpoint": "", 
                        "key": "net.tcp.service.perf[ssh]", 
                        "logtimefmt": "", 
                        "master_item": [], 
                        "name": "SSH Port response time", 
                        "params": "", 
                        "password": "", 
                        "port": "", 
                        "preprocessing": [], 
                        "privatekey": "", 
                        "publickey": "", 
                        "snmp_community": "", 
                        "snmp_oid": "", 
                        "snmpv3_authpassphrase": "", 
                        "snmpv3_authprotocol": "0", 
                        "snmpv3_contextname": "", 
                        "snmpv3_privpassphrase": "", 
                        "snmpv3_privprotocol": "0", 
                        "snmpv3_securitylevel": "0", 
                        "snmpv3_securityname": "", 
                        "status": "0", 
                        "trends": "365d", 
                        "type": "3", 
                        "units": "s", 
                        "username": "", 
                        "value_type": "0", 
                        "valuemap": {
                            "name": "Service state"
                        }
                    }, 
                    {
                        "allowed_hosts": "", 
                        "applications": [
                            {
                                "name": "SSH Service"
                            }
                        ], 
                        "authtype": "0", 
                        "delay": "1m", 
                        "description": "", 
                        "history": "90d", 
                        "inventory_link": "0", 
                        "ipmi_sensor": "", 
                        "jmx_endpoint": "", 
                        "key": "proc.cpu.util[sshd]", 
                        "logtimefmt": "", 
                        "master_item": [], 
                        "name": "SSHD Process CPU Utilization", 
                        "params": "", 
                        "password": "", 
                        "port": "", 
                        "preprocessing": [], 
                        "privatekey": "", 
                        "publickey": "", 
                        "snmp_community": "", 
                        "snmp_oid": "", 
                        "snmpv3_authpassphrase": "", 
                        "snmpv3_authprotocol": "0", 
                        "snmpv3_contextname": "", 
                        "snmpv3_privpassphrase": "", 
                        "snmpv3_privprotocol": "0", 
                        "snmpv3_securitylevel": "0", 
                        "snmpv3_securityname": "", 
                        "status": "0", 
                        "trends": "365d", 
                        "type": "7", 
                        "units": "%", 
                        "username": "", 
                        "value_type": "0", 
                        "valuemap": []
                    }, 
                    {
                        "allowed_hosts": "", 
                        "applications": [
                            {
                                "name": "SSH Service"
                            }
                        ], 
                        "authtype": "0", 
                        "delay": "1m", 
                        "description": "", 
                        "history": "90d", 
                        "inventory_link": "0", 
                        "ipmi_sensor": "", 
                        "jmx_endpoint": "", 
                        "key": "proc.mem[sshd,,,,pmem]", 
                        "logtimefmt": "", 
                        "master_item": [], 
                        "name": "SSHD Process Memory Utilization", 
                        "params": "", 
                        "password": "", 
                        "port": "", 
                        "preprocessing": [], 
                        "privatekey": "", 
                        "publickey": "", 
                        "snmp_community": "", 
                        "snmp_oid": "", 
                        "snmpv3_authpassphrase": "", 
                        "snmpv3_authprotocol": "0", 
                        "snmpv3_contextname": "", 
                        "snmpv3_privpassphrase": "", 
                        "snmpv3_privprotocol": "0", 
                        "snmpv3_securitylevel": "0", 
                        "snmpv3_securityname": "", 
                        "status": "0", 
                        "trends": "365d", 
                        "type": "7", 
                        "units": "%", 
                        "username": "", 
                        "value_type": "0", 
                        "valuemap": []
                    }, 
                    {
                        "allowed_hosts": "", 
                        "applications": [
                            {
                                "name": "SSH Service"
                            }
                        ], 
                        "authtype": "0", 
                        "delay": "1m", 
                        "description": "", 
                        "history": "90d", 
                        "inventory_link": "0", 
                        "ipmi_sensor": "", 
                        "jmx_endpoint": "", 
                        "key": "proc.mem[sshd,,,,rss]", 
                        "logtimefmt": "", 
                        "master_item": [], 
                        "name": "SSHD Process Memory Usage", 
                        "params": "", 
                        "password": "", 
                        "port": "", 
                        "preprocessing": [], 
                        "privatekey": "", 
                        "publickey": "", 
                        "snmp_community": "", 
                        "snmp_oid": "", 
                        "snmpv3_authpassphrase": "", 
                        "snmpv3_authprotocol": "0", 
                        "snmpv3_contextname": "", 
                        "snmpv3_privpassphrase": "", 
                        "snmpv3_privprotocol": "0", 
                        "snmpv3_securitylevel": "0", 
                        "snmpv3_securityname": "", 
                        "status": "0", 
                        "trends": "365d", 
                        "type": "7", 
                        "units": "B", 
                        "username": "", 
                        "value_type": "3", 
                        "valuemap": []
                    }, 
                    {
                        "allowed_hosts": "", 
                        "applications": [
                            {
                                "name": "SSH Service"
                            }
                        ], 
                        "authtype": "0", 
                        "delay": "1m", 
                        "description": "", 
                        "history": "90d", 
                        "inventory_link": "0", 
                        "ipmi_sensor": "", 
                        "jmx_endpoint": "", 
                        "key": "proc.num[sshd]", 
                        "logtimefmt": "", 
                        "master_item": [], 
                        "name": "SSHD Processes", 
                        "params": "", 
                        "password": "", 
                        "port": "", 
                        "preprocessing": [], 
                        "privatekey": "", 
                        "publickey": "", 
                        "snmp_community": "", 
                        "snmp_oid": "", 
                        "snmpv3_authpassphrase": "", 
                        "snmpv3_authprotocol": "0", 
                        "snmpv3_contextname": "", 
                        "snmpv3_privpassphrase": "", 
                        "snmpv3_privprotocol": "0", 
                        "snmpv3_securitylevel": "0", 
                        "snmpv3_securityname": "", 
                        "status": "0", 
                        "trends": "365d", 
                        "type": "7", 
                        "units": "", 
                        "username": "", 
                        "value_type": "3", 
                        "valuemap": []
                    }
                ], 
                "macros": [
                    {
                        "macro": "{$SSH_ALERT}", 
                        "value": "5m"
                    }, 
                    {
                        "macro": "{$SSH_CRIT}", 
                        "value": "0.5"
                    }, 
                    {
                        "macro": "{$SSH_INTERVAL}", 
                        "value": "1m"
                    }, 
                    {
                        "macro": "{$SSH_PORT_CRIT}", 
                        "value": "0.6"
                    }
                ], 
                "name": "CORP Template Module SSH", 
                "screens": [], 
                "template": "CORP Template Module SSH", 
                "templates": []
            }
        ], 
        "triggers": [
            {
                "correlation_mode": "0", 
                "correlation_tag": "", 
                "dependencies": [
                    {
                        "expression": "{CORP Template Module SSH:hl.service.status[sshd].count(5m,0,gt)}>3", 
                        "name": "SSH Service is not running", 
                        "recovery_expression": ""
                    }
                ], 
                "description": "", 
                "expression": "{CORP Template Module SSH:proc.num[sshd].count(5m,0,eq)}>3", 
                "manual_close": "0", 
                "name": "SSHD process is not running", 
                "priority": "2", 
                "recovery_expression": "", 
                "recovery_mode": "0", 
                "status": "0", 
                "tags": [], 
                "type": "0", 
                "url": ""
            }, 
            {
                "correlation_mode": "0", 
                "correlation_tag": "", 
                "dependencies": [
                    {
                        "expression": "{CORP Template Module SSH:proc.num[sshd].count(5m,0,eq)}>3", 
                        "name": "SSHD process is not running", 
                        "recovery_expression": ""
                    }
                ], 
                "description": "", 
                "expression": "{CORP Template Module SSH:net.tcp.service.perf[ssh].count({$SSH_ALERT},0.000000,eq)}>3", 
                "manual_close": "0", 
                "name": "SSH Process is not responding on port", 
                "priority": "2", 
                "recovery_expression": "", 
                "recovery_mode": "0", 
                "status": "0", 
                "tags": [], 
                "type": "0", 
                "url": ""
            }, 
            {
                "correlation_mode": "0", 
                "correlation_tag": "", 
                "dependencies": [], 
                "description": "", 
                "expression": "{CORP Template Module SSH:hl.service.status[sshd].count(5m,0,gt)}>3", 
                "manual_close": "0", 
                "name": "SSH Service is not running", 
                "priority": "2", 
                "recovery_expression": "", 
                "recovery_mode": "0", 
                "status": "0", 
                "tags": [], 
                "type": "0", 
                "url": ""
            }
        ], 
        "value_maps": [
            {
                "mappings": [
                    {
                        "newvalue": "Down", 
                        "value": "0"
                    }, 
                    {
                        "newvalue": "Up", 
                        "value": "1"
                    }
                ], 
                "name": "Service state"
            }
        ], 
        "version": "3.4"
    }
}