{
    "zabbix_export": {
        "groups": [
            {
                "name": "CORP/Templates/Applications"
            }
        ], 
        "templates": [
            {
                "applications": [
                    {
                        "name": "HAC Web"
                    }
                ], 
                "description": "", 
                "discovery_rules": [], 
                "groups": [
                    {
                        "name": "CORP/Templates/Applications"
                    }
                ], 
                "httptests": [
                    {
                        "agent": "Zabbix", 
                        "application": {
                            "name": "HAC Web"
                        }, 
                        "attempts": "1", 
                        "authentication": "0", 
                        "delay": "1m", 
                        "headers": [], 
                        "http_password": "", 
                        "http_proxy": "", 
                        "http_user": "", 
                        "name": "Hybris Administration Console", 
                        "ssl_cert_file": "", 
                        "ssl_key_file": "", 
                        "ssl_key_password": "", 
                        "status": "0", 
                        "steps": [
                            {
                                "follow_redirects": "1", 
                                "headers": [], 
                                "name": "Login Page", 
                                "posts": [], 
                                "query_fields": [], 
                                "required": "<div id=\"loginErrors\"\\>\\&nbsp\\;", 
                                "retrieve_mode": "0", 
                                "status_codes": "200", 
                                "timeout": "15s", 
                                "url": "https://{HOST.CONN}:9002/hac/login.jsp", 
                                "variables": []
                            }
                        ], 
                        "variables": [], 
                        "verify_host": "0", 
                        "verify_peer": "0"
                    }
                ], 
                "items": [], 
                "macros": [
                    {
                        "macro": "{$JMX_PASSWORD}", 
                        "value": "nimda"
                    }, 
                    {
                        "macro": "{$JMX_USER}", 
                        "value": "admin"
                    }, 
                    {
                        "macro": "{$SSH_ALERT}", 
                        "value": "10m"
                    }, 
                    {
                        "macro": "{$SSH_INTERVAL}", 
                        "value": "2m"
                    }
                ], 
                "name": "CORP Template App Server eCommers HLHybmgmt", 
                "screens": [], 
                "template": "CORP Template App Server eCommers HLHybmgmt", 
                "templates": [
                    {
                        "name": "CORP Template Module Clamav Scan"
                    }, 
                    {
                        "name": "CORP Template Module Hybris"
                    }, 
                    {
                        "name": "CORP Template Module Java Catalina"
                    }, 
                    {
                        "name": "CORP Template Module Java Hybris JMX"
                    }, 
                    {
                        "name": "CORP Template Module Java java.lang"
                    }, 
                    {
                        "name": "CORP Template Module OSSec"
                    }, 
                    {
                        "name": "CORP Template Module Sendmail"
                    }, 
                    {
                        "name": "CORP Template OS Linux"
                    }
                ]
            }
        ], 
        "version": "3.4"
    }
}