{
    "zabbix_export": {
        "graphs": [
            {
                "graph_items": [
                    {
                        "calc_fnc": "2", 
                        "color": "1A7C11", 
                        "drawtype": "0", 
                        "item": {
                            "host": "CORP Template Module OSSec", 
                            "key": "proc.cpu.util[{$OSSEC_AGENT_SERVICE}]"
                        }, 
                        "sortorder": "0", 
                        "type": "0", 
                        "yaxisside": "0"
                    }, 
                    {
                        "calc_fnc": "2", 
                        "color": "F63100", 
                        "drawtype": "0", 
                        "item": {
                            "host": "CORP Template Module OSSec", 
                            "key": "proc.cpu.util[{$OSSEC_EXEC_SERVICE}]"
                        }, 
                        "sortorder": "1", 
                        "type": "0", 
                        "yaxisside": "0"
                    }, 
                    {
                        "calc_fnc": "2", 
                        "color": "2774A4", 
                        "drawtype": "0", 
                        "item": {
                            "host": "CORP Template Module OSSec", 
                            "key": "proc.cpu.util[{$OSSEC_LOG_SERVICE}]"
                        }, 
                        "sortorder": "2", 
                        "type": "0", 
                        "yaxisside": "0"
                    }, 
                    {
                        "calc_fnc": "2", 
                        "color": "A54F10", 
                        "drawtype": "0", 
                        "item": {
                            "host": "CORP Template Module OSSec", 
                            "key": "proc.cpu.util[{$OSSEC_SYS_SERVICE}]"
                        }, 
                        "sortorder": "3", 
                        "type": "0", 
                        "yaxisside": "0"
                    }
                ], 
                "height": "200", 
                "name": "OSSEC CPU Utilization", 
                "percent_left": "0.0000", 
                "percent_right": "0.0000", 
                "show_3d": "0", 
                "show_legend": "1", 
                "show_triggers": "1", 
                "show_work_period": "1", 
                "type": "1", 
                "width": "900", 
                "yaxismax": "100.0000", 
                "yaxismin": "0.0000", 
                "ymax_item_1": "0", 
                "ymax_type_1": "0", 
                "ymin_item_1": "0", 
                "ymin_type_1": "0"
            }, 
            {
                "graph_items": [
                    {
                        "calc_fnc": "2", 
                        "color": "1A7C11", 
                        "drawtype": "0", 
                        "item": {
                            "host": "CORP Template Module OSSec", 
                            "key": "proc.mem[{$OSSEC_AGENT_SERVICE},,,,pmem]"
                        }, 
                        "sortorder": "0", 
                        "type": "0", 
                        "yaxisside": "0"
                    }, 
                    {
                        "calc_fnc": "2", 
                        "color": "F63100", 
                        "drawtype": "0", 
                        "item": {
                            "host": "CORP Template Module OSSec", 
                            "key": "proc.mem[{$OSSEC_EXEC_SERVICE},,,,pmem]"
                        }, 
                        "sortorder": "1", 
                        "type": "0", 
                        "yaxisside": "0"
                    }, 
                    {
                        "calc_fnc": "2", 
                        "color": "2774A4", 
                        "drawtype": "0", 
                        "item": {
                            "host": "CORP Template Module OSSec", 
                            "key": "proc.mem[{$OSSEC_LOG_SERVICE},,,,pmem]"
                        }, 
                        "sortorder": "2", 
                        "type": "0", 
                        "yaxisside": "0"
                    }, 
                    {
                        "calc_fnc": "2", 
                        "color": "A54F10", 
                        "drawtype": "0", 
                        "item": {
                            "host": "CORP Template Module OSSec", 
                            "key": "proc.mem[{$OSSEC_SYS_SERVICE},,,,pmem]"
                        }, 
                        "sortorder": "3", 
                        "type": "0", 
                        "yaxisside": "0"
                    }
                ], 
                "height": "200", 
                "name": "OSSEC Memory Utilization", 
                "percent_left": "0.0000", 
                "percent_right": "0.0000", 
                "show_3d": "0", 
                "show_legend": "1", 
                "show_triggers": "1", 
                "show_work_period": "1", 
                "type": "1", 
                "width": "900", 
                "yaxismax": "100.0000", 
                "yaxismin": "0.0000", 
                "ymax_item_1": "0", 
                "ymax_type_1": "0", 
                "ymin_item_1": "0", 
                "ymin_type_1": "0"
            }
        ], 
        "groups": [
            {
                "name": "CORP/Templates/Modules"
            }
        ], 
        "templates": [
            {
                "applications": [
                    {
                        "name": "OSSEC"
                    }
                ], 
                "description": "", 
                "discovery_rules": [], 
                "groups": [
                    {
                        "name": "CORP/Templates/Modules"
                    }
                ], 
                "httptests": [], 
                "items": [
                    {
                        "allowed_hosts": "", 
                        "applications": [
                            {
                                "name": "OSSEC"
                            }
                        ], 
                        "authtype": "0", 
                        "delay": "1m", 
                        "description": "", 
                        "history": "90d", 
                        "inventory_link": "0", 
                        "ipmi_sensor": "", 
                        "jmx_endpoint": "", 
                        "key": "hl.service.status[{$OSSEC_AGENT_SERVICE}]", 
                        "logtimefmt": "", 
                        "master_item": [], 
                        "name": "{$OSSEC_AGENT_SERVICE} Service Status", 
                        "params": "", 
                        "password": "", 
                        "port": "", 
                        "preprocessing": [], 
                        "privatekey": "", 
                        "publickey": "", 
                        "snmp_community": "", 
                        "snmp_oid": "", 
                        "snmpv3_authpassphrase": "", 
                        "snmpv3_authprotocol": "0", 
                        "snmpv3_contextname": "", 
                        "snmpv3_privpassphrase": "", 
                        "snmpv3_privprotocol": "0", 
                        "snmpv3_securitylevel": "0", 
                        "snmpv3_securityname": "", 
                        "status": "0", 
                        "trends": "365d", 
                        "type": "7", 
                        "units": "", 
                        "username": "", 
                        "value_type": "3", 
                        "valuemap": {
                            "name": "Service Status"
                        }
                    }, 
                    {
                        "allowed_hosts": "", 
                        "applications": [
                            {
                                "name": "OSSEC"
                            }
                        ], 
                        "authtype": "0", 
                        "delay": "1m", 
                        "description": "", 
                        "history": "90d", 
                        "inventory_link": "0", 
                        "ipmi_sensor": "", 
                        "jmx_endpoint": "", 
                        "key": "hl.service.status[{$OSSEC_EXEC_SERVICE}]", 
                        "logtimefmt": "", 
                        "master_item": [], 
                        "name": "{$OSSEC_EXEC_SERVICE} Service Status", 
                        "params": "", 
                        "password": "", 
                        "port": "", 
                        "preprocessing": [], 
                        "privatekey": "", 
                        "publickey": "", 
                        "snmp_community": "", 
                        "snmp_oid": "", 
                        "snmpv3_authpassphrase": "", 
                        "snmpv3_authprotocol": "0", 
                        "snmpv3_contextname": "", 
                        "snmpv3_privpassphrase": "", 
                        "snmpv3_privprotocol": "0", 
                        "snmpv3_securitylevel": "0", 
                        "snmpv3_securityname": "", 
                        "status": "0", 
                        "trends": "365d", 
                        "type": "7", 
                        "units": "", 
                        "username": "", 
                        "value_type": "3", 
                        "valuemap": {
                            "name": "Service Status"
                        }
                    }, 
                    {
                        "allowed_hosts": "", 
                        "applications": [
                            {
                                "name": "OSSEC"
                            }
                        ], 
                        "authtype": "0", 
                        "delay": "1m", 
                        "description": "", 
                        "history": "90d", 
                        "inventory_link": "0", 
                        "ipmi_sensor": "", 
                        "jmx_endpoint": "", 
                        "key": "hl.service.status[{$OSSEC_LOG_SERVICE}]", 
                        "logtimefmt": "", 
                        "master_item": [], 
                        "name": "{$OSSEC_LOG_SERVICE} Service Status", 
                        "params": "", 
                        "password": "", 
                        "port": "", 
                        "preprocessing": [], 
                        "privatekey": "", 
                        "publickey": "", 
                        "snmp_community": "", 
                        "snmp_oid": "", 
                        "snmpv3_authpassphrase": "", 
                        "snmpv3_authprotocol": "0", 
                        "snmpv3_contextname": "", 
                        "snmpv3_privpassphrase": "", 
                        "snmpv3_privprotocol": "0", 
                        "snmpv3_securitylevel": "0", 
                        "snmpv3_securityname": "", 
                        "status": "0", 
                        "trends": "365d", 
                        "type": "7", 
                        "units": "", 
                        "username": "", 
                        "value_type": "3", 
                        "valuemap": {
                            "name": "Service Status"
                        }
                    }, 
                    {
                        "allowed_hosts": "", 
                        "applications": [
                            {
                                "name": "OSSEC"
                            }
                        ], 
                        "authtype": "0", 
                        "delay": "1m", 
                        "description": "", 
                        "history": "90d", 
                        "inventory_link": "0", 
                        "ipmi_sensor": "", 
                        "jmx_endpoint": "", 
                        "key": "hl.service.status[{$OSSEC_SYS_SERVICE}]", 
                        "logtimefmt": "", 
                        "master_item": [], 
                        "name": "{$OSSEC_SYS_SERVICE} Service Status", 
                        "params": "", 
                        "password": "", 
                        "port": "", 
                        "preprocessing": [], 
                        "privatekey": "", 
                        "publickey": "", 
                        "snmp_community": "", 
                        "snmp_oid": "", 
                        "snmpv3_authpassphrase": "", 
                        "snmpv3_authprotocol": "0", 
                        "snmpv3_contextname": "", 
                        "snmpv3_privpassphrase": "", 
                        "snmpv3_privprotocol": "0", 
                        "snmpv3_securitylevel": "0", 
                        "snmpv3_securityname": "", 
                        "status": "0", 
                        "trends": "365d", 
                        "type": "7", 
                        "units": "", 
                        "username": "", 
                        "value_type": "3", 
                        "valuemap": {
                            "name": "Service Status"
                        }
                    }, 
                    {
                        "allowed_hosts": "", 
                        "applications": [
                            {
                                "name": "OSSEC"
                            }
                        ], 
                        "authtype": "0", 
                        "delay": "5m", 
                        "description": "", 
                        "history": "90d", 
                        "inventory_link": "0", 
                        "ipmi_sensor": "", 
                        "jmx_endpoint": "", 
                        "key": "proc.cpu.util[{$OSSEC_AGENT_SERVICE}]", 
                        "logtimefmt": "", 
                        "master_item": [], 
                        "name": "{$OSSEC_AGENT_SERVICE} CPU Utilization", 
                        "params": "", 
                        "password": "", 
                        "port": "", 
                        "preprocessing": [], 
                        "privatekey": "", 
                        "publickey": "", 
                        "snmp_community": "", 
                        "snmp_oid": "", 
                        "snmpv3_authpassphrase": "", 
                        "snmpv3_authprotocol": "0", 
                        "snmpv3_contextname": "", 
                        "snmpv3_privpassphrase": "", 
                        "snmpv3_privprotocol": "0", 
                        "snmpv3_securitylevel": "0", 
                        "snmpv3_securityname": "", 
                        "status": "0", 
                        "trends": "365d", 
                        "type": "7", 
                        "units": "%", 
                        "username": "", 
                        "value_type": "0", 
                        "valuemap": []
                    }, 
                    {
                        "allowed_hosts": "", 
                        "applications": [
                            {
                                "name": "OSSEC"
                            }
                        ], 
                        "authtype": "0", 
                        "delay": "5m", 
                        "description": "", 
                        "history": "90d", 
                        "inventory_link": "0", 
                        "ipmi_sensor": "", 
                        "jmx_endpoint": "", 
                        "key": "proc.cpu.util[{$OSSEC_EXEC_SERVICE}]", 
                        "logtimefmt": "", 
                        "master_item": [], 
                        "name": "{$OSSEC_EXEC_SERVICE} CPU Utilization", 
                        "params": "", 
                        "password": "", 
                        "port": "", 
                        "preprocessing": [], 
                        "privatekey": "", 
                        "publickey": "", 
                        "snmp_community": "", 
                        "snmp_oid": "", 
                        "snmpv3_authpassphrase": "", 
                        "snmpv3_authprotocol": "0", 
                        "snmpv3_contextname": "", 
                        "snmpv3_privpassphrase": "", 
                        "snmpv3_privprotocol": "0", 
                        "snmpv3_securitylevel": "0", 
                        "snmpv3_securityname": "", 
                        "status": "0", 
                        "trends": "365d", 
                        "type": "7", 
                        "units": "%", 
                        "username": "", 
                        "value_type": "0", 
                        "valuemap": []
                    }, 
                    {
                        "allowed_hosts": "", 
                        "applications": [
                            {
                                "name": "OSSEC"
                            }
                        ], 
                        "authtype": "0", 
                        "delay": "5m", 
                        "description": "", 
                        "history": "90d", 
                        "inventory_link": "0", 
                        "ipmi_sensor": "", 
                        "jmx_endpoint": "", 
                        "key": "proc.cpu.util[{$OSSEC_LOG_SERVICE}]", 
                        "logtimefmt": "", 
                        "master_item": [], 
                        "name": "{$OSSEC_LOG_SERVICE} CPU Utilization", 
                        "params": "", 
                        "password": "", 
                        "port": "", 
                        "preprocessing": [], 
                        "privatekey": "", 
                        "publickey": "", 
                        "snmp_community": "", 
                        "snmp_oid": "", 
                        "snmpv3_authpassphrase": "", 
                        "snmpv3_authprotocol": "0", 
                        "snmpv3_contextname": "", 
                        "snmpv3_privpassphrase": "", 
                        "snmpv3_privprotocol": "0", 
                        "snmpv3_securitylevel": "0", 
                        "snmpv3_securityname": "", 
                        "status": "0", 
                        "trends": "365d", 
                        "type": "7", 
                        "units": "%", 
                        "username": "", 
                        "value_type": "0", 
                        "valuemap": []
                    }, 
                    {
                        "allowed_hosts": "", 
                        "applications": [
                            {
                                "name": "OSSEC"
                            }
                        ], 
                        "authtype": "0", 
                        "delay": "5m", 
                        "description": "", 
                        "history": "90d", 
                        "inventory_link": "0", 
                        "ipmi_sensor": "", 
                        "jmx_endpoint": "", 
                        "key": "proc.cpu.util[{$OSSEC_SYS_SERVICE}]", 
                        "logtimefmt": "", 
                        "master_item": [], 
                        "name": "{$OSSEC_SYS_SERVICE} CPU Utilization", 
                        "params": "", 
                        "password": "", 
                        "port": "", 
                        "preprocessing": [], 
                        "privatekey": "", 
                        "publickey": "", 
                        "snmp_community": "", 
                        "snmp_oid": "", 
                        "snmpv3_authpassphrase": "", 
                        "snmpv3_authprotocol": "0", 
                        "snmpv3_contextname": "", 
                        "snmpv3_privpassphrase": "", 
                        "snmpv3_privprotocol": "0", 
                        "snmpv3_securitylevel": "0", 
                        "snmpv3_securityname": "", 
                        "status": "0", 
                        "trends": "365d", 
                        "type": "7", 
                        "units": "%", 
                        "username": "", 
                        "value_type": "0", 
                        "valuemap": []
                    }, 
                    {
                        "allowed_hosts": "", 
                        "applications": [
                            {
                                "name": "OSSEC"
                            }
                        ], 
                        "authtype": "0", 
                        "delay": "5m", 
                        "description": "", 
                        "history": "90d", 
                        "inventory_link": "0", 
                        "ipmi_sensor": "", 
                        "jmx_endpoint": "", 
                        "key": "proc.mem[{$OSSEC_AGENT_SERVICE},,,,pmem]", 
                        "logtimefmt": "", 
                        "master_item": [], 
                        "name": "{$OSSEC_AGENT_SERVICE} Memory Utilization", 
                        "params": "", 
                        "password": "", 
                        "port": "", 
                        "preprocessing": [], 
                        "privatekey": "", 
                        "publickey": "", 
                        "snmp_community": "", 
                        "snmp_oid": "", 
                        "snmpv3_authpassphrase": "", 
                        "snmpv3_authprotocol": "0", 
                        "snmpv3_contextname": "", 
                        "snmpv3_privpassphrase": "", 
                        "snmpv3_privprotocol": "0", 
                        "snmpv3_securitylevel": "0", 
                        "snmpv3_securityname": "", 
                        "status": "0", 
                        "trends": "365d", 
                        "type": "7", 
                        "units": "%", 
                        "username": "", 
                        "value_type": "0", 
                        "valuemap": []
                    }, 
                    {
                        "allowed_hosts": "", 
                        "applications": [
                            {
                                "name": "OSSEC"
                            }
                        ], 
                        "authtype": "0", 
                        "delay": "5m", 
                        "description": "", 
                        "history": "90d", 
                        "inventory_link": "0", 
                        "ipmi_sensor": "", 
                        "jmx_endpoint": "", 
                        "key": "proc.mem[{$OSSEC_EXEC_SERVICE},,,,pmem]", 
                        "logtimefmt": "", 
                        "master_item": [], 
                        "name": "{$OSSEC_EXEC_SERVICE} Memory Utilization", 
                        "params": "", 
                        "password": "", 
                        "port": "", 
                        "preprocessing": [], 
                        "privatekey": "", 
                        "publickey": "", 
                        "snmp_community": "", 
                        "snmp_oid": "", 
                        "snmpv3_authpassphrase": "", 
                        "snmpv3_authprotocol": "0", 
                        "snmpv3_contextname": "", 
                        "snmpv3_privpassphrase": "", 
                        "snmpv3_privprotocol": "0", 
                        "snmpv3_securitylevel": "0", 
                        "snmpv3_securityname": "", 
                        "status": "0", 
                        "trends": "365d", 
                        "type": "7", 
                        "units": "%", 
                        "username": "", 
                        "value_type": "0", 
                        "valuemap": []
                    }, 
                    {
                        "allowed_hosts": "", 
                        "applications": [
                            {
                                "name": "OSSEC"
                            }
                        ], 
                        "authtype": "0", 
                        "delay": "5m", 
                        "description": "", 
                        "history": "90d", 
                        "inventory_link": "0", 
                        "ipmi_sensor": "", 
                        "jmx_endpoint": "", 
                        "key": "proc.mem[{$OSSEC_LOG_SERVICE},,,,pmem]", 
                        "logtimefmt": "", 
                        "master_item": [], 
                        "name": "{$OSSEC_LOG_SERVICE} Memory Utilization", 
                        "params": "", 
                        "password": "", 
                        "port": "", 
                        "preprocessing": [], 
                        "privatekey": "", 
                        "publickey": "", 
                        "snmp_community": "", 
                        "snmp_oid": "", 
                        "snmpv3_authpassphrase": "", 
                        "snmpv3_authprotocol": "0", 
                        "snmpv3_contextname": "", 
                        "snmpv3_privpassphrase": "", 
                        "snmpv3_privprotocol": "0", 
                        "snmpv3_securitylevel": "0", 
                        "snmpv3_securityname": "", 
                        "status": "0", 
                        "trends": "365d", 
                        "type": "7", 
                        "units": "%", 
                        "username": "", 
                        "value_type": "0", 
                        "valuemap": []
                    }, 
                    {
                        "allowed_hosts": "", 
                        "applications": [
                            {
                                "name": "OSSEC"
                            }
                        ], 
                        "authtype": "0", 
                        "delay": "5m", 
                        "description": "", 
                        "history": "90d", 
                        "inventory_link": "0", 
                        "ipmi_sensor": "", 
                        "jmx_endpoint": "", 
                        "key": "proc.mem[{$OSSEC_SYS_SERVICE},,,,pmem]", 
                        "logtimefmt": "", 
                        "master_item": [], 
                        "name": "{$OSSEC_SYS_SERVICE} Memory Utilization", 
                        "params": "", 
                        "password": "", 
                        "port": "", 
                        "preprocessing": [], 
                        "privatekey": "", 
                        "publickey": "", 
                        "snmp_community": "", 
                        "snmp_oid": "", 
                        "snmpv3_authpassphrase": "", 
                        "snmpv3_authprotocol": "0", 
                        "snmpv3_contextname": "", 
                        "snmpv3_privpassphrase": "", 
                        "snmpv3_privprotocol": "0", 
                        "snmpv3_securitylevel": "0", 
                        "snmpv3_securityname": "", 
                        "status": "0", 
                        "trends": "365d", 
                        "type": "7", 
                        "units": "%", 
                        "username": "", 
                        "value_type": "0", 
                        "valuemap": []
                    }, 
                    {
                        "allowed_hosts": "", 
                        "applications": [
                            {
                                "name": "OSSEC"
                            }
                        ], 
                        "authtype": "0", 
                        "delay": "5m", 
                        "description": "", 
                        "history": "90d", 
                        "inventory_link": "0", 
                        "ipmi_sensor": "", 
                        "jmx_endpoint": "", 
                        "key": "proc.num[{$OSSEC_AGENT_SERVICE}]", 
                        "logtimefmt": "", 
                        "master_item": [], 
                        "name": "{$OSSEC_AGENT_SERVICE} processes", 
                        "params": "", 
                        "password": "", 
                        "port": "", 
                        "preprocessing": [], 
                        "privatekey": "", 
                        "publickey": "", 
                        "snmp_community": "", 
                        "snmp_oid": "", 
                        "snmpv3_authpassphrase": "", 
                        "snmpv3_authprotocol": "0", 
                        "snmpv3_contextname": "", 
                        "snmpv3_privpassphrase": "", 
                        "snmpv3_privprotocol": "0", 
                        "snmpv3_securitylevel": "0", 
                        "snmpv3_securityname": "", 
                        "status": "0", 
                        "trends": "365d", 
                        "type": "7", 
                        "units": "", 
                        "username": "", 
                        "value_type": "3", 
                        "valuemap": []
                    }, 
                    {
                        "allowed_hosts": "", 
                        "applications": [
                            {
                                "name": "OSSEC"
                            }
                        ], 
                        "authtype": "0", 
                        "delay": "5m", 
                        "description": "", 
                        "history": "90d", 
                        "inventory_link": "0", 
                        "ipmi_sensor": "", 
                        "jmx_endpoint": "", 
                        "key": "proc.num[{$OSSEC_EXEC_SERVICE}]", 
                        "logtimefmt": "", 
                        "master_item": [], 
                        "name": "{$OSSEC_EXEC_SERVICE} processes", 
                        "params": "", 
                        "password": "", 
                        "port": "", 
                        "preprocessing": [], 
                        "privatekey": "", 
                        "publickey": "", 
                        "snmp_community": "", 
                        "snmp_oid": "", 
                        "snmpv3_authpassphrase": "", 
                        "snmpv3_authprotocol": "0", 
                        "snmpv3_contextname": "", 
                        "snmpv3_privpassphrase": "", 
                        "snmpv3_privprotocol": "0", 
                        "snmpv3_securitylevel": "0", 
                        "snmpv3_securityname": "", 
                        "status": "0", 
                        "trends": "365d", 
                        "type": "7", 
                        "units": "", 
                        "username": "", 
                        "value_type": "3", 
                        "valuemap": []
                    }, 
                    {
                        "allowed_hosts": "", 
                        "applications": [
                            {
                                "name": "OSSEC"
                            }
                        ], 
                        "authtype": "0", 
                        "delay": "5m", 
                        "description": "", 
                        "history": "90d", 
                        "inventory_link": "0", 
                        "ipmi_sensor": "", 
                        "jmx_endpoint": "", 
                        "key": "proc.num[{$OSSEC_LOG_SERVICE}]", 
                        "logtimefmt": "", 
                        "master_item": [], 
                        "name": "{$OSSEC_LOG_SERVICE} processes", 
                        "params": "", 
                        "password": "", 
                        "port": "", 
                        "preprocessing": [], 
                        "privatekey": "", 
                        "publickey": "", 
                        "snmp_community": "", 
                        "snmp_oid": "", 
                        "snmpv3_authpassphrase": "", 
                        "snmpv3_authprotocol": "0", 
                        "snmpv3_contextname": "", 
                        "snmpv3_privpassphrase": "", 
                        "snmpv3_privprotocol": "0", 
                        "snmpv3_securitylevel": "0", 
                        "snmpv3_securityname": "", 
                        "status": "0", 
                        "trends": "365d", 
                        "type": "7", 
                        "units": "", 
                        "username": "", 
                        "value_type": "3", 
                        "valuemap": []
                    }, 
                    {
                        "allowed_hosts": "", 
                        "applications": [
                            {
                                "name": "OSSEC"
                            }
                        ], 
                        "authtype": "0", 
                        "delay": "5m", 
                        "description": "", 
                        "history": "90d", 
                        "inventory_link": "0", 
                        "ipmi_sensor": "", 
                        "jmx_endpoint": "", 
                        "key": "proc.num[{$OSSEC_SYS_SERVICE}]", 
                        "logtimefmt": "", 
                        "master_item": [], 
                        "name": "{$OSSEC_SYS_SERVICE} processes", 
                        "params": "", 
                        "password": "", 
                        "port": "", 
                        "preprocessing": [], 
                        "privatekey": "", 
                        "publickey": "", 
                        "snmp_community": "", 
                        "snmp_oid": "", 
                        "snmpv3_authpassphrase": "", 
                        "snmpv3_authprotocol": "0", 
                        "snmpv3_contextname": "", 
                        "snmpv3_privpassphrase": "", 
                        "snmpv3_privprotocol": "0", 
                        "snmpv3_securitylevel": "0", 
                        "snmpv3_securityname": "", 
                        "status": "0", 
                        "trends": "365d", 
                        "type": "7", 
                        "units": "", 
                        "username": "", 
                        "value_type": "3", 
                        "valuemap": []
                    }, 
                    {
                        "allowed_hosts": "", 
                        "applications": [
                            {
                                "name": "OSSEC"
                            }
                        ], 
                        "authtype": "0", 
                        "delay": "1h", 
                        "description": "", 
                        "history": "90d", 
                        "inventory_link": "0", 
                        "ipmi_sensor": "", 
                        "jmx_endpoint": "", 
                        "key": "vfs.file.exists[{$OSSEC_HOME}]", 
                        "logtimefmt": "", 
                        "master_item": [], 
                        "name": "OSSEC Home Directory", 
                        "params": "", 
                        "password": "", 
                        "port": "", 
                        "preprocessing": [], 
                        "privatekey": "", 
                        "publickey": "", 
                        "snmp_community": "", 
                        "snmp_oid": "", 
                        "snmpv3_authpassphrase": "", 
                        "snmpv3_authprotocol": "0", 
                        "snmpv3_contextname": "", 
                        "snmpv3_privpassphrase": "", 
                        "snmpv3_privprotocol": "0", 
                        "snmpv3_securitylevel": "0", 
                        "snmpv3_securityname": "", 
                        "status": "0", 
                        "trends": "365d", 
                        "type": "7", 
                        "units": "", 
                        "username": "", 
                        "value_type": "3", 
                        "valuemap": []
                    }
                ], 
                "macros": [
                    {
                        "macro": "{$OSSEC_AGENT_SERVICE}", 
                        "value": "ossec-agentd"
                    }, 
                    {
                        "macro": "{$OSSEC_EXEC_SERVICE}", 
                        "value": "ossec-execd"
                    }, 
                    {
                        "macro": "{$OSSEC_HOME}", 
                        "value": "/ossec"
                    }, 
                    {
                        "macro": "{$OSSEC_LOG_SERVICE}", 
                        "value": "ossec-logcollector"
                    }, 
                    {
                        "macro": "{$OSSEC_SYS_SERVICE}", 
                        "value": "ossec-syscheckd"
                    }
                ], 
                "name": "CORP Template Module OSSec", 
                "screens": [], 
                "template": "CORP Template Module OSSec", 
                "templates": []
            }
        ], 
        "triggers": [
            {
                "correlation_mode": "0", 
                "correlation_tag": "", 
                "dependencies": [
                    {
                        "expression": "{CORP Template Module OSSec:vfs.file.exists[{$OSSEC_HOME}].count(2h,0,eq)}<>0", 
                        "name": "OSSEC not installed", 
                        "recovery_expression": ""
                    }
                ], 
                "description": "", 
                "expression": "{CORP Template Module OSSec:hl.service.status[{$OSSEC_AGENT_SERVICE}].count(5m,0,gt)}>2 and {CORP Template Module OSSec:hl.service.status[{$OSSEC_EXEC_SERVICE}].count(5m,0,gt)}>2 and {CORP Template Module OSSec:hl.service.status[{$OSSEC_LOG_SERVICE}].count(5m,0,gt)}>2 and {CORP Template Module OSSec:hl.service.status[{$OSSEC_SYS_SERVICE}].count(5m,0,gt)}>2", 
                "manual_close": "0", 
                "name": "No OSSEC services running", 
                "priority": "3", 
                "recovery_expression": "", 
                "recovery_mode": "0", 
                "status": "0", 
                "tags": [], 
                "type": "0", 
                "url": ""
            }, 
            {
                "correlation_mode": "0", 
                "correlation_tag": "", 
                "dependencies": [], 
                "description": "", 
                "expression": "{CORP Template Module OSSec:vfs.file.exists[{$OSSEC_HOME}].count(2h,0,eq)}<>0", 
                "manual_close": "0", 
                "name": "OSSEC not installed", 
                "priority": "1", 
                "recovery_expression": "", 
                "recovery_mode": "0", 
                "status": "0", 
                "tags": [], 
                "type": "0", 
                "url": ""
            }, 
            {
                "correlation_mode": "0", 
                "correlation_tag": "", 
                "dependencies": [
                    {
                        "expression": "{CORP Template Module OSSec:hl.service.status[{$OSSEC_AGENT_SERVICE}].count(5m,0,gt)}>2 and {CORP Template Module OSSec:hl.service.status[{$OSSEC_EXEC_SERVICE}].count(5m,0,gt)}>2 and {CORP Template Module OSSec:hl.service.status[{$OSSEC_LOG_SERVICE}].count(5m,0,gt)}>2 and {CORP Template Module OSSec:hl.service.status[{$OSSEC_SYS_SERVICE}].count(5m,0,gt)}>2", 
                        "name": "No OSSEC services running", 
                        "recovery_expression": ""
                    }
                ], 
                "description": "", 
                "expression": "{CORP Template Module OSSec:hl.service.status[{$OSSEC_AGENT_SERVICE}].count(5m,0,gt)}>2", 
                "manual_close": "0", 
                "name": "{$OSSEC_AGENT_SERVICE} service not running", 
                "priority": "3", 
                "recovery_expression": "", 
                "recovery_mode": "0", 
                "status": "0", 
                "tags": [], 
                "type": "0", 
                "url": ""
            }, 
            {
                "correlation_mode": "0", 
                "correlation_tag": "", 
                "dependencies": [
                    {
                        "expression": "{CORP Template Module OSSec:hl.service.status[{$OSSEC_AGENT_SERVICE}].count(5m,0,gt)}>2 and {CORP Template Module OSSec:hl.service.status[{$OSSEC_EXEC_SERVICE}].count(5m,0,gt)}>2 and {CORP Template Module OSSec:hl.service.status[{$OSSEC_LOG_SERVICE}].count(5m,0,gt)}>2 and {CORP Template Module OSSec:hl.service.status[{$OSSEC_SYS_SERVICE}].count(5m,0,gt)}>2", 
                        "name": "No OSSEC services running", 
                        "recovery_expression": ""
                    }
                ], 
                "description": "", 
                "expression": "{CORP Template Module OSSec:hl.service.status[{$OSSEC_EXEC_SERVICE}].count(5m,0,gt)}>2", 
                "manual_close": "0", 
                "name": "{$OSSEC_EXEC_SERVICE} service not running", 
                "priority": "3", 
                "recovery_expression": "", 
                "recovery_mode": "0", 
                "status": "0", 
                "tags": [], 
                "type": "0", 
                "url": ""
            }, 
            {
                "correlation_mode": "0", 
                "correlation_tag": "", 
                "dependencies": [
                    {
                        "expression": "{CORP Template Module OSSec:hl.service.status[{$OSSEC_AGENT_SERVICE}].count(5m,0,gt)}>2 and {CORP Template Module OSSec:hl.service.status[{$OSSEC_EXEC_SERVICE}].count(5m,0,gt)}>2 and {CORP Template Module OSSec:hl.service.status[{$OSSEC_LOG_SERVICE}].count(5m,0,gt)}>2 and {CORP Template Module OSSec:hl.service.status[{$OSSEC_SYS_SERVICE}].count(5m,0,gt)}>2", 
                        "name": "No OSSEC services running", 
                        "recovery_expression": ""
                    }
                ], 
                "description": "", 
                "expression": "{CORP Template Module OSSec:hl.service.status[{$OSSEC_LOG_SERVICE}].count(5m,0,gt)}>2", 
                "manual_close": "0", 
                "name": "{$OSSEC_LOG_SERVICE} service not running", 
                "priority": "3", 
                "recovery_expression": "", 
                "recovery_mode": "0", 
                "status": "0", 
                "tags": [], 
                "type": "0", 
                "url": ""
            }, 
            {
                "correlation_mode": "0", 
                "correlation_tag": "", 
                "dependencies": [
                    {
                        "expression": "{CORP Template Module OSSec:hl.service.status[{$OSSEC_AGENT_SERVICE}].count(5m,0,gt)}>2 and {CORP Template Module OSSec:hl.service.status[{$OSSEC_EXEC_SERVICE}].count(5m,0,gt)}>2 and {CORP Template Module OSSec:hl.service.status[{$OSSEC_LOG_SERVICE}].count(5m,0,gt)}>2 and {CORP Template Module OSSec:hl.service.status[{$OSSEC_SYS_SERVICE}].count(5m,0,gt)}>2", 
                        "name": "No OSSEC services running", 
                        "recovery_expression": ""
                    }
                ], 
                "description": "", 
                "expression": "{CORP Template Module OSSec:hl.service.status[{$OSSEC_SYS_SERVICE}].count(5m,0,gt)}>2", 
                "manual_close": "0", 
                "name": "{$OSSEC_SYS_SERVICE} service not running", 
                "priority": "3", 
                "recovery_expression": "", 
                "recovery_mode": "0", 
                "status": "0", 
                "tags": [], 
                "type": "0", 
                "url": ""
            }
        ], 
        "value_maps": [
            {
                "mappings": [
                    {
                        "newvalue": "OK", 
                        "value": "0"
                    }, 
                    {
                        "newvalue": "Dead (pid exists)", 
                        "value": "1"
                    }, 
                    {
                        "newvalue": "Dead (lock exists)", 
                        "value": "2"
                    }, 
                    {
                        "newvalue": "Not running", 
                        "value": "3"
                    }, 
                    {
                        "newvalue": "Unknown", 
                        "value": "4"
                    }
                ], 
                "name": "Service Status"
            }
        ], 
        "version": "3.4"
    }
}