{
    "zabbix_export": {
        "graphs": [
            {
                "graph_items": [
                    {
                        "calc_fnc": "2", 
                        "color": "1A7C11", 
                        "drawtype": "0", 
                        "item": {
                            "host": "CORP Template Module Shipex", 
                            "key": "proc.cpu.util[beam.smp,,,shipex]"
                        }, 
                        "sortorder": "0", 
                        "type": "0", 
                        "yaxisside": "0"
                    }
                ], 
                "height": "200", 
                "name": "Shipex CPU Utilization", 
                "percent_left": "0.0000", 
                "percent_right": "0.0000", 
                "show_3d": "0", 
                "show_legend": "1", 
                "show_triggers": "1", 
                "show_work_period": "1", 
                "type": "1", 
                "width": "900", 
                "yaxismax": "100.0000", 
                "yaxismin": "0.0000", 
                "ymax_item_1": "0", 
                "ymax_type_1": "0", 
                "ymin_item_1": "0", 
                "ymin_type_1": "0"
            }, 
            {
                "graph_items": [
                    {
                        "calc_fnc": "2", 
                        "color": "1A7C11", 
                        "drawtype": "0", 
                        "item": {
                            "host": "CORP Template Module Shipex", 
                            "key": "proc.mem[beam.smp,,,shipex,rss]"
                        }, 
                        "sortorder": "0", 
                        "type": "0", 
                        "yaxisside": "0"
                    }
                ], 
                "height": "200", 
                "name": "Shipex Memory Usage", 
                "percent_left": "0.0000", 
                "percent_right": "0.0000", 
                "show_3d": "0", 
                "show_legend": "1", 
                "show_triggers": "1", 
                "show_work_period": "1", 
                "type": "1", 
                "width": "900", 
                "yaxismax": "100.0000", 
                "yaxismin": "0.0000", 
                "ymax_item_1": "0", 
                "ymax_type_1": "0", 
                "ymin_item_1": "0", 
                "ymin_type_1": "0"
            }, 
            {
                "graph_items": [
                    {
                        "calc_fnc": "2", 
                        "color": "1A7C11", 
                        "drawtype": "0", 
                        "item": {
                            "host": "CORP Template Module Shipex", 
                            "key": "proc.mem[beam.smp,,,shipex,pmem]"
                        }, 
                        "sortorder": "0", 
                        "type": "0", 
                        "yaxisside": "0"
                    }
                ], 
                "height": "200", 
                "name": "Shipex Memory Utilization", 
                "percent_left": "0.0000", 
                "percent_right": "0.0000", 
                "show_3d": "0", 
                "show_legend": "1", 
                "show_triggers": "1", 
                "show_work_period": "1", 
                "type": "1", 
                "width": "900", 
                "yaxismax": "100.0000", 
                "yaxismin": "0.0000", 
                "ymax_item_1": "0", 
                "ymax_type_1": "0", 
                "ymin_item_1": "0", 
                "ymin_type_1": "0"
            }, 
            {
                "graph_items": [
                    {
                        "calc_fnc": "2", 
                        "color": "1A7C11", 
                        "drawtype": "0", 
                        "item": {
                            "host": "CORP Template Module Shipex", 
                            "key": "net.tcp.service.perf[tcp,,4007]"
                        }, 
                        "sortorder": "0", 
                        "type": "0", 
                        "yaxisside": "0"
                    }
                ], 
                "height": "200", 
                "name": "Shipex Response Time", 
                "percent_left": "0.0000", 
                "percent_right": "0.0000", 
                "show_3d": "0", 
                "show_legend": "1", 
                "show_triggers": "1", 
                "show_work_period": "1", 
                "type": "0", 
                "width": "900", 
                "yaxismax": "100.0000", 
                "yaxismin": "0.0000", 
                "ymax_item_1": "0", 
                "ymax_type_1": "0", 
                "ymin_item_1": "0", 
                "ymin_type_1": "0"
            }
        ], 
        "groups": [
            {
                "name": "CORP/Templates/Modules"
            }
        ], 
        "templates": [
            {
                "applications": [
                    {
                        "name": "Shipex"
                    }
                ], 
                "description": "", 
                "discovery_rules": [], 
                "groups": [
                    {
                        "name": "CORP/Templates/Modules"
                    }
                ], 
                "httptests": [], 
                "items": [
                    {
                        "allowed_hosts": "", 
                        "applications": [
                            {
                                "name": "Shipex"
                            }
                        ], 
                        "authtype": "0", 
                        "delay": "1m", 
                        "description": "", 
                        "history": "90d", 
                        "inventory_link": "0", 
                        "ipmi_sensor": "", 
                        "jmx_endpoint": "", 
                        "key": "hl.service.status[shipex_app]", 
                        "logtimefmt": "", 
                        "master_item": [], 
                        "name": "Shipex Service Status", 
                        "params": "", 
                        "password": "", 
                        "port": "", 
                        "preprocessing": [], 
                        "privatekey": "", 
                        "publickey": "", 
                        "snmp_community": "", 
                        "snmp_oid": "", 
                        "snmpv3_authpassphrase": "", 
                        "snmpv3_authprotocol": "0", 
                        "snmpv3_contextname": "", 
                        "snmpv3_privpassphrase": "", 
                        "snmpv3_privprotocol": "0", 
                        "snmpv3_securitylevel": "0", 
                        "snmpv3_securityname": "", 
                        "status": "0", 
                        "trends": "365d", 
                        "type": "7", 
                        "units": "", 
                        "username": "", 
                        "value_type": "3", 
                        "valuemap": []
                    }, 
                    {
                        "allowed_hosts": "", 
                        "applications": [
                            {
                                "name": "Shipex"
                            }
                        ], 
                        "authtype": "0", 
                        "delay": "1m", 
                        "description": "", 
                        "history": "90d", 
                        "inventory_link": "0", 
                        "ipmi_sensor": "", 
                        "jmx_endpoint": "", 
                        "key": "net.tcp.listen[4007]", 
                        "logtimefmt": "", 
                        "master_item": [], 
                        "name": "Shipex port 4007", 
                        "params": "", 
                        "password": "", 
                        "port": "", 
                        "preprocessing": [], 
                        "privatekey": "", 
                        "publickey": "", 
                        "snmp_community": "", 
                        "snmp_oid": "", 
                        "snmpv3_authpassphrase": "", 
                        "snmpv3_authprotocol": "0", 
                        "snmpv3_contextname": "", 
                        "snmpv3_privpassphrase": "", 
                        "snmpv3_privprotocol": "0", 
                        "snmpv3_securitylevel": "0", 
                        "snmpv3_securityname": "", 
                        "status": "0", 
                        "trends": "365d", 
                        "type": "7", 
                        "units": "", 
                        "username": "", 
                        "value_type": "3", 
                        "valuemap": []
                    }, 
                    {
                        "allowed_hosts": "", 
                        "applications": [
                            {
                                "name": "Shipex"
                            }
                        ], 
                        "authtype": "0", 
                        "delay": "1m", 
                        "description": "", 
                        "history": "90d", 
                        "inventory_link": "0", 
                        "ipmi_sensor": "", 
                        "jmx_endpoint": "", 
                        "key": "net.tcp.service.perf[tcp,,4007]", 
                        "logtimefmt": "", 
                        "master_item": [], 
                        "name": "Shipex response time on port 4007", 
                        "params": "", 
                        "password": "", 
                        "port": "", 
                        "preprocessing": [], 
                        "privatekey": "", 
                        "publickey": "", 
                        "snmp_community": "", 
                        "snmp_oid": "", 
                        "snmpv3_authpassphrase": "", 
                        "snmpv3_authprotocol": "0", 
                        "snmpv3_contextname": "", 
                        "snmpv3_privpassphrase": "", 
                        "snmpv3_privprotocol": "0", 
                        "snmpv3_securitylevel": "0", 
                        "snmpv3_securityname": "", 
                        "status": "0", 
                        "trends": "365d", 
                        "type": "3", 
                        "units": "s", 
                        "username": "", 
                        "value_type": "0", 
                        "valuemap": []
                    }, 
                    {
                        "allowed_hosts": "", 
                        "applications": [
                            {
                                "name": "Shipex"
                            }
                        ], 
                        "authtype": "0", 
                        "delay": "1m", 
                        "description": "", 
                        "history": "90d", 
                        "inventory_link": "0", 
                        "ipmi_sensor": "", 
                        "jmx_endpoint": "", 
                        "key": "proc.cpu.util[beam.smp,,,shipex]", 
                        "logtimefmt": "", 
                        "master_item": [], 
                        "name": "Shipex CPU Utilization", 
                        "params": "", 
                        "password": "", 
                        "port": "", 
                        "preprocessing": [], 
                        "privatekey": "", 
                        "publickey": "", 
                        "snmp_community": "", 
                        "snmp_oid": "", 
                        "snmpv3_authpassphrase": "", 
                        "snmpv3_authprotocol": "0", 
                        "snmpv3_contextname": "", 
                        "snmpv3_privpassphrase": "", 
                        "snmpv3_privprotocol": "0", 
                        "snmpv3_securitylevel": "0", 
                        "snmpv3_securityname": "", 
                        "status": "0", 
                        "trends": "365d", 
                        "type": "7", 
                        "units": "%", 
                        "username": "", 
                        "value_type": "0", 
                        "valuemap": []
                    }, 
                    {
                        "allowed_hosts": "", 
                        "applications": [
                            {
                                "name": "Shipex"
                            }
                        ], 
                        "authtype": "0", 
                        "delay": "1m", 
                        "description": "", 
                        "history": "90d", 
                        "inventory_link": "0", 
                        "ipmi_sensor": "", 
                        "jmx_endpoint": "", 
                        "key": "proc.mem[beam.smp,,,shipex,pmem]", 
                        "logtimefmt": "", 
                        "master_item": [], 
                        "name": "Shipex Memory Utilization", 
                        "params": "", 
                        "password": "", 
                        "port": "", 
                        "preprocessing": [], 
                        "privatekey": "", 
                        "publickey": "", 
                        "snmp_community": "", 
                        "snmp_oid": "", 
                        "snmpv3_authpassphrase": "", 
                        "snmpv3_authprotocol": "0", 
                        "snmpv3_contextname": "", 
                        "snmpv3_privpassphrase": "", 
                        "snmpv3_privprotocol": "0", 
                        "snmpv3_securitylevel": "0", 
                        "snmpv3_securityname": "", 
                        "status": "0", 
                        "trends": "365d", 
                        "type": "7", 
                        "units": "%", 
                        "username": "", 
                        "value_type": "0", 
                        "valuemap": []
                    }, 
                    {
                        "allowed_hosts": "", 
                        "applications": [
                            {
                                "name": "Shipex"
                            }
                        ], 
                        "authtype": "0", 
                        "delay": "1m", 
                        "description": "", 
                        "history": "90d", 
                        "inventory_link": "0", 
                        "ipmi_sensor": "", 
                        "jmx_endpoint": "", 
                        "key": "proc.mem[beam.smp,,,shipex,rss]", 
                        "logtimefmt": "", 
                        "master_item": [], 
                        "name": "Shipex Memory Usage", 
                        "params": "", 
                        "password": "", 
                        "port": "", 
                        "preprocessing": [], 
                        "privatekey": "", 
                        "publickey": "", 
                        "snmp_community": "", 
                        "snmp_oid": "", 
                        "snmpv3_authpassphrase": "", 
                        "snmpv3_authprotocol": "0", 
                        "snmpv3_contextname": "", 
                        "snmpv3_privpassphrase": "", 
                        "snmpv3_privprotocol": "0", 
                        "snmpv3_securitylevel": "0", 
                        "snmpv3_securityname": "", 
                        "status": "0", 
                        "trends": "365d", 
                        "type": "7", 
                        "units": "B", 
                        "username": "", 
                        "value_type": "3", 
                        "valuemap": []
                    }, 
                    {
                        "allowed_hosts": "", 
                        "applications": [
                            {
                                "name": "Shipex"
                            }
                        ], 
                        "authtype": "0", 
                        "delay": "1m", 
                        "description": "", 
                        "history": "90d", 
                        "inventory_link": "0", 
                        "ipmi_sensor": "", 
                        "jmx_endpoint": "", 
                        "key": "proc.num[beam.smp,,,shipex]", 
                        "logtimefmt": "", 
                        "master_item": [], 
                        "name": "Shipex Process", 
                        "params": "", 
                        "password": "", 
                        "port": "", 
                        "preprocessing": [], 
                        "privatekey": "", 
                        "publickey": "", 
                        "snmp_community": "", 
                        "snmp_oid": "", 
                        "snmpv3_authpassphrase": "", 
                        "snmpv3_authprotocol": "0", 
                        "snmpv3_contextname": "", 
                        "snmpv3_privpassphrase": "", 
                        "snmpv3_privprotocol": "0", 
                        "snmpv3_securitylevel": "0", 
                        "snmpv3_securityname": "", 
                        "status": "0", 
                        "trends": "365d", 
                        "type": "7", 
                        "units": "", 
                        "username": "", 
                        "value_type": "3", 
                        "valuemap": []
                    }
                ], 
                "macros": [], 
                "name": "CORP Template Module Shipex", 
                "screens": [
                    {
                        "hsize": "2", 
                        "name": "Shipex Health", 
                        "screen_items": [
                            {
                                "application": "", 
                                "colspan": "1", 
                                "dynamic": "0", 
                                "elements": "0", 
                                "halign": "0", 
                                "height": "100", 
                                "max_columns": "3", 
                                "resource": {
                                    "host": "CORP Template Module Shipex", 
                                    "name": "Shipex CPU Utilization"
                                }, 
                                "resourcetype": "0", 
                                "rowspan": "1", 
                                "sort_triggers": "0", 
                                "style": "0", 
                                "url": "", 
                                "valign": "0", 
                                "width": "500", 
                                "x": "0", 
                                "y": "0"
                            }, 
                            {
                                "application": "", 
                                "colspan": "1", 
                                "dynamic": "0", 
                                "elements": "0", 
                                "halign": "0", 
                                "height": "100", 
                                "max_columns": "3", 
                                "resource": {
                                    "host": "CORP Template Module Shipex", 
                                    "name": "Shipex Memory Utilization"
                                }, 
                                "resourcetype": "0", 
                                "rowspan": "1", 
                                "sort_triggers": "0", 
                                "style": "0", 
                                "url": "", 
                                "valign": "0", 
                                "width": "500", 
                                "x": "1", 
                                "y": "0"
                            }, 
                            {
                                "application": "", 
                                "colspan": "1", 
                                "dynamic": "0", 
                                "elements": "0", 
                                "halign": "0", 
                                "height": "100", 
                                "max_columns": "3", 
                                "resource": {
                                    "host": "CORP Template Module Shipex", 
                                    "name": "Shipex Response Time"
                                }, 
                                "resourcetype": "0", 
                                "rowspan": "1", 
                                "sort_triggers": "0", 
                                "style": "0", 
                                "url": "", 
                                "valign": "0", 
                                "width": "500", 
                                "x": "0", 
                                "y": "1"
                            }, 
                            {
                                "application": "", 
                                "colspan": "1", 
                                "dynamic": "0", 
                                "elements": "0", 
                                "halign": "0", 
                                "height": "100", 
                                "max_columns": "3", 
                                "resource": {
                                    "host": "CORP Template Module Shipex", 
                                    "name": "Shipex Memory Usage"
                                }, 
                                "resourcetype": "0", 
                                "rowspan": "1", 
                                "sort_triggers": "0", 
                                "style": "0", 
                                "url": "", 
                                "valign": "0", 
                                "width": "500", 
                                "x": "1", 
                                "y": "1"
                            }
                        ], 
                        "vsize": "2"
                    }
                ], 
                "template": "CORP Template Module Shipex", 
                "templates": []
            }
        ], 
        "triggers": [
            {
                "correlation_mode": "0", 
                "correlation_tag": "", 
                "dependencies": [
                    {
                        "expression": "{CORP Template Module Shipex:net.tcp.listen[4007].count(5m,0,eq)}>3", 
                        "name": "Shipex not listening on port 4007", 
                        "recovery_expression": ""
                    }
                ], 
                "description": "", 
                "expression": "{CORP Template Module Shipex:net.tcp.service.perf[tcp,,4007].count(5m,0.000000,eq)}>3", 
                "manual_close": "0", 
                "name": "Shipex not accepting connections on port 4007", 
                "priority": "3", 
                "recovery_expression": "", 
                "recovery_mode": "0", 
                "status": "0", 
                "tags": [], 
                "type": "0", 
                "url": ""
            }, 
            {
                "correlation_mode": "0", 
                "correlation_tag": "", 
                "dependencies": [
                    {
                        "expression": "{CORP Template Module Shipex:proc.num[beam.smp,,,shipex].count(5m,0,eq)}>3", 
                        "name": "Shipex process not running", 
                        "recovery_expression": ""
                    }
                ], 
                "description": "", 
                "expression": "{CORP Template Module Shipex:net.tcp.listen[4007].count(5m,0,eq)}>3", 
                "manual_close": "0", 
                "name": "Shipex not listening on port 4007", 
                "priority": "3", 
                "recovery_expression": "", 
                "recovery_mode": "0", 
                "status": "0", 
                "tags": [], 
                "type": "0", 
                "url": ""
            }, 
            {
                "correlation_mode": "0", 
                "correlation_tag": "", 
                "dependencies": [
                    {
                        "expression": "{CORP Template Module Shipex:hl.service.status[shipex_app].count(5m,0,gt)}>3", 
                        "name": "Shipex service not running", 
                        "recovery_expression": ""
                    }
                ], 
                "description": "", 
                "expression": "{CORP Template Module Shipex:proc.num[beam.smp,,,shipex].count(5m,0,eq)}>3", 
                "manual_close": "0", 
                "name": "Shipex process not running", 
                "priority": "3", 
                "recovery_expression": "", 
                "recovery_mode": "0", 
                "status": "0", 
                "tags": [], 
                "type": "0", 
                "url": ""
            }, 
            {
                "correlation_mode": "0", 
                "correlation_tag": "", 
                "dependencies": [], 
                "description": "", 
                "expression": "{CORP Template Module Shipex:hl.service.status[shipex_app].count(5m,0,gt)}>3", 
                "manual_close": "0", 
                "name": "Shipex service not running", 
                "priority": "3", 
                "recovery_expression": "", 
                "recovery_mode": "0", 
                "status": "0", 
                "tags": [], 
                "type": "0", 
                "url": ""
            }
        ], 
        "version": "3.4"
    }
}