{
    "zabbix_export": {
        "groups": [
            {
                "name": "CORP/Templates/Operating Systems"
            }
        ], 
        "templates": [
            {
                "applications": [], 
                "description": "", 
                "discovery_rules": [], 
                "groups": [
                    {
                        "name": "CORP/Templates/Operating Systems"
                    }
                ], 
                "httptests": [], 
                "items": [], 
                "macros": [], 
                "name": "CORP Template OS RHEL", 
                "screens": [], 
                "template": "CORP Template OS RHEL", 
                "templates": [
                    {
                        "name": "CORP Template OS Linux"
                    }
                ]
            }
        ], 
        "version": "3.4"
    }
}