{
    "zabbix_export": {
        "graphs": [
            {
                "graph_items": [
                    {
                        "calc_fnc": "2", 
                        "color": "1A7C11", 
                        "drawtype": "0", 
                        "item": {
                            "host": "CORP Template Module Clamav Scan", 
                            "key": "proc.cpu.util[{$CLAMAV_SCAN_SERVICE}]"
                        }, 
                        "sortorder": "0", 
                        "type": "0", 
                        "yaxisside": "0"
                    }, 
                    {
                        "calc_fnc": "2", 
                        "color": "F63100", 
                        "drawtype": "0", 
                        "item": {
                            "host": "CORP Template Module Clamav Scan", 
                            "key": "proc.mem[{$CLAMAV_SCAN_SERVICE},,,,pmem]"
                        }, 
                        "sortorder": "1", 
                        "type": "0", 
                        "yaxisside": "1"
                    }
                ], 
                "height": "200", 
                "name": "ClamAV Scan Stats", 
                "percent_left": "0.0000", 
                "percent_right": "0.0000", 
                "show_3d": "0", 
                "show_legend": "1", 
                "show_triggers": "1", 
                "show_work_period": "1", 
                "type": "0", 
                "width": "900", 
                "yaxismax": "100.0000", 
                "yaxismin": "0.0000", 
                "ymax_item_1": "0", 
                "ymax_type_1": "0", 
                "ymin_item_1": "0", 
                "ymin_type_1": "0"
            }
        ], 
        "groups": [
            {
                "name": "CORP/Templates/Modules"
            }
        ], 
        "templates": [
            {
                "applications": [
                    {
                        "name": "CLAMAV Scan"
                    }
                ], 
                "description": "", 
                "discovery_rules": [], 
                "groups": [
                    {
                        "name": "CORP/Templates/Modules"
                    }
                ], 
                "httptests": [], 
                "items": [
                    {
                        "allowed_hosts": "", 
                        "applications": [
                            {
                                "name": "CLAMAV Scan"
                            }
                        ], 
                        "authtype": "0", 
                        "delay": "1m", 
                        "description": "", 
                        "history": "90d", 
                        "inventory_link": "0", 
                        "ipmi_sensor": "", 
                        "jmx_endpoint": "", 
                        "key": "hl.service.status[{$CLAMAV_SCAN_SERVICE}]", 
                        "logtimefmt": "", 
                        "master_item": [], 
                        "name": "CLAMAV Scan Service Status", 
                        "params": "", 
                        "password": "", 
                        "port": "", 
                        "preprocessing": [], 
                        "privatekey": "", 
                        "publickey": "", 
                        "snmp_community": "", 
                        "snmp_oid": "", 
                        "snmpv3_authpassphrase": "", 
                        "snmpv3_authprotocol": "0", 
                        "snmpv3_contextname": "", 
                        "snmpv3_privpassphrase": "", 
                        "snmpv3_privprotocol": "0", 
                        "snmpv3_securitylevel": "0", 
                        "snmpv3_securityname": "", 
                        "status": "0", 
                        "trends": "365d", 
                        "type": "7", 
                        "units": "", 
                        "username": "", 
                        "value_type": "3", 
                        "valuemap": {
                            "name": "Service Status"
                        }
                    }, 
                    {
                        "allowed_hosts": "", 
                        "applications": [
                            {
                                "name": "CLAMAV Scan"
                            }
                        ], 
                        "authtype": "0", 
                        "delay": "1m", 
                        "description": "", 
                        "history": "90d", 
                        "inventory_link": "0", 
                        "ipmi_sensor": "", 
                        "jmx_endpoint": "", 
                        "key": "net.tcp.listen[{$CLAMAV_SCAN_PORT}]", 
                        "logtimefmt": "", 
                        "master_item": [], 
                        "name": "CLAMAV Scan Listening on port {$CLAMAV_SCAN_PORT}", 
                        "params": "", 
                        "password": "", 
                        "port": "", 
                        "preprocessing": [], 
                        "privatekey": "", 
                        "publickey": "", 
                        "snmp_community": "", 
                        "snmp_oid": "", 
                        "snmpv3_authpassphrase": "", 
                        "snmpv3_authprotocol": "0", 
                        "snmpv3_contextname": "", 
                        "snmpv3_privpassphrase": "", 
                        "snmpv3_privprotocol": "0", 
                        "snmpv3_securitylevel": "0", 
                        "snmpv3_securityname": "", 
                        "status": "0", 
                        "trends": "365d", 
                        "type": "7", 
                        "units": "", 
                        "username": "", 
                        "value_type": "3", 
                        "valuemap": {
                            "name": "Listen state"
                        }
                    }, 
                    {
                        "allowed_hosts": "", 
                        "applications": [
                            {
                                "name": "CLAMAV Scan"
                            }
                        ], 
                        "authtype": "0", 
                        "delay": "1m", 
                        "description": "", 
                        "history": "90d", 
                        "inventory_link": "0", 
                        "ipmi_sensor": "", 
                        "jmx_endpoint": "", 
                        "key": "net.tcp.service[tcp,{$CLAMAV_SCAN_IP},{$CLAMAV_SCAN_PORT}]", 
                        "logtimefmt": "", 
                        "master_item": [], 
                        "name": "CLAMAV Scan Accepting connections on port {$CLAMAV_SCAN_PORT}", 
                        "params": "", 
                        "password": "", 
                        "port": "", 
                        "preprocessing": [], 
                        "privatekey": "", 
                        "publickey": "", 
                        "snmp_community": "", 
                        "snmp_oid": "", 
                        "snmpv3_authpassphrase": "", 
                        "snmpv3_authprotocol": "0", 
                        "snmpv3_contextname": "", 
                        "snmpv3_privpassphrase": "", 
                        "snmpv3_privprotocol": "0", 
                        "snmpv3_securitylevel": "0", 
                        "snmpv3_securityname": "", 
                        "status": "0", 
                        "trends": "365d", 
                        "type": "7", 
                        "units": "", 
                        "username": "", 
                        "value_type": "3", 
                        "valuemap": {
                            "name": "Service state"
                        }
                    }, 
                    {
                        "allowed_hosts": "", 
                        "applications": [
                            {
                                "name": "CLAMAV Scan"
                            }
                        ], 
                        "authtype": "0", 
                        "delay": "5m", 
                        "description": "", 
                        "history": "90d", 
                        "inventory_link": "0", 
                        "ipmi_sensor": "", 
                        "jmx_endpoint": "", 
                        "key": "proc.cpu.util[{$CLAMAV_SCAN_SERVICE}]", 
                        "logtimefmt": "", 
                        "master_item": [], 
                        "name": "{$CLAMAV_SCAN_SERVICE} CPU Utilization", 
                        "params": "", 
                        "password": "", 
                        "port": "", 
                        "preprocessing": [], 
                        "privatekey": "", 
                        "publickey": "", 
                        "snmp_community": "", 
                        "snmp_oid": "", 
                        "snmpv3_authpassphrase": "", 
                        "snmpv3_authprotocol": "0", 
                        "snmpv3_contextname": "", 
                        "snmpv3_privpassphrase": "", 
                        "snmpv3_privprotocol": "0", 
                        "snmpv3_securitylevel": "0", 
                        "snmpv3_securityname": "", 
                        "status": "0", 
                        "trends": "365d", 
                        "type": "7", 
                        "units": "%", 
                        "username": "", 
                        "value_type": "0", 
                        "valuemap": []
                    }, 
                    {
                        "allowed_hosts": "", 
                        "applications": [
                            {
                                "name": "CLAMAV Scan"
                            }
                        ], 
                        "authtype": "0", 
                        "delay": "5m", 
                        "description": "", 
                        "history": "90d", 
                        "inventory_link": "0", 
                        "ipmi_sensor": "", 
                        "jmx_endpoint": "", 
                        "key": "proc.mem[{$CLAMAV_SCAN_SERVICE},,,,pmem]", 
                        "logtimefmt": "", 
                        "master_item": [], 
                        "name": "{$CLAMAV_SCAN_SERVICE} Memory Utilization", 
                        "params": "", 
                        "password": "", 
                        "port": "", 
                        "preprocessing": [], 
                        "privatekey": "", 
                        "publickey": "", 
                        "snmp_community": "", 
                        "snmp_oid": "", 
                        "snmpv3_authpassphrase": "", 
                        "snmpv3_authprotocol": "0", 
                        "snmpv3_contextname": "", 
                        "snmpv3_privpassphrase": "", 
                        "snmpv3_privprotocol": "0", 
                        "snmpv3_securitylevel": "0", 
                        "snmpv3_securityname": "", 
                        "status": "0", 
                        "trends": "365d", 
                        "type": "7", 
                        "units": "%", 
                        "username": "", 
                        "value_type": "0", 
                        "valuemap": []
                    }, 
                    {
                        "allowed_hosts": "", 
                        "applications": [
                            {
                                "name": "CLAMAV Scan"
                            }
                        ], 
                        "authtype": "0", 
                        "delay": "5m", 
                        "description": "", 
                        "history": "90d", 
                        "inventory_link": "0", 
                        "ipmi_sensor": "", 
                        "jmx_endpoint": "", 
                        "key": "proc.num[{$CLAMAV_SCAN_SERVICE}]", 
                        "logtimefmt": "", 
                        "master_item": [], 
                        "name": "{$CLAMAV_SCAN_SERVICE} processes", 
                        "params": "", 
                        "password": "", 
                        "port": "", 
                        "preprocessing": [], 
                        "privatekey": "", 
                        "publickey": "", 
                        "snmp_community": "", 
                        "snmp_oid": "", 
                        "snmpv3_authpassphrase": "", 
                        "snmpv3_authprotocol": "0", 
                        "snmpv3_contextname": "", 
                        "snmpv3_privpassphrase": "", 
                        "snmpv3_privprotocol": "0", 
                        "snmpv3_securitylevel": "0", 
                        "snmpv3_securityname": "", 
                        "status": "0", 
                        "trends": "365d", 
                        "type": "7", 
                        "units": "", 
                        "username": "", 
                        "value_type": "3", 
                        "valuemap": []
                    }, 
                    {
                        "allowed_hosts": "", 
                        "applications": [
                            {
                                "name": "CLAMAV Scan"
                            }
                        ], 
                        "authtype": "0", 
                        "delay": "1h", 
                        "description": "", 
                        "history": "90d", 
                        "inventory_link": "0", 
                        "ipmi_sensor": "", 
                        "jmx_endpoint": "", 
                        "key": "system.sw.packages[clamav,,short]", 
                        "logtimefmt": "", 
                        "master_item": [], 
                        "name": "ClamAV Packages", 
                        "params": "", 
                        "password": "", 
                        "port": "", 
                        "preprocessing": [], 
                        "privatekey": "", 
                        "publickey": "", 
                        "snmp_community": "", 
                        "snmp_oid": "", 
                        "snmpv3_authpassphrase": "", 
                        "snmpv3_authprotocol": "0", 
                        "snmpv3_contextname": "", 
                        "snmpv3_privpassphrase": "", 
                        "snmpv3_privprotocol": "0", 
                        "snmpv3_securitylevel": "0", 
                        "snmpv3_securityname": "", 
                        "status": "0", 
                        "trends": "0", 
                        "type": "7", 
                        "units": "", 
                        "username": "", 
                        "value_type": "4", 
                        "valuemap": []
                    }
                ], 
                "macros": [
                    {
                        "macro": "{$CLAMAV_SCAN_IP}", 
                        "value": ""
                    }, 
                    {
                        "macro": "{$CLAMAV_SCAN_PORT}", 
                        "value": "3310"
                    }, 
                    {
                        "macro": "{$CLAMAV_SCAN_SERVICE}", 
                        "value": "clamd.scan"
                    }
                ], 
                "name": "CORP Template Module Clamav Scan", 
                "screens": [], 
                "template": "CORP Template Module Clamav Scan", 
                "templates": []
            }
        ], 
        "triggers": [
            {
                "correlation_mode": "0", 
                "correlation_tag": "", 
                "dependencies": [], 
                "description": "", 
                "expression": "{CORP Template Module Clamav Scan:system.sw.packages[clamav,,short].count(2h,\"^$\",regexp)}<>0", 
                "manual_close": "0", 
                "name": "ClamAV not installed", 
                "priority": "1", 
                "recovery_expression": "", 
                "recovery_mode": "0", 
                "status": "0", 
                "tags": [], 
                "type": "0", 
                "url": ""
            }, 
            {
                "correlation_mode": "0", 
                "correlation_tag": "", 
                "dependencies": [
                    {
                        "expression": "{CORP Template Module Clamav Scan:net.tcp.listen[{$CLAMAV_SCAN_PORT}].count(5m,0,eq)}>2", 
                        "name": "ClamAV Scan not listening on port {$CLAMAV_SCAN_PORT}", 
                        "recovery_expression": ""
                    }
                ], 
                "description": "", 
                "expression": "{CORP Template Module Clamav Scan:net.tcp.service[tcp,{$CLAMAV_SCAN_IP},{$CLAMAV_SCAN_PORT}].count(5m,0,eq)}>2", 
                "manual_close": "0", 
                "name": "ClamAV Scan not accepting connections on port {$CLAMAV_SCAN_PORT}", 
                "priority": "3", 
                "recovery_expression": "", 
                "recovery_mode": "0", 
                "status": "0", 
                "tags": [], 
                "type": "0", 
                "url": ""
            }, 
            {
                "correlation_mode": "0", 
                "correlation_tag": "", 
                "dependencies": [
                    {
                        "expression": "{CORP Template Module Clamav Scan:hl.service.status[{$CLAMAV_SCAN_SERVICE}].count(5m,0,gt)}>2", 
                        "name": "ClamAV Scan service not running", 
                        "recovery_expression": ""
                    }
                ], 
                "description": "", 
                "expression": "{CORP Template Module Clamav Scan:net.tcp.listen[{$CLAMAV_SCAN_PORT}].count(5m,0,eq)}>2", 
                "manual_close": "0", 
                "name": "ClamAV Scan not listening on port {$CLAMAV_SCAN_PORT}", 
                "priority": "3", 
                "recovery_expression": "", 
                "recovery_mode": "0", 
                "status": "0", 
                "tags": [], 
                "type": "0", 
                "url": ""
            }, 
            {
                "correlation_mode": "0", 
                "correlation_tag": "", 
                "dependencies": [
                    {
                        "expression": "{CORP Template Module Clamav Scan:system.sw.packages[clamav,,short].count(2h,\"^$\",regexp)}<>0", 
                        "name": "ClamAV not installed", 
                        "recovery_expression": ""
                    }
                ], 
                "description": "", 
                "expression": "{CORP Template Module Clamav Scan:hl.service.status[{$CLAMAV_SCAN_SERVICE}].count(5m,0,gt)}>2", 
                "manual_close": "0", 
                "name": "ClamAV Scan service not running", 
                "priority": "3", 
                "recovery_expression": "", 
                "recovery_mode": "0", 
                "status": "0", 
                "tags": [], 
                "type": "0", 
                "url": ""
            }
        ], 
        "value_maps": [
            {
                "mappings": [
                    {
                        "newvalue": "Not listening", 
                        "value": "0"
                    }, 
                    {
                        "newvalue": "Listening", 
                        "value": "1"
                    }
                ], 
                "name": "Listen state"
            }, 
            {
                "mappings": [
                    {
                        "newvalue": "Down", 
                        "value": "0"
                    }, 
                    {
                        "newvalue": "Up", 
                        "value": "1"
                    }
                ], 
                "name": "Service state"
            }, 
            {
                "mappings": [
                    {
                        "newvalue": "OK", 
                        "value": "0"
                    }, 
                    {
                        "newvalue": "Dead (pid exists)", 
                        "value": "1"
                    }, 
                    {
                        "newvalue": "Dead (lock exists)", 
                        "value": "2"
                    }, 
                    {
                        "newvalue": "Not running", 
                        "value": "3"
                    }, 
                    {
                        "newvalue": "Unknown", 
                        "value": "4"
                    }
                ], 
                "name": "Service Status"
            }
        ], 
        "version": "3.4"
    }
}