{
    "zabbix_export": {
        "groups": [
            {
                "name": "CORP/Templates/Cloud"
            }
        ], 
        "templates": [
            {
                "applications": [
                    {
                        "name": "ELB"
                    }
                ], 
                "description": "", 
                "discovery_rules": [], 
                "groups": [
                    {
                        "name": "CORP/Templates/Cloud"
                    }
                ], 
                "httptests": [], 
                "items": [
                    {
                        "allowed_hosts": "", 
                        "applications": [
                            {
                                "name": "ELB"
                            }
                        ], 
                        "authtype": "0", 
                        "delay": "300", 
                        "description": "The number of connections that were not successfully established between the load balancer and the registered instances. Because the load balancer retries the connection when there are errors, this count can exceed the request rate. Note that this count also includes any connection errors related to health checks.\r\n\r\nReporting criteria: There is a nonzero value\r\n\r\nStatistics: The most useful statistic is Sum. Note that Average, Minimum, and Maximum are reported per load balancer node and are not typically useful. However, the difference between the minimum and maximum (or peak to average or average to trough) might be useful to determine whether a load balancer node is an outlier.\r\n\r\nExample: Suppose that your load balancer has 2 instances in us-west-2a and 2 instances in us-west-2b, and that attempts to connect to 1 instance in us-west-2a result in back-end connection errors. The sum for us-west-2a includes these connection errors, while the sum for us-west-2b does not include them. Therefore, the sum for the load balancer equals the sum for us-west-2a.", 
                        "history": "90d", 
                        "inventory_link": "0", 
                        "ipmi_sensor": "", 
                        "jmx_endpoint": "", 
                        "key": "cloudwatch.metric[300,ActiveConnectionCount,AWS/ApplicationELB,Average,{$REGION},LoadBalancer=app/{HOST.NAME}/{HOST.HOST},{$ACCOUNT}]", 
                        "logtimefmt": "", 
                        "master_item": [], 
                        "name": "Active Connection Count", 
                        "params": "", 
                        "password": "", 
                        "port": "", 
                        "preprocessing": [], 
                        "privatekey": "", 
                        "publickey": "", 
                        "snmp_community": "", 
                        "snmp_oid": "", 
                        "snmpv3_authpassphrase": "", 
                        "snmpv3_authprotocol": "0", 
                        "snmpv3_contextname": "", 
                        "snmpv3_privpassphrase": "", 
                        "snmpv3_privprotocol": "0", 
                        "snmpv3_securitylevel": "0", 
                        "snmpv3_securityname": "", 
                        "status": "0", 
                        "trends": "365d", 
                        "type": "10", 
                        "units": "", 
                        "username": "", 
                        "value_type": "0", 
                        "valuemap": []
                    }, 
                    {
                        "allowed_hosts": "", 
                        "applications": [
                            {
                                "name": "ELB"
                            }
                        ], 
                        "authtype": "0", 
                        "delay": "300", 
                        "description": "The number of connections that were not successfully established between the load balancer and the registered instances. Because the load balancer retries the connection when there are errors, this count can exceed the request rate. Note that this count also includes any connection errors related to health checks.\r\n\r\nReporting criteria: There is a nonzero value\r\n\r\nStatistics: The most useful statistic is Sum. Note that Average, Minimum, and Maximum are reported per load balancer node and are not typically useful. However, the difference between the minimum and maximum (or peak to average or average to trough) might be useful to determine whether a load balancer node is an outlier.\r\n\r\nExample: Suppose that your load balancer has 2 instances in us-west-2a and 2 instances in us-west-2b, and that attempts to connect to 1 instance in us-west-2a result in back-end connection errors. The sum for us-west-2a includes these connection errors, while the sum for us-west-2b does not include them. Therefore, the sum for the load balancer equals the sum for us-west-2a.", 
                        "history": "90d", 
                        "inventory_link": "0", 
                        "ipmi_sensor": "", 
                        "jmx_endpoint": "", 
                        "key": "cloudwatch.metric[300,ConsumedLCUs,AWS/ApplicationELB,Average,{$REGION},LoadBalancer=app/{HOST.NAME}/{HOST.HOST},{$ACCOUNT}]", 
                        "logtimefmt": "", 
                        "master_item": [], 
                        "name": "Consumed LCUs", 
                        "params": "", 
                        "password": "", 
                        "port": "", 
                        "preprocessing": [], 
                        "privatekey": "", 
                        "publickey": "", 
                        "snmp_community": "", 
                        "snmp_oid": "", 
                        "snmpv3_authpassphrase": "", 
                        "snmpv3_authprotocol": "0", 
                        "snmpv3_contextname": "", 
                        "snmpv3_privpassphrase": "", 
                        "snmpv3_privprotocol": "0", 
                        "snmpv3_securitylevel": "0", 
                        "snmpv3_securityname": "", 
                        "status": "0", 
                        "trends": "365d", 
                        "type": "10", 
                        "units": "", 
                        "username": "", 
                        "value_type": "0", 
                        "valuemap": []
                    }, 
                    {
                        "allowed_hosts": "", 
                        "applications": [
                            {
                                "name": "ELB"
                            }
                        ], 
                        "authtype": "0", 
                        "delay": "300", 
                        "description": "The number of connections that were not successfully established between the load balancer and the registered instances. Because the load balancer retries the connection when there are errors, this count can exceed the request rate. Note that this count also includes any connection errors related to health checks.\r\n\r\nReporting criteria: There is a nonzero value\r\n\r\nStatistics: The most useful statistic is Sum. Note that Average, Minimum, and Maximum are reported per load balancer node and are not typically useful. However, the difference between the minimum and maximum (or peak to average or average to trough) might be useful to determine whether a load balancer node is an outlier.\r\n\r\nExample: Suppose that your load balancer has 2 instances in us-west-2a and 2 instances in us-west-2b, and that attempts to connect to 1 instance in us-west-2a result in back-end connection errors. The sum for us-west-2a includes these connection errors, while the sum for us-west-2b does not include them. Therefore, the sum for the load balancer equals the sum for us-west-2a.", 
                        "history": "90d", 
                        "inventory_link": "0", 
                        "ipmi_sensor": "", 
                        "jmx_endpoint": "", 
                        "key": "cloudwatch.metric[300,HTTPCode_Target_2XX_Count,AWS/ApplicationELB,Sum,{$REGION},LoadBalancer=app/{HOST.NAME}/{HOST.HOST},{$ACCOUNT}]", 
                        "logtimefmt": "", 
                        "master_item": [], 
                        "name": "HTTP Code Target 200 Count", 
                        "params": "", 
                        "password": "", 
                        "port": "", 
                        "preprocessing": [], 
                        "privatekey": "", 
                        "publickey": "", 
                        "snmp_community": "", 
                        "snmp_oid": "", 
                        "snmpv3_authpassphrase": "", 
                        "snmpv3_authprotocol": "0", 
                        "snmpv3_contextname": "", 
                        "snmpv3_privpassphrase": "", 
                        "snmpv3_privprotocol": "0", 
                        "snmpv3_securitylevel": "0", 
                        "snmpv3_securityname": "", 
                        "status": "0", 
                        "trends": "365d", 
                        "type": "10", 
                        "units": "", 
                        "username": "", 
                        "value_type": "0", 
                        "valuemap": []
                    }, 
                    {
                        "allowed_hosts": "", 
                        "applications": [
                            {
                                "name": "ELB"
                            }
                        ], 
                        "authtype": "0", 
                        "delay": "300", 
                        "description": "The number of connections that were not successfully established between the load balancer and the registered instances. Because the load balancer retries the connection when there are errors, this count can exceed the request rate. Note that this count also includes any connection errors related to health checks.\r\n\r\nReporting criteria: There is a nonzero value\r\n\r\nStatistics: The most useful statistic is Sum. Note that Average, Minimum, and Maximum are reported per load balancer node and are not typically useful. However, the difference between the minimum and maximum (or peak to average or average to trough) might be useful to determine whether a load balancer node is an outlier.\r\n\r\nExample: Suppose that your load balancer has 2 instances in us-west-2a and 2 instances in us-west-2b, and that attempts to connect to 1 instance in us-west-2a result in back-end connection errors. The sum for us-west-2a includes these connection errors, while the sum for us-west-2b does not include them. Therefore, the sum for the load balancer equals the sum for us-west-2a.", 
                        "history": "90d", 
                        "inventory_link": "0", 
                        "ipmi_sensor": "", 
                        "jmx_endpoint": "", 
                        "key": "cloudwatch.metric[300,HTTPCode_Target_4XX_Count,AWS/ApplicationELB,Sum,{$REGION},LoadBalancer=app/{HOST.NAME}/{HOST.HOST},{$ACCOUNT}]", 
                        "logtimefmt": "", 
                        "master_item": [], 
                        "name": "HTTP Code Target 400 Count", 
                        "params": "", 
                        "password": "", 
                        "port": "", 
                        "preprocessing": [], 
                        "privatekey": "", 
                        "publickey": "", 
                        "snmp_community": "", 
                        "snmp_oid": "", 
                        "snmpv3_authpassphrase": "", 
                        "snmpv3_authprotocol": "0", 
                        "snmpv3_contextname": "", 
                        "snmpv3_privpassphrase": "", 
                        "snmpv3_privprotocol": "0", 
                        "snmpv3_securitylevel": "0", 
                        "snmpv3_securityname": "", 
                        "status": "0", 
                        "trends": "365d", 
                        "type": "10", 
                        "units": "", 
                        "username": "", 
                        "value_type": "0", 
                        "valuemap": []
                    }, 
                    {
                        "allowed_hosts": "", 
                        "applications": [
                            {
                                "name": "ELB"
                            }
                        ], 
                        "authtype": "0", 
                        "delay": "300", 
                        "description": "The number of connections that were not successfully established between the load balancer and the registered instances. Because the load balancer retries the connection when there are errors, this count can exceed the request rate. Note that this count also includes any connection errors related to health checks.\r\n\r\nReporting criteria: There is a nonzero value\r\n\r\nStatistics: The most useful statistic is Sum. Note that Average, Minimum, and Maximum are reported per load balancer node and are not typically useful. However, the difference between the minimum and maximum (or peak to average or average to trough) might be useful to determine whether a load balancer node is an outlier.\r\n\r\nExample: Suppose that your load balancer has 2 instances in us-west-2a and 2 instances in us-west-2b, and that attempts to connect to 1 instance in us-west-2a result in back-end connection errors. The sum for us-west-2a includes these connection errors, while the sum for us-west-2b does not include them. Therefore, the sum for the load balancer equals the sum for us-west-2a.", 
                        "history": "90d", 
                        "inventory_link": "0", 
                        "ipmi_sensor": "", 
                        "jmx_endpoint": "", 
                        "key": "cloudwatch.metric[300,NewConnectionCount,AWS/ApplicationELB,Sum,{$REGION},LoadBalancer=app/{HOST.NAME}/{HOST.HOST},{$ACCOUNT}]", 
                        "logtimefmt": "", 
                        "master_item": [], 
                        "name": "New Connection Count", 
                        "params": "", 
                        "password": "", 
                        "port": "", 
                        "preprocessing": [], 
                        "privatekey": "", 
                        "publickey": "", 
                        "snmp_community": "", 
                        "snmp_oid": "", 
                        "snmpv3_authpassphrase": "", 
                        "snmpv3_authprotocol": "0", 
                        "snmpv3_contextname": "", 
                        "snmpv3_privpassphrase": "", 
                        "snmpv3_privprotocol": "0", 
                        "snmpv3_securitylevel": "0", 
                        "snmpv3_securityname": "", 
                        "status": "0", 
                        "trends": "365d", 
                        "type": "10", 
                        "units": "", 
                        "username": "", 
                        "value_type": "0", 
                        "valuemap": []
                    }, 
                    {
                        "allowed_hosts": "", 
                        "applications": [
                            {
                                "name": "ELB"
                            }
                        ], 
                        "authtype": "0", 
                        "delay": "300", 
                        "description": "The number of connections that were not successfully established between the load balancer and the registered instances. Because the load balancer retries the connection when there are errors, this count can exceed the request rate. Note that this count also includes any connection errors related to health checks.\r\n\r\nReporting criteria: There is a nonzero value\r\n\r\nStatistics: The most useful statistic is Sum. Note that Average, Minimum, and Maximum are reported per load balancer node and are not typically useful. However, the difference between the minimum and maximum (or peak to average or average to trough) might be useful to determine whether a load balancer node is an outlier.\r\n\r\nExample: Suppose that your load balancer has 2 instances in us-west-2a and 2 instances in us-west-2b, and that attempts to connect to 1 instance in us-west-2a result in back-end connection errors. The sum for us-west-2a includes these connection errors, while the sum for us-west-2b does not include them. Therefore, the sum for the load balancer equals the sum for us-west-2a.", 
                        "history": "90d", 
                        "inventory_link": "0", 
                        "ipmi_sensor": "", 
                        "jmx_endpoint": "", 
                        "key": "cloudwatch.metric[300,ProcessedBytes,AWS/ApplicationELB,Sum,{$REGION},LoadBalancer=app/{HOST.NAME}/{HOST.HOST},{$ACCOUNT}]", 
                        "logtimefmt": "", 
                        "master_item": [], 
                        "name": "Processed Bytes", 
                        "params": "", 
                        "password": "", 
                        "port": "", 
                        "preprocessing": [], 
                        "privatekey": "", 
                        "publickey": "", 
                        "snmp_community": "", 
                        "snmp_oid": "", 
                        "snmpv3_authpassphrase": "", 
                        "snmpv3_authprotocol": "0", 
                        "snmpv3_contextname": "", 
                        "snmpv3_privpassphrase": "", 
                        "snmpv3_privprotocol": "0", 
                        "snmpv3_securitylevel": "0", 
                        "snmpv3_securityname": "", 
                        "status": "0", 
                        "trends": "365d", 
                        "type": "10", 
                        "units": "B", 
                        "username": "", 
                        "value_type": "0", 
                        "valuemap": []
                    }, 
                    {
                        "allowed_hosts": "", 
                        "applications": [
                            {
                                "name": "ELB"
                            }
                        ], 
                        "authtype": "0", 
                        "delay": "300", 
                        "description": "The number of connections that were not successfully established between the load balancer and the registered instances. Because the load balancer retries the connection when there are errors, this count can exceed the request rate. Note that this count also includes any connection errors related to health checks.\r\n\r\nReporting criteria: There is a nonzero value\r\n\r\nStatistics: The most useful statistic is Sum. Note that Average, Minimum, and Maximum are reported per load balancer node and are not typically useful. However, the difference between the minimum and maximum (or peak to average or average to trough) might be useful to determine whether a load balancer node is an outlier.\r\n\r\nExample: Suppose that your load balancer has 2 instances in us-west-2a and 2 instances in us-west-2b, and that attempts to connect to 1 instance in us-west-2a result in back-end connection errors. The sum for us-west-2a includes these connection errors, while the sum for us-west-2b does not include them. Therefore, the sum for the load balancer equals the sum for us-west-2a.", 
                        "history": "90d", 
                        "inventory_link": "0", 
                        "ipmi_sensor": "", 
                        "jmx_endpoint": "", 
                        "key": "cloudwatch.metric[300,RequestCount,AWS/ApplicationELB,Sum,{$REGION},LoadBalancer=app/{HOST.NAME}/{HOST.HOST},{$ACCOUNT}]", 
                        "logtimefmt": "", 
                        "master_item": [], 
                        "name": "Request Count", 
                        "params": "", 
                        "password": "", 
                        "port": "", 
                        "preprocessing": [], 
                        "privatekey": "", 
                        "publickey": "", 
                        "snmp_community": "", 
                        "snmp_oid": "", 
                        "snmpv3_authpassphrase": "", 
                        "snmpv3_authprotocol": "0", 
                        "snmpv3_contextname": "", 
                        "snmpv3_privpassphrase": "", 
                        "snmpv3_privprotocol": "0", 
                        "snmpv3_securitylevel": "0", 
                        "snmpv3_securityname": "", 
                        "status": "0", 
                        "trends": "365d", 
                        "type": "10", 
                        "units": "", 
                        "username": "", 
                        "value_type": "0", 
                        "valuemap": []
                    }, 
                    {
                        "allowed_hosts": "", 
                        "applications": [
                            {
                                "name": "ELB"
                            }
                        ], 
                        "authtype": "0", 
                        "delay": "300", 
                        "description": "The number of connections that were not successfully established between the load balancer and the registered instances. Because the load balancer retries the connection when there are errors, this count can exceed the request rate. Note that this count also includes any connection errors related to health checks.\r\n\r\nReporting criteria: There is a nonzero value\r\n\r\nStatistics: The most useful statistic is Sum. Note that Average, Minimum, and Maximum are reported per load balancer node and are not typically useful. However, the difference between the minimum and maximum (or peak to average or average to trough) might be useful to determine whether a load balancer node is an outlier.\r\n\r\nExample: Suppose that your load balancer has 2 instances in us-west-2a and 2 instances in us-west-2b, and that attempts to connect to 1 instance in us-west-2a result in back-end connection errors. The sum for us-west-2a includes these connection errors, while the sum for us-west-2b does not include them. Therefore, the sum for the load balancer equals the sum for us-west-2a.", 
                        "history": "90d", 
                        "inventory_link": "0", 
                        "ipmi_sensor": "", 
                        "jmx_endpoint": "", 
                        "key": "cloudwatch.metric[300,TargetResponseTime,AWS/ApplicationELB,Average,{$REGION},LoadBalancer=app/{HOST.NAME}/{HOST.HOST},{$ACCOUNT}]", 
                        "logtimefmt": "", 
                        "master_item": [], 
                        "name": "Target Response Time", 
                        "params": "", 
                        "password": "", 
                        "port": "", 
                        "preprocessing": [], 
                        "privatekey": "", 
                        "publickey": "", 
                        "snmp_community": "", 
                        "snmp_oid": "", 
                        "snmpv3_authpassphrase": "", 
                        "snmpv3_authprotocol": "0", 
                        "snmpv3_contextname": "", 
                        "snmpv3_privpassphrase": "", 
                        "snmpv3_privprotocol": "0", 
                        "snmpv3_securitylevel": "0", 
                        "snmpv3_securityname": "", 
                        "status": "0", 
                        "trends": "365d", 
                        "type": "10", 
                        "units": "s", 
                        "username": "", 
                        "value_type": "0", 
                        "valuemap": []
                    }
                ], 
                "macros": [], 
                "name": "CORP Template AWS ELBv2 App", 
                "screens": [], 
                "template": "CORP Template AWS ELBv2 App", 
                "templates": []
            }
        ], 
        "version": "3.4"
    }
}