{
    "zabbix_export": {
        "graphs": [
            {
                "graph_items": [
                    {
                        "calc_fnc": "2", 
                        "color": "1A7C11", 
                        "drawtype": "0", 
                        "item": {
                            "host": "CORP Template Module Java", 
                            "key": "proc.cpu.util[java,hybris,,jmxremote]"
                        }, 
                        "sortorder": "0", 
                        "type": "0", 
                        "yaxisside": "0"
                    }, 
                    {
                        "calc_fnc": "2", 
                        "color": "F63100", 
                        "drawtype": "0", 
                        "item": {
                            "host": "CORP Template Module Java", 
                            "key": "proc.mem[java,hybris,,jmxremote,pmem]"
                        }, 
                        "sortorder": "1", 
                        "type": "0", 
                        "yaxisside": "1"
                    }
                ], 
                "height": "200", 
                "name": "Hybris Stats", 
                "percent_left": "0.0000", 
                "percent_right": "0.0000", 
                "show_3d": "0", 
                "show_legend": "1", 
                "show_triggers": "1", 
                "show_work_period": "1", 
                "type": "0", 
                "width": "900", 
                "yaxismax": "100.0000", 
                "yaxismin": "0.0000", 
                "ymax_item_1": "0", 
                "ymax_type_1": "0", 
                "ymin_item_1": "0", 
                "ymin_type_1": "0"
            }
        ], 
        "groups": [
            {
                "name": "CORP/Templates/Modules"
            }
        ], 
        "templates": [
            {
                "applications": [
                    {
                        "name": "Hybris"
                    }
                ], 
                "description": "", 
                "discovery_rules": [], 
                "groups": [
                    {
                        "name": "CORP/Templates/Modules"
                    }
                ], 
                "httptests": [], 
                "items": [
                    {
                        "allowed_hosts": "", 
                        "applications": [
                            {
                                "name": "Hybris"
                            }
                        ], 
                        "authtype": "0", 
                        "delay": "1m", 
                        "description": "", 
                        "history": "90d", 
                        "inventory_link": "0", 
                        "ipmi_sensor": "", 
                        "jmx_endpoint": "", 
                        "key": "net.tcp.listen[{$HYBRIS_PORT_JMX}]", 
                        "logtimefmt": "", 
                        "master_item": [], 
                        "name": "Hybris JMX port listenting", 
                        "params": "", 
                        "password": "", 
                        "port": "", 
                        "preprocessing": [], 
                        "privatekey": "", 
                        "publickey": "", 
                        "snmp_community": "", 
                        "snmp_oid": "", 
                        "snmpv3_authpassphrase": "", 
                        "snmpv3_authprotocol": "0", 
                        "snmpv3_contextname": "", 
                        "snmpv3_privpassphrase": "", 
                        "snmpv3_privprotocol": "0", 
                        "snmpv3_securitylevel": "0", 
                        "snmpv3_securityname": "", 
                        "status": "0", 
                        "trends": "365d", 
                        "type": "7", 
                        "units": "", 
                        "username": "", 
                        "value_type": "3", 
                        "valuemap": {
                            "name": "Listen state"
                        }
                    }, 
                    {
                        "allowed_hosts": "", 
                        "applications": [
                            {
                                "name": "Hybris"
                            }
                        ], 
                        "authtype": "0", 
                        "delay": "1m", 
                        "description": "", 
                        "history": "90d", 
                        "inventory_link": "0", 
                        "ipmi_sensor": "", 
                        "jmx_endpoint": "", 
                        "key": "net.tcp.service[tcp,,{$HYBRIS_PORT_JMX}]", 
                        "logtimefmt": "", 
                        "master_item": [], 
                        "name": "Hybris JMX port accepting connections", 
                        "params": "", 
                        "password": "", 
                        "port": "", 
                        "preprocessing": [], 
                        "privatekey": "", 
                        "publickey": "", 
                        "snmp_community": "", 
                        "snmp_oid": "", 
                        "snmpv3_authpassphrase": "", 
                        "snmpv3_authprotocol": "0", 
                        "snmpv3_contextname": "", 
                        "snmpv3_privpassphrase": "", 
                        "snmpv3_privprotocol": "0", 
                        "snmpv3_securitylevel": "0", 
                        "snmpv3_securityname": "", 
                        "status": "0", 
                        "trends": "365d", 
                        "type": "7", 
                        "units": "", 
                        "username": "", 
                        "value_type": "3", 
                        "valuemap": {
                            "name": "Service state"
                        }
                    }, 
                    {
                        "allowed_hosts": "", 
                        "applications": [
                            {
                                "name": "Hybris"
                            }
                        ], 
                        "authtype": "0", 
                        "delay": "5m", 
                        "description": "", 
                        "history": "90d", 
                        "inventory_link": "0", 
                        "ipmi_sensor": "", 
                        "jmx_endpoint": "", 
                        "key": "proc.cpu.util[java,hybris,,jmxremote]", 
                        "logtimefmt": "", 
                        "master_item": [], 
                        "name": "Hybris CPU Utilization", 
                        "params": "", 
                        "password": "", 
                        "port": "", 
                        "preprocessing": [], 
                        "privatekey": "", 
                        "publickey": "", 
                        "snmp_community": "", 
                        "snmp_oid": "", 
                        "snmpv3_authpassphrase": "", 
                        "snmpv3_authprotocol": "0", 
                        "snmpv3_contextname": "", 
                        "snmpv3_privpassphrase": "", 
                        "snmpv3_privprotocol": "0", 
                        "snmpv3_securitylevel": "0", 
                        "snmpv3_securityname": "", 
                        "status": "0", 
                        "trends": "365d", 
                        "type": "7", 
                        "units": "%", 
                        "username": "", 
                        "value_type": "0", 
                        "valuemap": []
                    }, 
                    {
                        "allowed_hosts": "", 
                        "applications": [
                            {
                                "name": "Hybris"
                            }
                        ], 
                        "authtype": "0", 
                        "delay": "5m", 
                        "description": "", 
                        "history": "90d", 
                        "inventory_link": "0", 
                        "ipmi_sensor": "", 
                        "jmx_endpoint": "", 
                        "key": "proc.mem[java,hybris,,jmxremote,pmem]", 
                        "logtimefmt": "", 
                        "master_item": [], 
                        "name": "Hybris Memory Utilization", 
                        "params": "", 
                        "password": "", 
                        "port": "", 
                        "preprocessing": [], 
                        "privatekey": "", 
                        "publickey": "", 
                        "snmp_community": "", 
                        "snmp_oid": "", 
                        "snmpv3_authpassphrase": "", 
                        "snmpv3_authprotocol": "0", 
                        "snmpv3_contextname": "", 
                        "snmpv3_privpassphrase": "", 
                        "snmpv3_privprotocol": "0", 
                        "snmpv3_securitylevel": "0", 
                        "snmpv3_securityname": "", 
                        "status": "0", 
                        "trends": "365d", 
                        "type": "7", 
                        "units": "%", 
                        "username": "", 
                        "value_type": "0", 
                        "valuemap": []
                    }, 
                    {
                        "allowed_hosts": "", 
                        "applications": [
                            {
                                "name": "Hybris"
                            }
                        ], 
                        "authtype": "0", 
                        "delay": "5m", 
                        "description": "", 
                        "history": "90d", 
                        "inventory_link": "0", 
                        "ipmi_sensor": "", 
                        "jmx_endpoint": "", 
                        "key": "proc.mem[java,hybris,,jmxremote,rss]", 
                        "logtimefmt": "", 
                        "master_item": [], 
                        "name": "Hybris RSS Memory", 
                        "params": "", 
                        "password": "", 
                        "port": "", 
                        "preprocessing": [], 
                        "privatekey": "", 
                        "publickey": "", 
                        "snmp_community": "", 
                        "snmp_oid": "", 
                        "snmpv3_authpassphrase": "", 
                        "snmpv3_authprotocol": "0", 
                        "snmpv3_contextname": "", 
                        "snmpv3_privpassphrase": "", 
                        "snmpv3_privprotocol": "0", 
                        "snmpv3_securitylevel": "0", 
                        "snmpv3_securityname": "", 
                        "status": "0", 
                        "trends": "365d", 
                        "type": "7", 
                        "units": "B", 
                        "username": "", 
                        "value_type": "3", 
                        "valuemap": []
                    }, 
                    {
                        "allowed_hosts": "", 
                        "applications": [
                            {
                                "name": "Hybris"
                            }
                        ], 
                        "authtype": "0", 
                        "delay": "5m", 
                        "description": "", 
                        "history": "90d", 
                        "inventory_link": "0", 
                        "ipmi_sensor": "", 
                        "jmx_endpoint": "", 
                        "key": "proc.mem[java,hybris,max,jmxremote,lib]", 
                        "logtimefmt": "", 
                        "master_item": [], 
                        "name": "Hybris Lib Memory", 
                        "params": "", 
                        "password": "", 
                        "port": "", 
                        "preprocessing": [], 
                        "privatekey": "", 
                        "publickey": "", 
                        "snmp_community": "", 
                        "snmp_oid": "", 
                        "snmpv3_authpassphrase": "", 
                        "snmpv3_authprotocol": "0", 
                        "snmpv3_contextname": "", 
                        "snmpv3_privpassphrase": "", 
                        "snmpv3_privprotocol": "0", 
                        "snmpv3_securitylevel": "0", 
                        "snmpv3_securityname": "", 
                        "status": "0", 
                        "trends": "365d", 
                        "type": "7", 
                        "units": "B", 
                        "username": "", 
                        "value_type": "3", 
                        "valuemap": []
                    }, 
                    {
                        "allowed_hosts": "", 
                        "applications": [
                            {
                                "name": "Hybris"
                            }
                        ], 
                        "authtype": "0", 
                        "delay": "1m", 
                        "description": "", 
                        "history": "90d", 
                        "inventory_link": "0", 
                        "ipmi_sensor": "", 
                        "jmx_endpoint": "", 
                        "key": "proc.num[java,hybris,,jmxremote]", 
                        "logtimefmt": "", 
                        "master_item": [], 
                        "name": "Hybris processes", 
                        "params": "", 
                        "password": "", 
                        "port": "", 
                        "preprocessing": [], 
                        "privatekey": "", 
                        "publickey": "", 
                        "snmp_community": "", 
                        "snmp_oid": "", 
                        "snmpv3_authpassphrase": "", 
                        "snmpv3_authprotocol": "0", 
                        "snmpv3_contextname": "", 
                        "snmpv3_privpassphrase": "", 
                        "snmpv3_privprotocol": "0", 
                        "snmpv3_securitylevel": "0", 
                        "snmpv3_securityname": "", 
                        "status": "0", 
                        "trends": "365d", 
                        "type": "7", 
                        "units": "", 
                        "username": "", 
                        "value_type": "3", 
                        "valuemap": []
                    }
                ], 
                "macros": [
                    {
                        "macro": "{$JAVA_PORT_JMX}", 
                        "value": "9003"
                    }
                ], 
                "name": "CORP Template Module Java", 
                "screens": [], 
                "template": "CORP Template Module Java", 
                "templates": []
            }
        ], 
        "triggers": [
            {
                "correlation_mode": "0", 
                "correlation_tag": "", 
                "dependencies": [
                    {
                        "expression": "{CORP Template Module Java:net.tcp.listen[{$HYBRIS_PORT_JMX}].count(5m,0,eq)}>2", 
                        "name": "Hybris not listening on JMX port", 
                        "recovery_expression": ""
                    }
                ], 
                "description": "", 
                "expression": "{CORP Template Module Java:net.tcp.service[tcp,,{$HYBRIS_PORT_JMX}].count(5m,0,eq)}>2", 
                "manual_close": "0", 
                "name": "Hybris not accepting connections on JMX port", 
                "priority": "3", 
                "recovery_expression": "", 
                "recovery_mode": "0", 
                "status": "0", 
                "tags": [], 
                "type": "0", 
                "url": ""
            }, 
            {
                "correlation_mode": "0", 
                "correlation_tag": "", 
                "dependencies": [
                    {
                        "expression": "{CORP Template Module Java:proc.num[java,hybris,,jmxremote].count(5m,1,lt)}>2", 
                        "name": "No hybris processes", 
                        "recovery_expression": ""
                    }
                ], 
                "description": "", 
                "expression": "{CORP Template Module Java:net.tcp.listen[{$HYBRIS_PORT_JMX}].count(5m,0,eq)}>2", 
                "manual_close": "0", 
                "name": "Hybris not listening on JMX port", 
                "priority": "3", 
                "recovery_expression": "", 
                "recovery_mode": "0", 
                "status": "0", 
                "tags": [], 
                "type": "0", 
                "url": ""
            }, 
            {
                "correlation_mode": "0", 
                "correlation_tag": "", 
                "dependencies": [], 
                "description": "", 
                "expression": "{CORP Template Module Java:proc.num[java,hybris,,jmxremote].count(5m,1,lt)}>2", 
                "manual_close": "0", 
                "name": "No hybris processes", 
                "priority": "3", 
                "recovery_expression": "", 
                "recovery_mode": "0", 
                "status": "0", 
                "tags": [], 
                "type": "0", 
                "url": ""
            }
        ], 
        "value_maps": [
            {
                "mappings": [
                    {
                        "newvalue": "Not listening", 
                        "value": "0"
                    }, 
                    {
                        "newvalue": "Listening", 
                        "value": "1"
                    }
                ], 
                "name": "Listen state"
            }, 
            {
                "mappings": [
                    {
                        "newvalue": "Down", 
                        "value": "0"
                    }, 
                    {
                        "newvalue": "Up", 
                        "value": "1"
                    }
                ], 
                "name": "Service state"
            }
        ], 
        "version": "3.4"
    }
}