{
    "apiVersion": "v1",
    "kind": "ImageStream",
    "metadata": {
        "annotations": {
            "openshift.io/display-name": "Apache HTTP Server (httpd)"
        },
        "name": "httpd"
    },
    "spec": {
        "tags": [
            {
                "annotations": {
                    "description": "Build and serve static content via Apache HTTP Server (httpd) on RHEL 7. For more information about using this builder image, including OpenShift considerations, see https://github.com/sclorg/httpd-container/blob/master/2.4/README.md.\n\nWARNING: By selecting this tag, your application will automatically update to use the latest version of Httpd available on OpenShift, including major versions updates.",
                    "iconClass": "icon-apache",
                    "openshift.io/display-name": "Apache HTTP Server (Latest)",
                    "openshift.io/provider-display-name": "Red Hat, Inc.",
                    "sampleRepo": "https://github.com/sclorg/httpd-ex.git",
                    "supports": "httpd",
                    "tags": "builder,httpd"
                },
                "from": {
                    "kind": "ImageStreamTag",
                    "name": "2.4"
                },
                "name": "latest",
                "referencePolicy": {
                    "type": "Local"
                }
            },
            {
                "annotations": {
                    "description": "Build and serve static content via Apache HTTP Server (httpd) 2.4 on RHEL 7. For more information about using this builder image, including OpenShift considerations, see https://github.com/sclorg/httpd-container/blob/master/2.4/README.md.",
                    "iconClass": "icon-apache",
                    "openshift.io/display-name": "Apache HTTP Server 2.4",
                    "openshift.io/provider-display-name": "Red Hat, Inc.",
                    "sampleRepo": "https://github.com/sclorg/httpd-ex.git",
                    "supports": "httpd",
                    "tags": "builder,httpd",
                    "version": "2.4"
                },
                "from": {
                    "kind": "DockerImage",
                    "name": "registry.redhat.io/rhscl/httpd-24-rhel7"
                },
                "name": "2.4",
                "referencePolicy": {
                    "type": "Local"
                }
            }
        ]
    }
}