{
    "apiVersion": "v1",
    "kind": "ImageStream",
    "labels": {
        "xpaas": "1.4.17"
    },
    "metadata": {
        "annotations": {
            "openshift.io/display-name": "Red Hat JBoss A-MQ 6.2",
            "openshift.io/provider-display-name": "Red Hat, Inc.",
            "version": "1.4.17"
        },
        "name": "jboss-amq-62"
    },
    "spec": {
        "tags": [
            {
                "annotations": {
                    "description": "JBoss A-MQ 6.2 broker image.",
                    "iconClass": "icon-amq",
                    "openshift.io/display-name": "Red Hat JBoss A-MQ 6.2",
                    "supports": "amq:6.2,messaging",
                    "tags": "messaging,amq,jboss,hidden",
                    "version": "1.1"
                },
                "from": {
                    "kind": "DockerImage",
                    "name": "registry.redhat.io/jboss-amq-6/amq62-openshift:1.1"
                },
                "name": "1.1",
                "referencePolicy": {
                    "type": "Local"
                }
            },
            {
                "annotations": {
                    "description": "JBoss A-MQ 6.2 broker image.",
                    "iconClass": "icon-amq",
                    "openshift.io/display-name": "Red Hat JBoss A-MQ 6.2",
                    "supports": "amq:6.2,messaging",
                    "tags": "messaging,amq,jboss,hidden",
                    "version": "1.2"
                },
                "from": {
                    "kind": "DockerImage",
                    "name": "registry.redhat.io/jboss-amq-6/amq62-openshift:1.2"
                },
                "name": "1.2",
                "referencePolicy": {
                    "type": "Local"
                }
            },
            {
                "annotations": {
                    "description": "JBoss A-MQ 6.2 broker image.",
                    "iconClass": "icon-amq",
                    "openshift.io/display-name": "Red Hat JBoss A-MQ 6.2",
                    "supports": "amq:6.2,messaging",
                    "tags": "messaging,amq,jboss,hidden",
                    "version": "1.3"
                },
                "from": {
                    "kind": "DockerImage",
                    "name": "registry.redhat.io/jboss-amq-6/amq62-openshift:1.3"
                },
                "name": "1.3",
                "referencePolicy": {
                    "type": "Local"
                }
            },
            {
                "annotations": {
                    "description": "JBoss A-MQ 6.2 broker image.",
                    "iconClass": "icon-amq",
                    "openshift.io/display-name": "Red Hat JBoss A-MQ 6.2",
                    "supports": "amq:6.2,messaging",
                    "tags": "messaging,amq,jboss,hidden",
                    "version": "1.4"
                },
                "from": {
                    "kind": "DockerImage",
                    "name": "registry.redhat.io/jboss-amq-6/amq62-openshift:1.4"
                },
                "name": "1.4",
                "referencePolicy": {
                    "type": "Local"
                }
            },
            {
                "annotations": {
                    "description": "JBoss A-MQ 6.2 broker image.",
                    "iconClass": "icon-amq",
                    "openshift.io/display-name": "Red Hat JBoss A-MQ 6.2",
                    "supports": "amq:6.2,messaging",
                    "tags": "messaging,amq,jboss,hidden",
                    "version": "1.5"
                },
                "from": {
                    "kind": "DockerImage",
                    "name": "registry.redhat.io/jboss-amq-6/amq62-openshift:1.5"
                },
                "name": "1.5",
                "referencePolicy": {
                    "type": "Local"
                }
            },
            {
                "annotations": {
                    "description": "JBoss A-MQ 6.2 broker image.",
                    "iconClass": "icon-amq",
                    "openshift.io/display-name": "Red Hat JBoss A-MQ 6.2",
                    "supports": "amq:6.2,messaging",
                    "tags": "messaging,amq,jboss,hidden",
                    "version": "1.6"
                },
                "from": {
                    "kind": "DockerImage",
                    "name": "registry.redhat.io/jboss-amq-6/amq62-openshift:1.6"
                },
                "name": "1.6",
                "referencePolicy": {
                    "type": "Local"
                }
            },
            {
                "annotations": {
                    "description": "JBoss A-MQ 6.2 broker image.",
                    "iconClass": "icon-amq",
                    "openshift.io/display-name": "Red Hat JBoss A-MQ 6.2",
                    "supports": "amq:6.2,messaging",
                    "tags": "messaging,amq,jboss,hidden",
                    "version": "1.7"
                },
                "from": {
                    "kind": "DockerImage",
                    "name": "registry.redhat.io/jboss-amq-6/amq62-openshift:1.7"
                },
                "name": "1.7",
                "referencePolicy": {
                    "type": "Local"
                }
            }
        ]
    }
}