{
    "apiVersion": "v1",
    "kind": "ImageStream",
    "metadata": {
        "annotations": {
            "openshift.io/display-name": "Ruby"
        },
        "name": "ruby"
    },
    "spec": {
        "tags": [
            {
                "annotations": {
                    "description": "Build and run Ruby applications on RHEL 7. For more information about using this builder image, including OpenShift considerations, see https://github.com/sclorg/s2i-ruby-container/tree/master/2.5/README.md.\n\nWARNING: By selecting this tag, your application will automatically update to use the latest version of Ruby available on OpenShift, including major version updates.",
                    "iconClass": "icon-ruby",
                    "openshift.io/display-name": "Ruby (Latest)",
                    "openshift.io/provider-display-name": "Red Hat, Inc.",
                    "sampleRepo": "https://github.com/sclorg/ruby-ex.git",
                    "supports": "ruby",
                    "tags": "builder,ruby,ppc64le"
                },
                "from": {
                    "kind": "ImageStreamTag",
                    "name": "2.5"
                },
                "name": "latest",
                "referencePolicy": {
                    "type": "Local"
                }
            },
            {
                "annotations": {
                    "description": "Build and run Ruby 2.5 applications on RHEL 7. For more information about using this builder image, including OpenShift considerations, see https://github.com/sclorg/s2i-ruby-container/blob/master/2.5/README.md.",
                    "iconClass": "icon-ruby",
                    "openshift.io/display-name": "Ruby 2.5",
                    "openshift.io/provider-display-name": "Red Hat, Inc.",
                    "sampleRepo": "https://github.com/sclorg/ruby-ex.git",
                    "supports": "ruby:2.5,ruby",
                    "tags": "builder,ruby,ppc64le",
                    "version": "2.5"
                },
                "from": {
                    "kind": "DockerImage",
                    "name": "registry.redhat.io/rhscl/ruby-25-rhel7:latest"
                },
                "name": "2.5",
                "referencePolicy": {
                    "type": "Local"
                }
            }
        ]
    }
}