{
    "apiVersion": "v1",
    "kind": "ImageStream",
    "labels": {
        "rh-sso": "7.2-v1.4.0"
    },
    "metadata": {
        "annotations": {
            "description": "Red Hat SSO 7.1",
            "openshift.io/display-name": "Red Hat Single Sign-On 7.1",
            "openshift.io/provider-display-name": "Red Hat, Inc.",
            "version": "rh-sso-7.2-v1.4.0"
        },
        "name": "redhat-sso71-openshift"
    },
    "spec": {
        "tags": [
            {
                "annotations": {
                    "description": "Red Hat SSO 7.1",
                    "iconClass": "icon-sso",
                    "openshift.io/display-name": "Red Hat Single Sign-On 7.1",
                    "supports": "sso:7.1",
                    "tags": "sso,keycloak,redhat,hidden",
                    "version": "1.0"
                },
                "from": {
                    "kind": "DockerImage",
                    "name": "registry.redhat.io/redhat-sso-7/sso71-openshift:1.0"
                },
                "name": "1.0",
                "referencePolicy": {
                    "type": "Local"
                }
            },
            {
                "annotations": {
                    "description": "Red Hat SSO 7.1",
                    "iconClass": "icon-sso",
                    "openshift.io/display-name": "Red Hat Single Sign-On 7.1",
                    "supports": "sso:7.1",
                    "tags": "sso,keycloak,redhat,hidden",
                    "version": "1.1"
                },
                "from": {
                    "kind": "DockerImage",
                    "name": "registry.redhat.io/redhat-sso-7/sso71-openshift:1.1"
                },
                "name": "1.1",
                "referencePolicy": {
                    "type": "Local"
                }
            },
            {
                "annotations": {
                    "description": "Red Hat SSO 7.1",
                    "iconClass": "icon-sso",
                    "openshift.io/display-name": "Red Hat Single Sign-On 7.1",
                    "supports": "sso:7.1",
                    "tags": "sso,keycloak,redhat,hidden",
                    "version": "1.2"
                },
                "from": {
                    "kind": "DockerImage",
                    "name": "registry.redhat.io/redhat-sso-7/sso71-openshift:1.2"
                },
                "name": "1.2",
                "referencePolicy": {
                    "type": "Local"
                }
            },
            {
                "annotations": {
                    "description": "Red Hat SSO 7.1",
                    "iconClass": "icon-sso",
                    "openshift.io/display-name": "Red Hat Single Sign-On 7.1",
                    "supports": "sso:7.1",
                    "tags": "sso,keycloak,redhat,hidden",
                    "version": "1.3"
                },
                "from": {
                    "kind": "DockerImage",
                    "name": "registry.redhat.io/redhat-sso-7/sso71-openshift:1.3"
                },
                "name": "1.3",
                "referencePolicy": {
                    "type": "Local"
                }
            }
        ]
    }
}