{
    "apiVersion": "v1",
    "kind": "ImageStream",
    "labels": {
        "rh-sso": "7.2-v1.4.0"
    },
    "metadata": {
        "annotations": {
            "description": "Red Hat SSO 7.0",
            "openshift.io/display-name": "Red Hat Single Sign-On 7.0",
            "openshift.io/provider-display-name": "Red Hat, Inc.",
            "version": "rh-sso-7.2-v1.4.0"
        },
        "name": "redhat-sso70-openshift"
    },
    "spec": {
        "tags": [
            {
                "annotations": {
                    "description": "Red Hat SSO 7.0",
                    "iconClass": "icon-sso",
                    "openshift.io/display-name": "Red Hat Single Sign-On 7.0",
                    "supports": "sso:7.0",
                    "tags": "sso,keycloak,redhat,hidden",
                    "version": "1.3"
                },
                "from": {
                    "kind": "DockerImage",
                    "name": "registry.redhat.io/redhat-sso-7/sso70-openshift:1.3"
                },
                "name": "1.3",
                "referencePolicy": {
                    "type": "Local"
                }
            },
            {
                "annotations": {
                    "description": "Red Hat SSO 7.0",
                    "iconClass": "icon-sso",
                    "openshift.io/display-name": "Red Hat Single Sign-On 7.0",
                    "supports": "sso:7.0",
                    "tags": "sso,keycloak,redhat,hidden",
                    "version": "1.4"
                },
                "from": {
                    "kind": "DockerImage",
                    "name": "registry.redhat.io/redhat-sso-7/sso70-openshift:1.4"
                },
                "name": "1.4",
                "referencePolicy": {
                    "type": "Local"
                }
            }
        ]
    }
}