{
    "apiVersion": "v1",
    "kind": "ImageStream",
    "labels": {
        "rhsso": "6"
    },
    "metadata": {
        "annotations": {
            "description": "Red Hat Single Sign-On Continuous Delivery",
            "openshift.io/display-name": "Red Hat Single Sign-On Continuous Delivery",
            "openshift.io/provider-display-name": "Red Hat, Inc.",
            "version": "6"
        },
        "name": "redhat-sso-cd-openshift"
    },
    "spec": {
        "tags": [
            {
                "annotations": {
                    "description": "Latest build of Red Hat Single Sign-On Continuous Delivery Tech Preview image",
                    "iconClass": "icon-sso",
                    "openshift.io/display-name": "Red Hat Single Sign-On Continuous Delivery (Tech Preview)",
                    "supports": "sso:7.4",
                    "tags": "sso,keycloak,redhat,hidden",
                    "version": "latest"
                },
                "from": {
                    "kind": "DockerImage",
                    "name": "registry.redhat.io/redhat-sso-7-tech-preview/sso-cd-openshift:latest"
                },
                "name": "latest",
                "referencePolicy": {
                    "type": "Local"
                }
            },
            {
                "annotations": {
                    "description": "Red Hat Single Sign-On 7.3 Continuous Delivery Tech Preview image",
                    "iconClass": "icon-sso",
                    "openshift.io/display-name": "Red Hat Single Sign-On 7.3 Continuous Delivery (Tech Preview)",
                    "supports": "sso:7.3",
                    "tags": "sso,keycloak,redhat,hidden",
                    "version": "1.0"
                },
                "from": {
                    "kind": "DockerImage",
                    "name": "registry.redhat.io/redhat-sso-7-tech-preview/sso-cd-openshift:1.0"
                },
                "name": "1.0",
                "referencePolicy": {
                    "type": "Local"
                }
            },
            {
                "annotations": {
                    "description": "Red Hat Single Sign-On 7.4 Continuous Delivery Tech Preview image",
                    "iconClass": "icon-sso",
                    "openshift.io/display-name": "Red Hat Single Sign-On 7.4 Continuous Delivery (Tech Preview)",
                    "supports": "sso:7.4",
                    "tags": "sso,keycloak,redhat,hidden",
                    "version": "5.0"
                },
                "from": {
                    "kind": "DockerImage",
                    "name": "registry.redhat.io/redhat-sso-7-tech-preview/sso-cd-openshift:5.0"
                },
                "name": "5.0",
                "referencePolicy": {
                    "type": "Local"
                }
            },
            {
                "annotations": {
                    "description": "Red Hat Single Sign-On Continuous Delivery 6 Tech Preview image",
                    "iconClass": "icon-sso",
                    "openshift.io/display-name": "Red Hat Single Sign-On 6 Continuous Delivery (Tech Preview)",
                    "supports": "sso:6",
                    "tags": "sso,keycloak,redhat,hidden",
                    "version": "6"
                },
                "from": {
                    "kind": "DockerImage",
                    "name": "registry.redhat.io/redhat-sso-7-tech-preview/sso-cd-openshift:6"
                },
                "name": "6",
                "referencePolicy": {
                    "type": "Local"
                }
            },
            {
                "from": {
                    "kind": "ImageStreamTag",
                    "name": "6"
                },
                "name": "6.0",
                "referencePolicy": {
                    "type": "Local"
                }
            }
        ]
    }
}