{
    "apiVersion": "v1",
    "kind": "ImageStream",
    "labels": {
        "rhsso": "7.3.2.GA"
    },
    "metadata": {
        "annotations": {
            "description": "Red Hat Single Sign-On 7.3",
            "openshift.io/display-name": "Red Hat Single Sign-On 7.3",
            "openshift.io/provider-display-name": "Red Hat, Inc.",
            "version": "7.3.2.GA"
        },
        "name": "redhat-sso73-openshift"
    },
    "spec": {
        "tags": [
            {
                "annotations": {
                    "description": "Latest build of Red Hat Single Sign-On 7.3 image",
                    "iconClass": "icon-sso",
                    "openshift.io/display-name": "Red Hat Single Sign-On 7.3",
                    "supports": "sso:7.3",
                    "tags": "sso,keycloak,redhat,hidden",
                    "version": "latest"
                },
                "from": {
                    "kind": "DockerImage",
                    "name": "registry.redhat.io/redhat-sso-7/sso73-openshift:1.0"
                },
                "name": "latest",
                "referencePolicy": {
                    "type": "Local"
                }
            },
            {
                "annotations": {
                    "description": "Red Hat Single Sign-On 7.3 image",
                    "iconClass": "icon-sso",
                    "openshift.io/display-name": "Red Hat Single Sign-On 7.3",
                    "supports": "sso:7.3",
                    "tags": "sso,keycloak,redhat,hidden",
                    "version": "1.0"
                },
                "from": {
                    "kind": "DockerImage",
                    "name": "registry.redhat.io/redhat-sso-7/sso73-openshift:1.0"
                },
                "name": "1.0",
                "referencePolicy": {
                    "type": "Local"
                }
            }
        ]
    }
}