{
    "apiVersion": "v1",
    "kind": "ImageStream",
    "metadata": {
        "annotations": {
            "openshift.io/display-name": "MySQL"
        },
        "name": "mysql"
    },
    "spec": {
        "tags": [
            {
                "annotations": {
                    "description": "Provides a MySQL database on RHEL 7. For more information about using this database image, including OpenShift considerations, see https://github.com/sclorg/mysql-container/blob/master/README.md.\n\nWARNING: By selecting this tag, your application will automatically update to use the latest version of MySQL available on OpenShift, including major version updates.",
                    "iconClass": "icon-mysql-database",
                    "openshift.io/display-name": "MySQL (Latest)",
                    "openshift.io/provider-display-name": "Red Hat, Inc.",
                    "tags": "mysql"
                },
                "from": {
                    "kind": "ImageStreamTag",
                    "name": "8.0"
                },
                "name": "latest",
                "referencePolicy": {
                    "type": "Local"
                }
            },
            {
                "annotations": {
                    "description": "Provides a MySQL 5.7 database on RHEL 7. For more information about using this database image, including OpenShift considerations, see https://github.com/sclorg/mysql-container/blob/master/README.md.",
                    "iconClass": "icon-mysql-database",
                    "openshift.io/display-name": "MySQL 5.7",
                    "openshift.io/provider-display-name": "Red Hat, Inc.",
                    "tags": "mysql",
                    "version": "5.7"
                },
                "from": {
                    "kind": "DockerImage",
                    "name": "registry.redhat.io/rhscl/mysql-57-rhel7:latest"
                },
                "name": "5.7",
                "referencePolicy": {
                    "type": "Local"
                }
            },
            {
                "annotations": {
                    "description": "Provides a MySQL 8.0 database on RHEL 7. For more information about using this database image, including OpenShift considerations, see https://github.com/sclorg/mysql-container/blob/master/README.md.",
                    "iconClass": "icon-mysql-database",
                    "openshift.io/display-name": "MySQL 8.0",
                    "openshift.io/provider-display-name": "Red Hat, Inc.",
                    "tags": "mysql",
                    "version": "8.0"
                },
                "from": {
                    "kind": "DockerImage",
                    "name": "registry.redhat.io/rhscl/mysql-80-rhel7:latest"
                },
                "name": "8.0",
                "referencePolicy": {
                    "type": "Local"
                }
            }
        ]
    }
}