{
    "apiVersion": "v1",
    "kind": "ImageStream",
    "labels": {
        "jws31": "1.4"
    },
    "metadata": {
        "annotations": {
            "openshift.io/display-name": "Red Hat JBoss Web Server 3.1 Apache Tomcat 7",
            "openshift.io/provider-display-name": "Red Hat, Inc.",
            "version": "1.4"
        },
        "name": "jboss-webserver31-tomcat7-openshift"
    },
    "spec": {
        "tags": [
            {
                "annotations": {
                    "description": "JBoss Web Server 3.1 Apache Tomcat 7 S2I images.",
                    "iconClass": "icon-rh-tomcat",
                    "openshift.io/display-name": "Red Hat JBoss Web Server 3.1 Apache Tomcat 7",
                    "sampleContextDir": "tomcat-websocket-chat",
                    "sampleRepo": "https://github.com/jboss-openshift/openshift-quickstarts.git",
                    "supports": "tomcat7:3.1,tomcat:7,java:8",
                    "tags": "builder,tomcat,tomcat7,java,jboss,hidden",
                    "version": "1.0"
                },
                "from": {
                    "kind": "DockerImage",
                    "name": "registry.redhat.io/jboss-webserver-3/webserver31-tomcat7-openshift:1.0"
                },
                "name": "1.0",
                "referencePolicy": {
                    "type": "Local"
                }
            },
            {
                "annotations": {
                    "description": "JBoss Web Server 3.1 Apache Tomcat 7 S2I images.",
                    "iconClass": "icon-rh-tomcat",
                    "openshift.io/display-name": "Red Hat JBoss Web Server 3.1 Apache Tomcat 7",
                    "sampleContextDir": "tomcat-websocket-chat",
                    "sampleRepo": "https://github.com/jboss-openshift/openshift-quickstarts.git",
                    "supports": "tomcat7:3.1,tomcat:7,java:8",
                    "tags": "builder,tomcat,tomcat7,java,jboss,hidden",
                    "version": "1.1"
                },
                "from": {
                    "kind": "DockerImage",
                    "name": "registry.redhat.io/jboss-webserver-3/webserver31-tomcat7-openshift:1.1"
                },
                "name": "1.1",
                "referencePolicy": {
                    "type": "Local"
                }
            },
            {
                "annotations": {
                    "description": "JBoss Web Server 3.1 Apache Tomcat 7 S2I images.",
                    "iconClass": "icon-rh-tomcat",
                    "openshift.io/display-name": "Red Hat JBoss Web Server 3.1 Apache Tomcat 7",
                    "sampleContextDir": "tomcat-websocket-chat",
                    "sampleRepo": "https://github.com/jboss-openshift/openshift-quickstarts.git",
                    "supports": "tomcat7:3.1,tomcat:7,java:8",
                    "tags": "builder,tomcat,tomcat7,java,jboss,hidden",
                    "version": "1.2"
                },
                "from": {
                    "kind": "DockerImage",
                    "name": "registry.redhat.io/jboss-webserver-3/webserver31-tomcat7-openshift:1.2"
                },
                "name": "1.2",
                "referencePolicy": {
                    "type": "Local"
                }
            },
            {
                "annotations": {
                    "description": "JBoss Web Server 3.1 Apache Tomcat 7 S2I images.",
                    "iconClass": "icon-rh-tomcat",
                    "openshift.io/display-name": "Red Hat JBoss Web Server 3.1 Apache Tomcat 7",
                    "sampleContextDir": "tomcat-websocket-chat",
                    "sampleRepo": "https://github.com/jboss-openshift/openshift-quickstarts.git",
                    "supports": "tomcat7:3.1,tomcat:7,java:8",
                    "tags": "builder,tomcat,tomcat7,java,jboss,hidden",
                    "version": "1.3"
                },
                "from": {
                    "kind": "DockerImage",
                    "name": "registry.redhat.io/jboss-webserver-3/webserver31-tomcat7-openshift:1.3"
                },
                "name": "1.3",
                "referencePolicy": {
                    "type": "Local"
                }
            },
            {
                "annotations": {
                    "description": "JBoss Web Server 3.1 Apache Tomcat 7 S2I images.",
                    "iconClass": "icon-rh-tomcat",
                    "openshift.io/display-name": "Red Hat JBoss Web Server 3.1 Apache Tomcat 7",
                    "sampleContextDir": "tomcat-websocket-chat",
                    "sampleRepo": "https://github.com/jboss-openshift/openshift-quickstarts.git",
                    "supports": "tomcat7:3.1,tomcat:7,java:8",
                    "tags": "builder,tomcat,tomcat7,java,jboss,hidden",
                    "version": "1.4"
                },
                "from": {
                    "kind": "DockerImage",
                    "name": "registry.redhat.io/jboss-webserver-3/webserver31-tomcat7-openshift:1.4"
                },
                "name": "1.4",
                "referencePolicy": {
                    "type": "Local"
                }
            }
        ]
    }
}