{
    "apiVersion": "v1",
    "kind": "ImageStream",
    "labels": {
        "xpaas": "1.4.18"
    },
    "metadata": {
        "annotations": {
            "openshift.io/display-name": "Red Hat JBoss EAP 7.1",
            "openshift.io/provider-display-name": "Red Hat, Inc.",
            "version": "1.4.18"
        },
        "name": "jboss-eap71-openshift"
    },
    "spec": {
        "tags": [
            {
                "annotations": {
                    "description": "JBoss EAP 7.1 S2I image (latest).",
                    "iconClass": "icon-eap",
                    "openshift.io/display-name": "Red Hat JBoss EAP 7.1",
                    "sampleContextDir": "kitchensink",
                    "sampleRef": "7.1.0.GA",
                    "sampleRepo": "https://github.com/jboss-developer/jboss-eap-quickstarts.git",
                    "supports": "eap:7.1,javaee:7,java:8",
                    "tags": "builder,eap,javaee,java,jboss,hidden",
                    "version": "latest"
                },
                "from": {
                    "kind": "DockerImage",
                    "name": "registry.redhat.io/jboss-eap-7/eap71-openshift:latest"
                },
                "name": "latest",
                "referencePolicy": {
                    "type": "Local"
                }
            },
            {
                "annotations": {
                    "description": "JBoss EAP 7.1 S2I image.",
                    "iconClass": "icon-eap",
                    "openshift.io/display-name": "Red Hat JBoss EAP 7.1",
                    "sampleContextDir": "kitchensink",
                    "sampleRef": "7.1.0.GA",
                    "sampleRepo": "https://github.com/jboss-developer/jboss-eap-quickstarts.git",
                    "supports": "eap:7.1,javaee:7,java:8",
                    "tags": "builder,eap,javaee,java,jboss,hidden",
                    "version": "1.0"
                },
                "from": {
                    "kind": "DockerImage",
                    "name": "registry.redhat.io/jboss-eap-7/eap71-openshift:1.1"
                },
                "name": "1.1",
                "referencePolicy": {
                    "type": "Local"
                }
            },
            {
                "annotations": {
                    "description": "JBoss EAP 7.1 S2I image.",
                    "iconClass": "icon-eap",
                    "openshift.io/display-name": "Red Hat JBoss EAP 7.1",
                    "sampleContextDir": "kitchensink",
                    "sampleRef": "7.1.0.GA",
                    "sampleRepo": "https://github.com/jboss-developer/jboss-eap-quickstarts.git",
                    "supports": "eap:7.1,javaee:7,java:8",
                    "tags": "builder,eap,javaee,java,jboss,hidden",
                    "version": "1.2"
                },
                "from": {
                    "kind": "DockerImage",
                    "name": "registry.redhat.io/jboss-eap-7/eap71-openshift:1.2"
                },
                "name": "1.2",
                "referencePolicy": {
                    "type": "Local"
                }
            },
            {
                "annotations": {
                    "description": "JBoss EAP 7.1 S2I image.",
                    "iconClass": "icon-eap",
                    "openshift.io/display-name": "Red Hat JBoss EAP 7.1",
                    "sampleContextDir": "kitchensink",
                    "sampleRef": "7.1.0.GA",
                    "sampleRepo": "https://github.com/jboss-developer/jboss-eap-quickstarts.git",
                    "supports": "eap:7.1,javaee:7,java:8",
                    "tags": "builder,eap,javaee,java,jboss,hidden",
                    "version": "1.3"
                },
                "from": {
                    "kind": "DockerImage",
                    "name": "registry.redhat.io/jboss-eap-7/eap71-openshift:1.3"
                },
                "name": "1.3",
                "referencePolicy": {
                    "type": "Local"
                }
            },
            {
                "annotations": {
                    "description": "JBoss EAP 7.1 S2I image.",
                    "iconClass": "icon-eap",
                    "openshift.io/display-name": "Red Hat JBoss EAP 7.1",
                    "sampleContextDir": "kitchensink",
                    "sampleRef": "7.1.0.GA",
                    "sampleRepo": "https://github.com/jboss-developer/jboss-eap-quickstarts.git",
                    "supports": "eap:7.1,javaee:7,java:8",
                    "tags": "builder,eap,javaee,java,jboss,hidden",
                    "version": "1.4"
                },
                "from": {
                    "kind": "DockerImage",
                    "name": "registry.redhat.io/jboss-eap-7/eap71-openshift:1.4"
                },
                "name": "1.4",
                "referencePolicy": {
                    "type": "Local"
                }
            }
        ]
    }
}