{
    "apiVersion": "v1",
    "kind": "ImageStream",
    "labels": {
        "xpaas": "1.4.18"
    },
    "metadata": {
        "annotations": {
            "openshift.io/display-name": "Red Hat JBoss EAP 6.4",
            "openshift.io/provider-display-name": "Red Hat, Inc.",
            "version": "1.4.18"
        },
        "name": "jboss-eap64-openshift"
    },
    "spec": {
        "tags": [
            {
                "annotations": {
                    "description": "JBoss EAP 6.4 S2I image (latest).",
                    "iconClass": "icon-eap",
                    "openshift.io/display-name": "Red Hat JBoss EAP 6.4",
                    "sampleContextDir": "kitchensink",
                    "sampleRef": "6.4.x",
                    "sampleRepo": "https://github.com/jboss-developer/jboss-eap-quickstarts.git",
                    "supports": "eap:6.4,javaee:6,java:8",
                    "tags": "builder,eap,javaee,java,jboss,hidden",
                    "version": "latest"
                },
                "from": {
                    "kind": "DockerImage",
                    "name": "registry.redhat.io/jboss-eap-6/eap64-openshift:latest"
                },
                "name": "latest",
                "referencePolicy": {
                    "type": "Local"
                }
            },
            {
                "annotations": {
                    "description": "JBoss EAP 6.4 S2I images.",
                    "iconClass": "icon-eap",
                    "openshift.io/display-name": "Red Hat JBoss EAP 6.4",
                    "sampleContextDir": "kitchensink",
                    "sampleRef": "6.4.x",
                    "sampleRepo": "https://github.com/jboss-developer/jboss-eap-quickstarts.git",
                    "supports": "eap:6.4,javaee:6,java:8",
                    "tags": "builder,eap,javaee,java,jboss,hidden",
                    "version": "1.1"
                },
                "from": {
                    "kind": "DockerImage",
                    "name": "registry.redhat.io/jboss-eap-6/eap64-openshift:1.1"
                },
                "name": "1.1",
                "referencePolicy": {
                    "type": "Local"
                }
            },
            {
                "annotations": {
                    "description": "JBoss EAP 6.4 S2I images.",
                    "iconClass": "icon-eap",
                    "openshift.io/display-name": "Red Hat JBoss EAP 6.4",
                    "sampleContextDir": "kitchensink",
                    "sampleRef": "6.4.x",
                    "sampleRepo": "https://github.com/jboss-developer/jboss-eap-quickstarts.git",
                    "supports": "eap:6.4,javaee:6,java:8",
                    "tags": "builder,eap,javaee,java,jboss,hidden",
                    "version": "1.2"
                },
                "from": {
                    "kind": "DockerImage",
                    "name": "registry.redhat.io/jboss-eap-6/eap64-openshift:1.2"
                },
                "name": "1.2",
                "referencePolicy": {
                    "type": "Local"
                }
            },
            {
                "annotations": {
                    "description": "JBoss EAP 6.4 S2I images.",
                    "iconClass": "icon-eap",
                    "openshift.io/display-name": "Red Hat JBoss EAP 6.4",
                    "sampleContextDir": "kitchensink",
                    "sampleRef": "6.4.x",
                    "sampleRepo": "https://github.com/jboss-developer/jboss-eap-quickstarts.git",
                    "supports": "eap:6.4,javaee:6,java:8",
                    "tags": "builder,eap,javaee,java,jboss,hidden",
                    "version": "1.3"
                },
                "from": {
                    "kind": "DockerImage",
                    "name": "registry.redhat.io/jboss-eap-6/eap64-openshift:1.3"
                },
                "name": "1.3",
                "referencePolicy": {
                    "type": "Local"
                }
            },
            {
                "annotations": {
                    "description": "JBoss EAP 6.4 S2I images.",
                    "iconClass": "icon-eap",
                    "openshift.io/display-name": "Red Hat JBoss EAP 6.4",
                    "sampleContextDir": "kitchensink",
                    "sampleRef": "6.4.x",
                    "sampleRepo": "https://github.com/jboss-developer/jboss-eap-quickstarts.git",
                    "supports": "eap:6.4,javaee:6,java:8",
                    "tags": "builder,eap,javaee,java,jboss,hidden",
                    "version": "1.4"
                },
                "from": {
                    "kind": "DockerImage",
                    "name": "registry.redhat.io/jboss-eap-6/eap64-openshift:1.4"
                },
                "name": "1.4",
                "referencePolicy": {
                    "type": "Local"
                }
            },
            {
                "annotations": {
                    "description": "JBoss EAP 6.4 S2I images.",
                    "iconClass": "icon-eap",
                    "openshift.io/display-name": "Red Hat JBoss EAP 6.4",
                    "sampleContextDir": "kitchensink",
                    "sampleRef": "6.4.x",
                    "sampleRepo": "https://github.com/jboss-developer/jboss-eap-quickstarts.git",
                    "supports": "eap:6.4,javaee:6,java:8",
                    "tags": "builder,eap,javaee,java,jboss,hidden",
                    "version": "1.5"
                },
                "from": {
                    "kind": "DockerImage",
                    "name": "registry.redhat.io/jboss-eap-6/eap64-openshift:1.5"
                },
                "name": "1.5",
                "referencePolicy": {
                    "type": "Local"
                }
            },
            {
                "annotations": {
                    "description": "JBoss EAP 6.4 S2I images.",
                    "iconClass": "icon-eap",
                    "openshift.io/display-name": "Red Hat JBoss EAP 6.4",
                    "sampleContextDir": "kitchensink",
                    "sampleRef": "6.4.x",
                    "sampleRepo": "https://github.com/jboss-developer/jboss-eap-quickstarts.git",
                    "supports": "eap:6.4,javaee:6,java:8",
                    "tags": "builder,eap,javaee,java,jboss,hidden",
                    "version": "1.6"
                },
                "from": {
                    "kind": "DockerImage",
                    "name": "registry.redhat.io/jboss-eap-6/eap64-openshift:1.6"
                },
                "name": "1.6",
                "referencePolicy": {
                    "type": "Local"
                }
            },
            {
                "annotations": {
                    "description": "JBoss EAP 6.4 S2I images.",
                    "iconClass": "icon-eap",
                    "openshift.io/display-name": "Red Hat JBoss EAP 6.4",
                    "sampleContextDir": "kitchensink",
                    "sampleRef": "6.4.x",
                    "sampleRepo": "https://github.com/jboss-developer/jboss-eap-quickstarts.git",
                    "supports": "eap:6.4,javaee:6,java:8",
                    "tags": "builder,eap,javaee,java,jboss,hidden",
                    "version": "1.7"
                },
                "from": {
                    "kind": "DockerImage",
                    "name": "registry.redhat.io/jboss-eap-6/eap64-openshift:1.7"
                },
                "name": "1.7",
                "referencePolicy": {
                    "type": "Local"
                }
            },
            {
                "annotations": {
                    "description": "JBoss EAP 6.4 S2I images.",
                    "iconClass": "icon-eap",
                    "openshift.io/display-name": "Red Hat JBoss EAP 6.4",
                    "sampleContextDir": "kitchensink",
                    "sampleRef": "6.4.x",
                    "sampleRepo": "https://github.com/jboss-developer/jboss-eap-quickstarts.git",
                    "supports": "eap:6.4,javaee:6,java:8",
                    "tags": "builder,eap,javaee,java,jboss,hidden",
                    "version": "1.8"
                },
                "from": {
                    "kind": "DockerImage",
                    "name": "registry.redhat.io/jboss-eap-6/eap64-openshift:1.8"
                },
                "name": "1.8",
                "referencePolicy": {
                    "type": "Local"
                }
            },
            {
                "annotations": {
                    "description": "JBoss EAP 6.4 S2I images.",
                    "iconClass": "icon-eap",
                    "openshift.io/display-name": "Red Hat JBoss EAP 6.4",
                    "sampleContextDir": "kitchensink",
                    "sampleRef": "6.4.x",
                    "sampleRepo": "https://github.com/jboss-developer/jboss-eap-quickstarts.git",
                    "supports": "eap:6.4,javaee:6,java:8",
                    "tags": "builder,eap,javaee,java,jboss,hidden",
                    "version": "1.9"
                },
                "from": {
                    "kind": "DockerImage",
                    "name": "registry.redhat.io/jboss-eap-6/eap64-openshift:1.9"
                },
                "name": "1.9",
                "referencePolicy": {
                    "type": "Local"
                }
            }
        ]
    }
}