{
    "apiVersion": "v1",
    "kind": "ImageStream",
    "labels": {
        "jdv64": "1.6.0"
    },
    "metadata": {
        "annotations": {
            "openshift.io/display-name": "Red Hat JBoss Data Virtualization 6.4 JDBC Driver Modules for EAP",
            "openshift.io/provider-display-name": "Red Hat, Inc.",
            "version": "1.6.0"
        },
        "name": "jboss-datavirt64-driver-openshift"
    },
    "spec": {
        "tags": [
            {
                "annotations": {
                    "description": "JBoss Data Virtualization 6.4 JDBC Driver Modules for EAP.",
                    "iconClass": "icon-datavirt",
                    "openshift.io/display-name": "Red Hat JBoss Data Virtualization 6.4 JDBC Driver Modules for EAP",
                    "tags": "client,jboss,hidden",
                    "version": "1.6.0"
                },
                "from": {
                    "kind": "DockerImage",
                    "name": "registry.redhat.io/jboss-datavirt-6/datavirt64-driver-openshift:1.6"
                },
                "name": "1.6",
                "referencePolicy": {
                    "type": "Local"
                }
            },
            {
                "annotations": {
                    "description": "JBoss Data Virtualization 6.4 JDBC Driver Modules for EAP.",
                    "iconClass": "icon-datavirt",
                    "openshift.io/display-name": "Red Hat JBoss Data Virtualization 6.4 JDBC Driver Modules for EAP",
                    "tags": "client,jboss,hidden",
                    "version": "1.5.0"
                },
                "from": {
                    "kind": "DockerImage",
                    "name": "registry.redhat.io/jboss-datavirt-6/datavirt64-driver-openshift:1.5"
                },
                "name": "1.5",
                "referencePolicy": {
                    "type": "Local"
                }
            },
            {
                "annotations": {
                    "description": "JBoss Data Virtualization 6.4 JDBC Driver Modules for EAP.",
                    "iconClass": "icon-datavirt",
                    "openshift.io/display-name": "Red Hat JBoss Data Virtualization 6.4 JDBC Driver Modules for EAP",
                    "tags": "client,jboss,hidden",
                    "version": "1.4.0"
                },
                "from": {
                    "kind": "DockerImage",
                    "name": "registry.redhat.io/jboss-datavirt-6/datavirt64-driver-openshift:1.4"
                },
                "name": "1.4",
                "referencePolicy": {
                    "type": "Local"
                }
            },
            {
                "annotations": {
                    "description": "JBoss Data Virtualization 6.4 JDBC Driver Modules for EAP.",
                    "iconClass": "icon-datavirt",
                    "openshift.io/display-name": "Red Hat JBoss Data Virtualization 6.4 JDBC Driver Modules for EAP",
                    "tags": "client,jboss,hidden",
                    "version": "1.3.0"
                },
                "from": {
                    "kind": "DockerImage",
                    "name": "registry.redhat.io/jboss-datavirt-6/datavirt64-driver-openshift:1.3"
                },
                "name": "1.3",
                "referencePolicy": {
                    "type": "Local"
                }
            },
            {
                "annotations": {
                    "description": "JBoss Data Virtualization 6.4 JDBC Driver Modules for EAP.",
                    "iconClass": "icon-datavirt",
                    "openshift.io/display-name": "Red Hat JBoss Data Virtualization 6.4 JDBC Driver Modules for EAP",
                    "tags": "client,jboss,hidden",
                    "version": "1.2.0"
                },
                "from": {
                    "kind": "DockerImage",
                    "name": "registry.redhat.io/jboss-datavirt-6/datavirt64-driver-openshift:1.2"
                },
                "name": "1.2",
                "referencePolicy": {
                    "type": "Local"
                }
            },
            {
                "annotations": {
                    "description": "JBoss Data Virtualization 6.4 JDBC Driver Modules for EAP.",
                    "iconClass": "icon-datavirt",
                    "openshift.io/display-name": "Red Hat JBoss Data Virtualization 6.4 JDBC Driver Modules for EAP",
                    "tags": "client,jboss,hidden",
                    "version": "1.1.0"
                },
                "from": {
                    "kind": "DockerImage",
                    "name": "registry.redhat.io/jboss-datavirt-6/datavirt64-driver-openshift:1.1"
                },
                "name": "1.1",
                "referencePolicy": {
                    "type": "Local"
                }
            },
            {
                "annotations": {
                    "description": "JBoss Data Virtualization 6.4 JDBC Driver Modules for EAP.",
                    "iconClass": "icon-datavirt",
                    "openshift.io/display-name": "Red Hat JBoss Data Virtualization 6.4 JDBC Driver Modules for EAP",
                    "tags": "client,jboss,hidden",
                    "version": "1.0.0"
                },
                "from": {
                    "kind": "DockerImage",
                    "name": "registry.redhat.io/jboss-datavirt-6/datavirt64-driver-openshift:1.0"
                },
                "name": "1.0",
                "referencePolicy": {
                    "type": "Local"
                }
            }
        ]
    }
}