{
    "apiVersion": "v1",
    "kind": "ImageStream",
    "metadata": {
        "annotations": {
            "openshift.io/display-name": "WildFly"
        },
        "name": "wildfly"
    },
    "spec": {
        "tags": [
            {
                "annotations": {
                    "description": "Build and run WildFly applications on CentOS 7. For more information about using this builder image, including OpenShift considerations, see https://github.com/wildfly/wildfly-s2i/blob/current/README.md.\n\nWARNING: By selecting this tag, your application will automatically update to use the latest version of WildFly available on OpenShift, including major versions updates.",
                    "iconClass": "icon-wildfly",
                    "openshift.io/display-name": "WildFly (Latest)",
                    "openshift.io/provider-display-name": "Red Hat, Inc.",
                    "sampleRepo": "https://github.com/openshift/openshift-jee-sample.git",
                    "supports": "jee,java",
                    "tags": "builder,wildfly,java"
                },
                "from": {
                    "kind": "DockerImage",
                    "name": "quay.io/wildfly/wildfly-centos7:latest"
                },
                "name": "latest",
                "referencePolicy": {
                    "type": "Local"
                }
            },
            {
                "annotations": {
                    "description": "Build and run WildFly 8.1 applications on CentOS 7. For more information about using this builder image, including OpenShift considerations, see https://github.com/openshift-s2i/s2i-wildfly/blob/master/README.md.",
                    "iconClass": "icon-wildfly",
                    "openshift.io/display-name": "WildFly 8.1",
                    "openshift.io/provider-display-name": "Red Hat, Inc.",
                    "sampleRepo": "https://github.com/openshift/openshift-jee-sample.git",
                    "supports": "wildfly:8.1,jee,java",
                    "tags": "builder,wildfly,java",
                    "version": "8.1"
                },
                "from": {
                    "kind": "DockerImage",
                    "name": "docker.io/openshift/wildfly-81-centos7:latest"
                },
                "name": "8.1",
                "referencePolicy": {
                    "type": "Local"
                }
            },
            {
                "annotations": {
                    "description": "Build and run WildFly 9.0 applications on CentOS 7. For more information about using this builder image, including OpenShift considerations, see https://github.com/openshift-s2i/s2i-wildfly/blob/master/README.md.",
                    "iconClass": "icon-wildfly",
                    "openshift.io/display-name": "WildFly 9.0",
                    "openshift.io/provider-display-name": "Red Hat, Inc.",
                    "sampleRepo": "https://github.com/openshift/openshift-jee-sample.git",
                    "supports": "wildfly:9.0,jee,java",
                    "tags": "builder,wildfly,java",
                    "version": "9.0"
                },
                "from": {
                    "kind": "DockerImage",
                    "name": "docker.io/openshift/wildfly-90-centos7:latest"
                },
                "name": "9.0",
                "referencePolicy": {
                    "type": "Local"
                }
            },
            {
                "annotations": {
                    "description": "Build and run WildFly 10.0 applications on CentOS 7. For more information about using this builder image, including OpenShift considerations, see https://github.com/openshift-s2i/s2i-wildfly/blob/master/README.md.",
                    "iconClass": "icon-wildfly",
                    "openshift.io/display-name": "WildFly 10.0",
                    "openshift.io/provider-display-name": "Red Hat, Inc.",
                    "sampleRepo": "https://github.com/openshift/openshift-jee-sample.git",
                    "supports": "wildfly:10.0,jee,java",
                    "tags": "builder,wildfly,java",
                    "version": "10.0"
                },
                "from": {
                    "kind": "DockerImage",
                    "name": "docker.io/openshift/wildfly-100-centos7:latest"
                },
                "name": "10.0",
                "referencePolicy": {
                    "type": "Local"
                }
            },
            {
                "annotations": {
                    "description": "Build and run WildFly 10.1 applications on CentOS 7. For more information about using this builder image, including OpenShift considerations, see https://github.com/openshift-s2i/s2i-wildfly/blob/master/README.md.",
                    "iconClass": "icon-wildfly",
                    "openshift.io/display-name": "WildFly 10.1",
                    "openshift.io/provider-display-name": "Red Hat, Inc.",
                    "sampleRepo": "https://github.com/openshift/openshift-jee-sample.git",
                    "supports": "wildfly:10.1,jee,java",
                    "tags": "builder,wildfly,java",
                    "version": "10.1"
                },
                "from": {
                    "kind": "DockerImage",
                    "name": "docker.io/openshift/wildfly-101-centos7:latest"
                },
                "name": "10.1",
                "referencePolicy": {
                    "type": "Local"
                }
            },
            {
                "annotations": {
                    "description": "Build and run WildFly 11 applications on CentOS 7. For more information about using this builder image, including OpenShift considerations, see https://github.com/openshift-s2i/s2i-wildfly/blob/master/README.md.",
                    "iconClass": "icon-wildfly",
                    "openshift.io/display-name": "WildFly 11",
                    "openshift.io/provider-display-name": "Red Hat, Inc.",
                    "sampleRepo": "https://github.com/openshift/openshift-jee-sample.git",
                    "supports": "wildfly:11,jee,java",
                    "tags": "builder,wildfly,java",
                    "version": "11.0"
                },
                "from": {
                    "kind": "DockerImage",
                    "name": "docker.io/openshift/wildfly-110-centos7:latest"
                },
                "name": "11.0",
                "referencePolicy": {
                    "type": "Local"
                }
            },
            {
                "annotations": {
                    "description": "Build and run WildFly 12 applications on CentOS 7. For more information about using this builder image, including OpenShift considerations, see https://github.com/openshift-s2i/s2i-wildfly/blob/master/README.md.",
                    "iconClass": "icon-wildfly",
                    "openshift.io/display-name": "WildFly 12",
                    "openshift.io/provider-display-name": "Red Hat, Inc.",
                    "sampleRepo": "https://github.com/openshift/openshift-jee-sample.git",
                    "supports": "wildfly:12,jee,java",
                    "tags": "builder,wildfly,java",
                    "version": "12.0"
                },
                "from": {
                    "kind": "DockerImage",
                    "name": "docker.io/openshift/wildfly-120-centos7:latest"
                },
                "name": "12.0",
                "referencePolicy": {
                    "type": "Local"
                }
            },
            {
                "annotations": {
                    "description": "Build and run WildFly 13 applications on CentOS 7. For more information about using this builder image, including OpenShift considerations, see https://github.com/openshift-s2i/s2i-wildfly/blob/master/README.md.",
                    "iconClass": "icon-wildfly",
                    "openshift.io/display-name": "WildFly 13",
                    "openshift.io/provider-display-name": "Red Hat, Inc.",
                    "sampleRepo": "https://github.com/openshift/openshift-jee-sample.git",
                    "supports": "wildfly:13,jee,java",
                    "tags": "builder,wildfly,java",
                    "version": "13.0"
                },
                "from": {
                    "kind": "DockerImage",
                    "name": "docker.io/openshift/wildfly-130-centos7:latest"
                },
                "name": "13.0",
                "referencePolicy": {
                    "type": "Local"
                }
            },
            {
                "annotations": {
                    "description": "Build and run WildFly 14 applications on CentOS 7. For more information about using this builder image, including OpenShift considerations, see https://github.com/openshift-s2i/s2i-wildfly/blob/master/README.md.",
                    "iconClass": "icon-wildfly",
                    "openshift.io/display-name": "WildFly 14",
                    "openshift.io/provider-display-name": "Red Hat, Inc.",
                    "sampleRepo": "https://github.com/openshift/openshift-jee-sample.git",
                    "supports": "wildfly:14,jee,java",
                    "tags": "builder,wildfly,java",
                    "version": "14.0"
                },
                "from": {
                    "kind": "DockerImage",
                    "name": "docker.io/openshift/wildfly-140-centos7:latest"
                },
                "name": "14.0",
                "referencePolicy": {
                    "type": "Local"
                }
            },
            {
                "annotations": {
                    "description": "Build and run WildFly 15 applications on CentOS 7. For more information about using this builder image, including OpenShift considerations, see https://github.com/openshift-s2i/s2i-wildfly/blob/master/README.md.",
                    "iconClass": "icon-wildfly",
                    "openshift.io/display-name": "WildFly 15",
                    "openshift.io/provider-display-name": "Red Hat, Inc.",
                    "sampleRepo": "https://github.com/openshift/openshift-jee-sample.git",
                    "supports": "wildfly:15,jee,java",
                    "tags": "builder,wildfly,java",
                    "version": "15.0"
                },
                "from": {
                    "kind": "DockerImage",
                    "name": "docker.io/openshift/wildfly-150-centos7:latest"
                },
                "name": "15.0",
                "referencePolicy": {
                    "type": "Local"
                }
            },
            {
                "annotations": {
                    "description": "Build and run WildFly 16 applications on CentOS 7. For more information about using this builder image, including OpenShift considerations, see https://github.com/openshift-s2i/s2i-wildfly/blob/master/README.md.",
                    "iconClass": "icon-wildfly",
                    "openshift.io/display-name": "WildFly 16",
                    "openshift.io/provider-display-name": "Red Hat, Inc.",
                    "sampleRepo": "https://github.com/openshift/openshift-jee-sample.git",
                    "supports": "wildfly:16,jee,java",
                    "tags": "builder,wildfly,java",
                    "version": "16.0"
                },
                "from": {
                    "kind": "DockerImage",
                    "name": "docker.io/openshift/wildfly-160-centos7:latest"
                },
                "name": "16.0",
                "referencePolicy": {
                    "type": "Local"
                }
            },
            {
                "annotations": {
                    "description": "Build and run WildFly 17 applications on CentOS 7. For more information about using this builder image, including OpenShift considerations, see https://github.com/wildfly/wildfly-s2i/blob/current/README.md.",
                    "iconClass": "icon-wildfly",
                    "openshift.io/display-name": "WildFly 17",
                    "openshift.io/provider-display-name": "Red Hat, Inc.",
                    "sampleRepo": "https://github.com/openshift/openshift-jee-sample.git",
                    "supports": "wildfly:17,jee,java",
                    "tags": "builder,wildfly,java",
                    "version": "17.0"
                },
                "from": {
                    "kind": "DockerImage",
                    "name": "quay.io/wildfly/wildfly-centos7:17.0"
                },
                "name": "17.0",
                "referencePolicy": {
                    "type": "Local"
                }
            }
        ]
    }
}