{
    "apiVersion": "v1",
    "kind": "ImageStream",
    "metadata": {
        "annotations": {
            "openshift.io/display-name": "PostgreSQL"
        },
        "name": "postgresql"
    },
    "spec": {
        "tags": [
            {
                "annotations": {
                    "description": "Provides a PostgreSQL database on CentOS 7. For more information about using this database image, including OpenShift considerations, see https://github.com/sclorg/postgresql-container/blob/master/README.md.\n\nWARNING: By selecting this tag, your application will automatically update to use the latest version of PostgreSQL available on OpenShift, including major version updates.",
                    "iconClass": "icon-postgresql",
                    "openshift.io/display-name": "PostgreSQL (Latest)",
                    "openshift.io/provider-display-name": "Red Hat, Inc.",
                    "tags": "database,postgresql"
                },
                "from": {
                    "kind": "ImageStreamTag",
                    "name": "10"
                },
                "name": "latest",
                "referencePolicy": {
                    "type": "Local"
                }
            },
            {
                "annotations": {
                    "description": "Provides a PostgreSQL 9.6 database on CentOS 7. For more information about using this database image, including OpenShift considerations, see https://github.com/sclorg/postgresql-container/blob/master/README.md.",
                    "iconClass": "icon-postgresql",
                    "openshift.io/display-name": "PostgreSQL 9.6",
                    "openshift.io/provider-display-name": "Red Hat, Inc.",
                    "tags": "database,postgresql",
                    "version": "9.6"
                },
                "from": {
                    "kind": "DockerImage",
                    "name": "docker.io/centos/postgresql-96-centos7:latest"
                },
                "name": "9.6",
                "referencePolicy": {
                    "type": "Local"
                }
            },
            {
                "annotations": {
                    "description": "Provides a PostgreSQL 10 database on CentOS 7. For more information about using this database image, including OpenShift considerations, see https://github.com/sclorg/postgresql-container/blob/master/README.md.",
                    "iconClass": "icon-postgresql",
                    "openshift.io/display-name": "PostgreSQL 10",
                    "openshift.io/provider-display-name": "Red Hat, Inc.",
                    "tags": "database,postgresql",
                    "version": "10"
                },
                "from": {
                    "kind": "DockerImage",
                    "name": "docker.io/centos/postgresql-10-centos7:latest"
                },
                "name": "10",
                "referencePolicy": {
                    "type": "Local"
                }
            }
        ]
    }
}