{
    "apiVersion": "v1",
    "kind": "ImageStream",
    "metadata": {
        "annotations": {
            "openshift.io/display-name": "Nginx HTTP server and a reverse proxy (nginx)"
        },
        "name": "nginx"
    },
    "spec": {
        "tags": [
            {
                "annotations": {
                    "description": "Build and serve static content via Nginx HTTP Server and a reverse proxy (nginx) on CentOS 7. For more information about using this builder image, including OpenShift considerations, see https://github.com/sclorg/nginx-container/blob/master/1.10/README.md.",
                    "iconClass": "icon-nginx",
                    "openshift.io/display-name": "Nginx HTTP server and a reverse proxy 1.10",
                    "openshift.io/provider-display-name": "Red Hat, Inc.",
                    "sampleRepo": "https://github.com/sclorg/nginx-ex.git",
                    "supports": "nginx",
                    "tags": "builder,nginx",
                    "version": "1.10"
                },
                "from": {
                    "kind": "DockerImage",
                    "name": "docker.io/centos/nginx-110-centos7:latest"
                },
                "name": "1.10",
                "referencePolicy": {
                    "type": "Local"
                }
            },
            {
                "annotations": {
                    "description": "Build and serve static content via Nginx HTTP Server and a reverse proxy (nginx) on CentOS 7. For more information about using this builder image, including OpenShift considerations, see https://github.com/sclorg/nginx-container/blob/master/1.12/README.md.",
                    "iconClass": "icon-nginx",
                    "openshift.io/display-name": "Nginx HTTP server and a reverse proxy 1.12",
                    "openshift.io/provider-display-name": "Red Hat, Inc.",
                    "sampleRepo": "https://github.com/sclorg/nginx-ex.git",
                    "supports": "nginx",
                    "tags": "builder,nginx",
                    "version": "1.12"
                },
                "from": {
                    "kind": "DockerImage",
                    "name": "docker.io/centos/nginx-112-centos7:latest"
                },
                "name": "1.12",
                "referencePolicy": {
                    "type": "Local"
                }
            },
            {
                "annotations": {
                    "description": "Build and serve static content via Nginx HTTP Server and a reverse proxy (nginx) on CentOS 7. For more information about using this builder image, including OpenShift considerations, see https://github.com/sclorg/nginx-container/blob/master/1.12/README.md.\n\nWARNING: By selecting this tag, your application will automatically update to use the latest version of Nginx available on OpenShift, including major version updates.",
                    "iconClass": "icon-nginx",
                    "openshift.io/display-name": "Nginx HTTP server and a reverse proxy (Latest)",
                    "openshift.io/provider-display-name": "Red Hat, Inc.",
                    "sampleRepo": "https://github.com/sclorg/nginx-ex.git",
                    "supports": "nginx",
                    "tags": "builder,nginx"
                },
                "from": {
                    "kind": "ImageStreamTag",
                    "name": "1.12"
                },
                "name": "latest",
                "referencePolicy": {
                    "type": "Local"
                }
            }
        ]
    }
}