{
    "apiVersion": "v1",
    "kind": "Template",
    "labels": {
        "jdv64": "1.6.0",
        "template": "datavirt64-ldap-s2i"
    },
    "message": "A new data service has been created in your project.  The username/password for accessing the service is ${TEIID_USERNAME}/${TEIID_PASSWORD}.  Please be sure to create the secret named ${CONFIGURATION_NAME} containing the datasource configuration details required by the deployed VDB(s).",
    "metadata": {
        "annotations": {
            "description": "Application template for JBoss Data Virtualization 6.4 services that configures security domain using S2I.",
            "iconClass": "icon-datavirt",
            "openshift.io/display-name": "JBoss Data Virtualization 6.4 defining Security Domain (no SSL)",
            "openshift.io/provider-display-name": "Red Hat, Inc.",
            "tags": "jdv,datavirt,database,jboss,ldap",
            "template.openshift.io/documentation-url": "https://access.redhat.com/documentation/en/red-hat-jboss-data-virtualization/",
            "template.openshift.io/long-description": "This template defines resources needed to develop Red Hat Data Virtualization based application, configuring security domain(s), including a build configuration and application deployment configuration.",
            "template.openshift.io/support-url": "https://access.redhat.com",
            "version": "1.6.0"
        },
        "name": "datavirt64-ldap-s2i"
    },
    "objects": [
        {
            "apiVersion": "v1",
            "kind": "Service",
            "metadata": {
                "annotations": {
                    "description": "The data virtualization services."
                },
                "labels": {
                    "application": "${APPLICATION_NAME}"
                },
                "name": "${APPLICATION_NAME}"
            },
            "spec": {
                "ports": [
                    {
                        "name": "http",
                        "port": 8080,
                        "targetPort": "http"
                    },
                    {
                        "name": "jdbc",
                        "port": 31000,
                        "targetPort": "jdbc"
                    },
                    {
                        "name": "odbc",
                        "port": 35432,
                        "targetPort": "odbc"
                    }
                ],
                "selector": {
                    "deploymentConfig": "${APPLICATION_NAME}"
                }
            }
        },
        {
            "apiVersion": "v1",
            "kind": "Service",
            "metadata": {
                "annotations": {
                    "description": "The JGroups ping port for clustering.",
                    "service.alpha.kubernetes.io/tolerate-unready-endpoints": "true"
                },
                "labels": {
                    "application": "${APPLICATION_NAME}"
                },
                "name": "${APPLICATION_NAME}-ping"
            },
            "spec": {
                "clusterIP": "None",
                "ports": [
                    {
                        "name": "ping",
                        "port": 8888
                    }
                ],
                "selector": {
                    "deploymentConfig": "${APPLICATION_NAME}"
                }
            }
        },
        {
            "apiVersion": "v1",
            "id": "${APPLICATION_NAME}-http",
            "kind": "Route",
            "metadata": {
                "annotations": {
                    "description": "Route for application's http (REST) service."
                },
                "labels": {
                    "application": "${APPLICATION_NAME}"
                },
                "name": "${APPLICATION_NAME}"
            },
            "spec": {
                "host": "${HOSTNAME_HTTP}",
                "port": {
                    "targetPort": "http"
                },
                "to": {
                    "name": "${APPLICATION_NAME}"
                }
            }
        },
        {
            "apiVersion": "v1",
            "kind": "ImageStream",
            "metadata": {
                "labels": {
                    "application": "${APPLICATION_NAME}"
                },
                "name": "${APPLICATION_NAME}"
            }
        },
        {
            "apiVersion": "v1",
            "kind": "BuildConfig",
            "metadata": {
                "labels": {
                    "application": "${APPLICATION_NAME}"
                },
                "name": "${APPLICATION_NAME}"
            },
            "spec": {
                "output": {
                    "to": {
                        "kind": "ImageStreamTag",
                        "name": "${APPLICATION_NAME}:latest"
                    }
                },
                "source": {
                    "contextDir": "${CONTEXT_DIR}",
                    "git": {
                        "ref": "${SOURCE_REPOSITORY_REF}",
                        "uri": "${SOURCE_REPOSITORY_URL}"
                    },
                    "type": "Git"
                },
                "strategy": {
                    "sourceStrategy": {
                        "env": [
                            {
                                "name": "MAVEN_MIRROR_URL",
                                "value": "${MAVEN_MIRROR_URL}"
                            },
                            {
                                "name": "CUSTOM_INSTALL_DIRECTORIES",
                                "value": "extensions/*"
                            },
                            {
                                "name": "VDB_DIRS",
                                "value": "${VDB_DIRS}"
                            },
                            {
                                "name": "ARTIFACT_DIR",
                                "value": "${ARTIFACT_DIR}"
                            }
                        ],
                        "forcePull": true,
                        "from": {
                            "kind": "ImageStreamTag",
                            "name": "jboss-datavirt64-openshift:1.6",
                            "namespace": "${IMAGE_STREAM_NAMESPACE}"
                        }
                    },
                    "type": "Source"
                },
                "triggers": [
                    {
                        "github": {
                            "secret": "${GITHUB_WEBHOOK_SECRET}"
                        },
                        "type": "GitHub"
                    },
                    {
                        "generic": {
                            "secret": "${GENERIC_WEBHOOK_SECRET}"
                        },
                        "type": "Generic"
                    },
                    {
                        "imageChange": {},
                        "type": "ImageChange"
                    },
                    {
                        "type": "ConfigChange"
                    }
                ]
            }
        },
        {
            "apiVersion": "v1",
            "kind": "DeploymentConfig",
            "metadata": {
                "labels": {
                    "application": "${APPLICATION_NAME}"
                },
                "name": "${APPLICATION_NAME}"
            },
            "spec": {
                "replicas": 1,
                "selector": {
                    "deploymentConfig": "${APPLICATION_NAME}"
                },
                "strategy": {
                    "type": "Recreate"
                },
                "template": {
                    "metadata": {
                        "labels": {
                            "application": "${APPLICATION_NAME}",
                            "deploymentConfig": "${APPLICATION_NAME}"
                        },
                        "name": "${APPLICATION_NAME}"
                    },
                    "spec": {
                        "containers": [
                            {
                                "env": [
                                    {
                                        "name": "JGROUPS_PING_PROTOCOL",
                                        "value": "openshift.DNS_PING"
                                    },
                                    {
                                        "name": "OPENSHIFT_DNS_PING_SERVICE_NAME",
                                        "value": "${APPLICATION_NAME}-ping"
                                    },
                                    {
                                        "name": "OPENSHIFT_DNS_PING_SERVICE_PORT",
                                        "value": "8888"
                                    },
                                    {
                                        "name": "JGROUPS_CLUSTER_PASSWORD",
                                        "value": "${JGROUPS_CLUSTER_PASSWORD}"
                                    },
                                    {
                                        "name": "AUTO_DEPLOY_EXPLODED",
                                        "value": "${AUTO_DEPLOY_EXPLODED}"
                                    },
                                    {
                                        "name": "TEIID_USERNAME",
                                        "value": "${TEIID_USERNAME}"
                                    },
                                    {
                                        "name": "TEIID_PASSWORD",
                                        "value": "${TEIID_PASSWORD}"
                                    },
                                    {
                                        "name": "MODESHAPE_USERNAME",
                                        "value": "${MODESHAPE_USERNAME}"
                                    },
                                    {
                                        "name": "MODESHAPE_PASSWORD",
                                        "value": "${MODESHAPE_PASSWORD}"
                                    },
                                    {
                                        "name": "ENV_FILES",
                                        "value": "/etc/datavirt-environment/*,/etc/datavirt-security-environment/*"
                                    }
                                ],
                                "image": "${APPLICATION_NAME}",
                                "imagePullPolicy": "Always",
                                "livenessProbe": {
                                    "exec": {
                                        "command": [
                                            "/bin/bash",
                                            "-c",
                                            "/opt/eap/bin/livenessProbe.sh"
                                        ]
                                    },
                                    "initialDelaySeconds": 60
                                },
                                "name": "${APPLICATION_NAME}",
                                "ports": [
                                    {
                                        "containerPort": 8778,
                                        "name": "jolokia",
                                        "protocol": "TCP"
                                    },
                                    {
                                        "containerPort": 8080,
                                        "name": "http",
                                        "protocol": "TCP"
                                    },
                                    {
                                        "containerPort": 31000,
                                        "name": "jdbc",
                                        "protocol": "TCP"
                                    },
                                    {
                                        "containerPort": 35432,
                                        "name": "odbc",
                                        "protocol": "TCP"
                                    },
                                    {
                                        "containerPort": 8888,
                                        "name": "ping",
                                        "protocol": "TCP"
                                    }
                                ],
                                "readinessProbe": {
                                    "exec": {
                                        "command": [
                                            "/bin/bash",
                                            "-c",
                                            "/opt/eap/bin/readinessProbe.sh"
                                        ]
                                    }
                                },
                                "resources": {
                                    "limits": {
                                        "memory": "${MEMORY_LIMIT}"
                                    }
                                },
                                "volumeMounts": [
                                    {
                                        "mountPath": "/etc/datavirt-environment",
                                        "name": "configuration",
                                        "readOnly": true
                                    },
                                    {
                                        "mountPath": "/etc/datavirt-security-environment",
                                        "name": "configuration-security-domain",
                                        "readOnly": true
                                    }
                                ]
                            }
                        ],
                        "terminationGracePeriodSeconds": 60,
                        "volumes": [
                            {
                                "name": "configuration",
                                "secret": {
                                    "secretName": "${CONFIGURATION_NAME}"
                                }
                            },
                            {
                                "name": "configuration-security-domain",
                                "secret": {
                                    "secretName": "${CONFIG_SECURITY_DOMAIN_NAME}"
                                }
                            }
                        ]
                    }
                },
                "triggers": [
                    {
                        "imageChangeParams": {
                            "automatic": true,
                            "containerNames": [
                                "${APPLICATION_NAME}"
                            ],
                            "from": {
                                "kind": "ImageStreamTag",
                                "name": "${APPLICATION_NAME}:latest"
                            }
                        },
                        "type": "ImageChange"
                    },
                    {
                        "type": "ConfigChange"
                    }
                ]
            }
        }
    ],
    "parameters": [
        {
            "description": "The name for the application.",
            "displayName": "Application Name",
            "name": "APPLICATION_NAME",
            "required": true,
            "value": "datavirt-app"
        },
        {
            "description": "The name of the secret containing configuration properties for the data sources.",
            "displayName": "Configuration Secret Name",
            "name": "CONFIGURATION_NAME",
            "required": true,
            "value": "datavirt-app-config"
        },
        {
            "description": "The name of the secret containing security domain configuration properties.",
            "displayName": "Security Domain Configuration Secret Name",
            "name": "CONFIG_SECURITY_DOMAIN_NAME",
            "required": false,
            "value": "datavirt-security-config"
        },
        {
            "description": "Specify a custom hostname for the http route.  Leave blank to use default hostname, e.g.: <service-name>-<project>.<default-domain-suffix>",
            "displayName": "Custom http Route Hostname",
            "name": "HOSTNAME_HTTP",
            "required": false,
            "value": ""
        },
        {
            "description": "The URL of the repository with your application source code.",
            "displayName": "Git Repository URL",
            "name": "SOURCE_REPOSITORY_URL",
            "required": true,
            "value": "https://github.com/jboss-openshift/openshift-quickstarts"
        },
        {
            "description": "Set this to a branch name, tag or other ref of your repository if you are not using the default branch.",
            "displayName": "Git Reference",
            "name": "SOURCE_REPOSITORY_REF",
            "required": false,
            "value": "master"
        },
        {
            "description": "Set this to the relative path to your project if it is not in the root of your repository.",
            "displayName": "Context Directory",
            "name": "CONTEXT_DIR",
            "required": false,
            "value": "datavirt64/dynamicvdb-datafederation/app"
        },
        {
            "description": "Username associated with Teiid data service.",
            "displayName": "Teiid Username",
            "from": "[\\a]{8}",
            "generate": "expression",
            "name": "TEIID_USERNAME",
            "required": true
        },
        {
            "description": "Password for Teiid user.",
            "displayName": "Teiid User Password",
            "from": "[\\a\\A]{8}[\\d]{1}[\\A]{1}",
            "generate": "expression",
            "name": "TEIID_PASSWORD",
            "required": true
        },
        {
            "description": "Username associated with ModeShape.",
            "displayName": "ModeShape Username",
            "from": "[\\a]{8}",
            "generate": "expression",
            "name": "MODESHAPE_USERNAME",
            "required": true
        },
        {
            "description": "Password for ModeShape user.",
            "displayName": "ModeShape User Password",
            "from": "[\\a\\A]{8}[\\d]{1}[\\A]{1}",
            "generate": "expression",
            "name": "MODESHAPE_PASSWORD",
            "required": true
        },
        {
            "description": "A secret string used to configure the GitHub webhook.",
            "displayName": "Github Webhook Secret",
            "from": "[a-zA-Z0-9]{8}",
            "generate": "expression",
            "name": "GITHUB_WEBHOOK_SECRET",
            "required": true
        },
        {
            "description": "A secret string used to configure the Generic webhook.",
            "displayName": "Generic Webhook Secret",
            "from": "[a-zA-Z0-9]{8}",
            "generate": "expression",
            "name": "GENERIC_WEBHOOK_SECRET",
            "required": true
        },
        {
            "description": "Namespace in which the ImageStreams for Red Hat Middleware images are installed. These ImageStreams are normally installed in the openshift namespace. You should only need to modify this if you've installed the ImageStreams in a different namespace/project.",
            "displayName": "ImageStream Namespace",
            "name": "IMAGE_STREAM_NAMESPACE",
            "required": true,
            "value": "openshift"
        },
        {
            "description": "Password used by JGroups to authenticate nodes in the cluster.",
            "displayName": "JGroups Cluster Password",
            "from": "[a-zA-Z0-9]{8}",
            "generate": "expression",
            "name": "JGROUPS_CLUSTER_PASSWORD",
            "required": true
        },
        {
            "description": "Controls whether exploded deployment content should be automatically deployed",
            "displayName": "Deploy Exploded Archives",
            "name": "AUTO_DEPLOY_EXPLODED",
            "required": false,
            "value": "false"
        },
        {
            "description": "Comma delimited list of source directories containing VDBs for deployment",
            "displayName": "VDB Deployment Directories",
            "name": "VDB_DIRS",
            "required": false,
            "value": ""
        },
        {
            "description": "Maven mirror to use for S2I builds",
            "displayName": "Maven mirror URL",
            "name": "MAVEN_MIRROR_URL",
            "required": false,
            "value": ""
        },
        {
            "description": "List of directories from which archives will be copied into the deployment folder. If unspecified, all archives in /target will be copied.",
            "displayName": "Artifact Directories",
            "name": "ARTIFACT_DIR",
            "required": false,
            "value": ""
        },
        {
            "description": "Container memory limit",
            "name": "MEMORY_LIMIT",
            "required": false,
            "value": "1Gi"
        }
    ]
}