{
    "apiVersion": "v1",
    "kind": "ImageStream",
    "metadata": {
        "annotations": {
            "openshift.io/display-name": "MongoDB"
        },
        "name": "mongodb"
    },
    "spec": {
        "tags": [
            {
                "annotations": {
                    "description": "Provides a MongoDB database on RHEL 7. For more information about using this database image, including OpenShift considerations, see https://github.com/sclorg/mongodb-container/tree/master/3.4/README.md.\n\nWARNING: By selecting this tag, your application will automatically update to use the latest version of MongoDB available on OpenShift, including major version updates.",
                    "iconClass": "icon-mongodb",
                    "openshift.io/display-name": "MongoDB (Latest)",
                    "openshift.io/provider-display-name": "Red Hat, Inc.",
                    "tags": "mongodb"
                },
                "from": {
                    "kind": "ImageStreamTag",
                    "name": "3.6"
                },
                "name": "latest",
                "referencePolicy": {
                    "type": "Local"
                }
            },
            {
                "annotations": {
                    "description": "Provides a MongoDB 3.2 database on RHEL 7. For more information about using this database image, including OpenShift considerations, see https://github.com/sclorg/mongodb-container/tree/master/3.2/README.md.",
                    "iconClass": "icon-mongodb",
                    "openshift.io/display-name": "MongoDB 3.2",
                    "openshift.io/provider-display-name": "Red Hat, Inc.",
                    "tags": "hidden,database,mongodb",
                    "version": "3.2"
                },
                "from": {
                    "kind": "DockerImage",
                    "name": "registry.redhat.io/rhscl/mongodb-32-rhel7:latest"
                },
                "name": "3.2",
                "referencePolicy": {
                    "type": "Local"
                }
            },
            {
                "annotations": {
                    "description": "Provides a MongoDB 3.4 database on RHEL 7. For more information about using this database image, including OpenShift considerations, see https://github.com/sclorg/mongodb-container/tree/master/3.4/README.md.",
                    "iconClass": "icon-mongodb",
                    "openshift.io/display-name": "MongoDB 3.4",
                    "openshift.io/provider-display-name": "Red Hat, Inc.",
                    "tags": "database,mongodb",
                    "version": "3.4"
                },
                "from": {
                    "kind": "DockerImage",
                    "name": "registry.redhat.io/rhscl/mongodb-34-rhel7:latest"
                },
                "name": "3.4",
                "referencePolicy": {
                    "type": "Local"
                }
            },
            {
                "annotations": {
                    "description": "Provides a MongoDB 3.6 database on RHEL 7. For more information about using this database image, including OpenShift considerations, see https://github.com/sclorg/mongodb-container/tree/master/3.6/README.md.",
                    "iconClass": "icon-mongodb",
                    "openshift.io/display-name": "MongoDB 3.6",
                    "openshift.io/provider-display-name": "Red Hat, Inc.",
                    "tags": "database,mongodb",
                    "version": "3.6"
                },
                "from": {
                    "kind": "DockerImage",
                    "name": "registry.redhat.io/rhscl/mongodb-36-rhel7:latest"
                },
                "name": "3.6",
                "referencePolicy": {
                    "type": "Local"
                }
            }
        ]
    }
}