{
    "apiVersion": "v1",
    "kind": "Template",
    "labels": {
        "template": "decisionserver64-amq-s2i",
        "xpaas": "1.4.17"
    },
    "message": "A new BRMS/A-MQ application with SSL support has been created in your project. The username/password for accessing the KIE Server REST or JMS interface is ${KIE_SERVER_USER}/${KIE_SERVER_PASSWORD}. For accessing the A-MQ service use the credentials ${MQ_USERNAME}/${MQ_PASSWORD}. Please be sure to create the secret named \"${HTTPS_SECRET}\" containing the ${HTTPS_KEYSTORE} file used for serving secure content.",
    "metadata": {
        "annotations": {
            "description": "An example BRMS decision server A-MQ application. For more information about using this template, see https://github.com/jboss-openshift/application-templates.",
            "iconClass": "icon-decisionserver",
            "openshift.io/display-name": "JBoss BRMS 6.4 decision server + A-MQ (with https)",
            "openshift.io/provider-display-name": "Red Hat, Inc.",
            "tags": "decisionserver,jboss",
            "template.openshift.io/bindable": "false",
            "template.openshift.io/documentation-url": "https://access.redhat.com/documentation/en/red-hat-jboss-brms/",
            "template.openshift.io/long-description": "This template defines resources needed to develop Red Hat JBoss BRMS 6.4 decision server with A-MQ application, including a build configuration and application deployment configuration.",
            "template.openshift.io/support-url": "https://access.redhat.com",
            "version": "1.4.17"
        },
        "name": "decisionserver64-amq-s2i"
    },
    "objects": [
        {
            "apiVersion": "v1",
            "kind": "Service",
            "metadata": {
                "annotations": {
                    "description": "The web server's HTTP port.",
                    "service.alpha.openshift.io/dependencies": "[{\"name\": \"${APPLICATION_NAME}-amq-tcp\", \"kind\": \"Service\"}]"
                },
                "labels": {
                    "application": "${APPLICATION_NAME}"
                },
                "name": "${APPLICATION_NAME}"
            },
            "spec": {
                "ports": [
                    {
                        "port": 8080,
                        "targetPort": 8080
                    }
                ],
                "selector": {
                    "deploymentConfig": "${APPLICATION_NAME}"
                }
            }
        },
        {
            "apiVersion": "v1",
            "kind": "Service",
            "metadata": {
                "annotations": {
                    "description": "The web server's HTTPS port.",
                    "service.alpha.openshift.io/dependencies": "[{\"name\": \"${APPLICATION_NAME}-amq-tcp\", \"kind\": \"Service\"}]"
                },
                "labels": {
                    "application": "${APPLICATION_NAME}"
                },
                "name": "secure-${APPLICATION_NAME}"
            },
            "spec": {
                "ports": [
                    {
                        "port": 8443,
                        "targetPort": 8443
                    }
                ],
                "selector": {
                    "deploymentConfig": "${APPLICATION_NAME}"
                }
            }
        },
        {
            "apiVersion": "v1",
            "kind": "Service",
            "metadata": {
                "annotations": {
                    "description": "The broker's OpenWire port."
                },
                "labels": {
                    "application": "${APPLICATION_NAME}"
                },
                "name": "${APPLICATION_NAME}-amq-tcp"
            },
            "spec": {
                "ports": [
                    {
                        "port": 61616,
                        "targetPort": 61616
                    }
                ],
                "selector": {
                    "deploymentConfig": "${APPLICATION_NAME}-amq"
                }
            }
        },
        {
            "apiVersion": "v1",
            "kind": "Service",
            "metadata": {
                "annotations": {
                    "description": "Supports node discovery for mesh formation.",
                    "service.alpha.kubernetes.io/tolerate-unready-endpoints": "true"
                },
                "labels": {
                    "application": "${APPLICATION_NAME}"
                },
                "name": "${APPLICATION_NAME}-amq-mesh"
            },
            "spec": {
                "clusterIP": "None",
                "ports": [
                    {
                        "name": "mesh",
                        "port": 61616,
                        "targetPort": 6166
                    }
                ],
                "selector": {
                    "deploymentConfig": "${APPLICATION_NAME}-amq"
                }
            }
        },
        {
            "apiVersion": "v1",
            "id": "${APPLICATION_NAME}-http",
            "kind": "Route",
            "metadata": {
                "annotations": {
                    "description": "Route for application's HTTP service."
                },
                "labels": {
                    "application": "${APPLICATION_NAME}"
                },
                "name": "${APPLICATION_NAME}"
            },
            "spec": {
                "host": "${HOSTNAME_HTTP}",
                "to": {
                    "name": "${APPLICATION_NAME}"
                }
            }
        },
        {
            "apiVersion": "v1",
            "id": "${APPLICATION_NAME}-https",
            "kind": "Route",
            "metadata": {
                "annotations": {
                    "description": "Route for application's HTTPS service."
                },
                "labels": {
                    "application": "${APPLICATION_NAME}"
                },
                "name": "secure-${APPLICATION_NAME}"
            },
            "spec": {
                "host": "${HOSTNAME_HTTPS}",
                "tls": {
                    "termination": "passthrough"
                },
                "to": {
                    "name": "secure-${APPLICATION_NAME}"
                }
            }
        },
        {
            "apiVersion": "v1",
            "kind": "ImageStream",
            "metadata": {
                "labels": {
                    "application": "${APPLICATION_NAME}"
                },
                "name": "${APPLICATION_NAME}"
            }
        },
        {
            "apiVersion": "v1",
            "kind": "BuildConfig",
            "metadata": {
                "annotations": {
                    "template.alpha.openshift.io/wait-for-ready": "true"
                },
                "labels": {
                    "application": "${APPLICATION_NAME}"
                },
                "name": "${APPLICATION_NAME}"
            },
            "spec": {
                "output": {
                    "to": {
                        "kind": "ImageStreamTag",
                        "name": "${APPLICATION_NAME}:latest"
                    }
                },
                "source": {
                    "contextDir": "${CONTEXT_DIR}",
                    "git": {
                        "ref": "${SOURCE_REPOSITORY_REF}",
                        "uri": "${SOURCE_REPOSITORY_URL}"
                    },
                    "type": "Git"
                },
                "strategy": {
                    "sourceStrategy": {
                        "env": [
                            {
                                "name": "KIE_CONTAINER_DEPLOYMENT",
                                "value": "${KIE_CONTAINER_DEPLOYMENT}"
                            },
                            {
                                "name": "MAVEN_MIRROR_URL",
                                "value": "${MAVEN_MIRROR_URL}"
                            },
                            {
                                "name": "ARTIFACT_DIR",
                                "value": "${ARTIFACT_DIR}"
                            }
                        ],
                        "forcePull": true,
                        "from": {
                            "kind": "ImageStreamTag",
                            "name": "jboss-decisionserver64-openshift:1.6",
                            "namespace": "${IMAGE_STREAM_NAMESPACE}"
                        }
                    },
                    "type": "Source"
                },
                "triggers": [
                    {
                        "github": {
                            "secret": "${GITHUB_WEBHOOK_SECRET}"
                        },
                        "type": "GitHub"
                    },
                    {
                        "generic": {
                            "secret": "${GENERIC_WEBHOOK_SECRET}"
                        },
                        "type": "Generic"
                    },
                    {
                        "imageChange": {},
                        "type": "ImageChange"
                    },
                    {
                        "type": "ConfigChange"
                    }
                ]
            }
        },
        {
            "apiVersion": "v1",
            "kind": "DeploymentConfig",
            "metadata": {
                "annotations": {
                    "template.alpha.openshift.io/wait-for-ready": "true"
                },
                "labels": {
                    "application": "${APPLICATION_NAME}",
                    "service": "${APPLICATION_NAME}"
                },
                "name": "${APPLICATION_NAME}"
            },
            "spec": {
                "replicas": 1,
                "selector": {
                    "deploymentConfig": "${APPLICATION_NAME}"
                },
                "strategy": {
                    "type": "Recreate"
                },
                "template": {
                    "metadata": {
                        "labels": {
                            "application": "${APPLICATION_NAME}",
                            "deploymentConfig": "${APPLICATION_NAME}"
                        },
                        "name": "${APPLICATION_NAME}"
                    },
                    "spec": {
                        "containers": [
                            {
                                "env": [
                                    {
                                        "name": "KIE_CONTAINER_DEPLOYMENT",
                                        "value": "${KIE_CONTAINER_DEPLOYMENT}"
                                    },
                                    {
                                        "name": "KIE_SERVER_USER",
                                        "value": "${KIE_SERVER_USER}"
                                    },
                                    {
                                        "name": "KIE_SERVER_PASSWORD",
                                        "value": "${KIE_SERVER_PASSWORD}"
                                    },
                                    {
                                        "name": "KIE_SERVER_DOMAIN",
                                        "value": "${KIE_SERVER_DOMAIN}"
                                    },
                                    {
                                        "name": "KIE_SERVER_JMS_QUEUES_REQUEST",
                                        "value": "${KIE_SERVER_JMS_QUEUES_REQUEST}"
                                    },
                                    {
                                        "name": "KIE_SERVER_JMS_QUEUES_RESPONSE",
                                        "value": "${KIE_SERVER_JMS_QUEUES_RESPONSE}"
                                    },
                                    {
                                        "name": "MQ_SERVICE_PREFIX_MAPPING",
                                        "value": "${APPLICATION_NAME}-amq=MQ"
                                    },
                                    {
                                        "name": "MQ_JNDI",
                                        "value": "${MQ_JNDI}"
                                    },
                                    {
                                        "name": "MQ_USERNAME",
                                        "value": "${MQ_USERNAME}"
                                    },
                                    {
                                        "name": "MQ_PASSWORD",
                                        "value": "${MQ_PASSWORD}"
                                    },
                                    {
                                        "name": "MQ_PROTOCOL",
                                        "value": "tcp"
                                    },
                                    {
                                        "name": "MQ_QUEUES",
                                        "value": "${MQ_QUEUES}"
                                    },
                                    {
                                        "name": "MQ_TOPICS",
                                        "value": "${MQ_TOPICS}"
                                    },
                                    {
                                        "name": "HTTPS_KEYSTORE_DIR",
                                        "value": "/etc/decisionserver-secret-volume"
                                    },
                                    {
                                        "name": "HTTPS_KEYSTORE",
                                        "value": "${HTTPS_KEYSTORE}"
                                    },
                                    {
                                        "name": "HTTPS_NAME",
                                        "value": "${HTTPS_NAME}"
                                    },
                                    {
                                        "name": "HTTPS_PASSWORD",
                                        "value": "${HTTPS_PASSWORD}"
                                    }
                                ],
                                "image": "${APPLICATION_NAME}",
                                "imagePullPolicy": "Always",
                                "livenessProbe": {
                                    "exec": {
                                        "command": [
                                            "/bin/bash",
                                            "-c",
                                            "/opt/eap/bin/livenessProbe.sh"
                                        ]
                                    },
                                    "initialDelaySeconds": 60
                                },
                                "name": "${APPLICATION_NAME}",
                                "ports": [
                                    {
                                        "containerPort": 8778,
                                        "name": "jolokia",
                                        "protocol": "TCP"
                                    },
                                    {
                                        "containerPort": 8080,
                                        "name": "http",
                                        "protocol": "TCP"
                                    },
                                    {
                                        "containerPort": 8443,
                                        "name": "https",
                                        "protocol": "TCP"
                                    }
                                ],
                                "readinessProbe": {
                                    "exec": {
                                        "command": [
                                            "/bin/bash",
                                            "-c",
                                            "/opt/eap/bin/readinessProbe.sh"
                                        ]
                                    }
                                },
                                "resources": {
                                    "limits": {
                                        "memory": "${MEMORY_LIMIT}"
                                    }
                                },
                                "volumeMounts": [
                                    {
                                        "mountPath": "/etc/decisionserver-secret-volume",
                                        "name": "decisionserver-keystore-volume",
                                        "readOnly": true
                                    }
                                ]
                            }
                        ],
                        "terminationGracePeriodSeconds": 60,
                        "volumes": [
                            {
                                "name": "decisionserver-keystore-volume",
                                "secret": {
                                    "secretName": "${HTTPS_SECRET}"
                                }
                            }
                        ]
                    }
                },
                "triggers": [
                    {
                        "imageChangeParams": {
                            "automatic": true,
                            "containerNames": [
                                "${APPLICATION_NAME}"
                            ],
                            "from": {
                                "kind": "ImageStream",
                                "name": "${APPLICATION_NAME}"
                            }
                        },
                        "type": "ImageChange"
                    },
                    {
                        "type": "ConfigChange"
                    }
                ]
            }
        },
        {
            "apiVersion": "v1",
            "kind": "DeploymentConfig",
            "metadata": {
                "annotations": {
                    "template.alpha.openshift.io/wait-for-ready": "true"
                },
                "labels": {
                    "application": "${APPLICATION_NAME}",
                    "service": "${APPLICATION_NAME}-amq"
                },
                "name": "${APPLICATION_NAME}-amq"
            },
            "spec": {
                "replicas": 1,
                "selector": {
                    "deploymentConfig": "${APPLICATION_NAME}-amq"
                },
                "strategy": {
                    "type": "Recreate"
                },
                "template": {
                    "metadata": {
                        "labels": {
                            "application": "${APPLICATION_NAME}",
                            "deploymentConfig": "${APPLICATION_NAME}-amq"
                        },
                        "name": "${APPLICATION_NAME}-amq"
                    },
                    "spec": {
                        "containers": [
                            {
                                "env": [
                                    {
                                        "name": "AMQ_USER",
                                        "value": "${MQ_USERNAME}"
                                    },
                                    {
                                        "name": "AMQ_PASSWORD",
                                        "value": "${MQ_PASSWORD}"
                                    },
                                    {
                                        "name": "AMQ_TRANSPORTS",
                                        "value": "${MQ_PROTOCOL}"
                                    },
                                    {
                                        "name": "AMQ_MESH_DISCOVERY_TYPE",
                                        "value": "${AMQ_MESH_DISCOVERY_TYPE}"
                                    },
                                    {
                                        "name": "AMQ_MESH_SERVICE_NAME",
                                        "value": "${APPLICATION_NAME}-amq-mesh"
                                    },
                                    {
                                        "name": "AMQ_MESH_SERVICE_NAMESPACE",
                                        "valueFrom": {
                                            "fieldRef": {
                                                "fieldPath": "metadata.namespace"
                                            }
                                        }
                                    },
                                    {
                                        "name": "AMQ_STORAGE_USAGE_LIMIT",
                                        "value": "${AMQ_STORAGE_USAGE_LIMIT}"
                                    }
                                ],
                                "image": "jboss-amq-63",
                                "imagePullPolicy": "Always",
                                "name": "${APPLICATION_NAME}-amq",
                                "ports": [
                                    {
                                        "containerPort": 8778,
                                        "name": "jolokia",
                                        "protocol": "TCP"
                                    },
                                    {
                                        "containerPort": 5672,
                                        "name": "amqp",
                                        "protocol": "TCP"
                                    },
                                    {
                                        "containerPort": 5671,
                                        "name": "amqp-ssl",
                                        "protocol": "TCP"
                                    },
                                    {
                                        "containerPort": 1883,
                                        "name": "mqtt",
                                        "protocol": "TCP"
                                    },
                                    {
                                        "containerPort": 61613,
                                        "name": "stomp",
                                        "protocol": "TCP"
                                    },
                                    {
                                        "containerPort": 61612,
                                        "name": "stomp-ssl",
                                        "protocol": "TCP"
                                    },
                                    {
                                        "containerPort": 61616,
                                        "name": "tcp",
                                        "protocol": "TCP"
                                    },
                                    {
                                        "containerPort": 61617,
                                        "name": "tcp-ssl",
                                        "protocol": "TCP"
                                    }
                                ],
                                "readinessProbe": {
                                    "exec": {
                                        "command": [
                                            "/bin/bash",
                                            "-c",
                                            "/opt/amq/bin/readinessProbe.sh"
                                        ]
                                    }
                                }
                            }
                        ],
                        "terminationGracePeriodSeconds": 60
                    }
                },
                "triggers": [
                    {
                        "imageChangeParams": {
                            "automatic": true,
                            "containerNames": [
                                "${APPLICATION_NAME}-amq"
                            ],
                            "from": {
                                "kind": "ImageStreamTag",
                                "name": "jboss-amq-63:1.4",
                                "namespace": "${IMAGE_STREAM_NAMESPACE}"
                            }
                        },
                        "type": "ImageChange"
                    },
                    {
                        "type": "ConfigChange"
                    }
                ]
            }
        }
    ],
    "parameters": [
        {
            "description": "The KIE Container deployment configuration in format: containerId=groupId:artifactId:version|c2=g2:a2:v2",
            "displayName": "KIE Container Deployment",
            "name": "KIE_CONTAINER_DEPLOYMENT",
            "required": false,
            "value": "decisionserver-hellorules=org.openshift.quickstarts:decisionserver-hellorules:1.4.0.Final"
        },
        {
            "description": "The user name to access the KIE Server REST or JMS interface.",
            "displayName": "KIE Server Username",
            "name": "KIE_SERVER_USER",
            "required": false,
            "value": "kieserver"
        },
        {
            "description": "The password to access the KIE Server REST or JMS interface. Must be different than username; must not be root, admin, or administrator; must contain at least 8 characters, 1 alphabetic character(s), 1 digit(s), and 1 non-alphanumeric symbol(s).",
            "displayName": "KIE Server Password",
            "from": "[a-zA-Z]{6}[0-9]{1}!",
            "generate": "expression",
            "name": "KIE_SERVER_PASSWORD",
            "required": false
        },
        {
            "description": "JAAS LoginContext domain that shall be used to authenticate users when using JMS.",
            "displayName": "KIE Server Domain",
            "name": "KIE_SERVER_DOMAIN",
            "required": false,
            "value": "other"
        },
        {
            "description": "JNDI name of request queue for JMS.",
            "displayName": "KIE Server JMS Queues Request",
            "name": "KIE_SERVER_JMS_QUEUES_REQUEST",
            "required": false,
            "value": "queue/KIE.SERVER.REQUEST"
        },
        {
            "description": "JNDI name of response queue for JMS.",
            "displayName": "KIE Server JMS Queues Response",
            "name": "KIE_SERVER_JMS_QUEUES_RESPONSE",
            "required": false,
            "value": "queue/KIE.SERVER.RESPONSE"
        },
        {
            "description": "The name for the application.",
            "displayName": "Application Name",
            "name": "APPLICATION_NAME",
            "required": true,
            "value": "kie-app"
        },
        {
            "description": "Custom hostname for http service route.  Leave blank for default hostname, e.g.: <application-name>-<project>.<default-domain-suffix>",
            "displayName": "Custom http Route Hostname",
            "name": "HOSTNAME_HTTP",
            "required": false,
            "value": ""
        },
        {
            "description": "Custom hostname for https service route.  Leave blank for default hostname, e.g.: secure-<application-name>-<project>.<default-domain-suffix>",
            "displayName": "Custom https Route Hostname",
            "name": "HOSTNAME_HTTPS",
            "required": false,
            "value": ""
        },
        {
            "description": "Git source URI for application",
            "displayName": "Git Repository URL",
            "name": "SOURCE_REPOSITORY_URL",
            "required": true,
            "value": "https://github.com/jboss-openshift/openshift-quickstarts.git"
        },
        {
            "description": "Git branch/tag reference",
            "displayName": "Git Reference",
            "name": "SOURCE_REPOSITORY_REF",
            "required": false,
            "value": "1.4"
        },
        {
            "description": "Path within Git project to build; empty for root project directory.",
            "displayName": "Context Directory",
            "name": "CONTEXT_DIR",
            "required": false,
            "value": "decisionserver/hellorules"
        },
        {
            "description": "JNDI name for connection factory used by applications to connect to the broker, e.g. java:/JmsXA",
            "displayName": "JMS Connection Factory JNDI Name",
            "name": "MQ_JNDI",
            "required": false,
            "value": "java:/JmsXA"
        },
        {
            "description": "Broker protocols to configure, separated by commas. Allowed values are: `openwire`, `amqp`, `stomp` and `mqtt`. Only `openwire` is supported by EAP.",
            "displayName": "A-MQ Protocols",
            "name": "MQ_PROTOCOL",
            "required": false,
            "value": "openwire"
        },
        {
            "description": "Queue names, separated by commas. These queues will be automatically created when the broker starts. Also, they will be made accessible as JNDI resources in EAP.",
            "displayName": "Queues",
            "name": "MQ_QUEUES",
            "required": false,
            "value": "KIE.SERVER.REQUEST,KIE.SERVER.RESPONSE"
        },
        {
            "description": "Topic names, separated by commas. These topics will be automatically created when the broker starts. Also, they will be made accessible as JNDI resources in EAP.",
            "displayName": "Topics",
            "name": "MQ_TOPICS",
            "required": false,
            "value": ""
        },
        {
            "description": "The name of the secret containing the keystore file",
            "displayName": "Server Keystore Secret Name",
            "name": "HTTPS_SECRET",
            "required": false,
            "value": "decisionserver-app-secret"
        },
        {
            "description": "The name of the keystore file within the secret",
            "displayName": "Server Keystore Filename",
            "name": "HTTPS_KEYSTORE",
            "required": false,
            "value": "keystore.jks"
        },
        {
            "description": "The name associated with the server certificate",
            "displayName": "Server Certificate Name",
            "name": "HTTPS_NAME",
            "required": false,
            "value": "jboss"
        },
        {
            "description": "The password for the keystore and certificate",
            "displayName": "Server Keystore Password",
            "name": "HTTPS_PASSWORD",
            "required": false,
            "value": "mykeystorepass"
        },
        {
            "description": "User name for standard broker user. It is required for connecting to the broker. If left empty, it will be generated.",
            "displayName": "A-MQ Username",
            "from": "user[a-zA-Z0-9]{3}",
            "generate": "expression",
            "name": "MQ_USERNAME",
            "required": false
        },
        {
            "description": "Password for standard broker user. It is required for connecting to the broker. If left empty, it will be generated.",
            "displayName": "A-MQ Password",
            "from": "[a-zA-Z0-9]{8}",
            "generate": "expression",
            "name": "MQ_PASSWORD",
            "required": false
        },
        {
            "description": "The discovery agent type to use for discovering mesh endpoints.  'dns' will use OpenShift's DNS service to resolve endpoints.  'kube' will use Kubernetes REST API to resolve service endpoints.  If using 'kube' the service account for the pod must have the 'view' role, which can be added via 'oc policy add-role-to-user view system:serviceaccount:<namespace>:default' where <namespace> is the project namespace.",
            "displayName": "A-MQ Mesh Discovery Type",
            "name": "AMQ_MESH_DISCOVERY_TYPE",
            "required": false,
            "value": "dns"
        },
        {
            "description": "The A-MQ storage usage limit",
            "displayName": "A-MQ Storage Limit",
            "name": "AMQ_STORAGE_USAGE_LIMIT",
            "required": false,
            "value": "100 gb"
        },
        {
            "description": "GitHub trigger secret",
            "displayName": "Github Webhook Secret",
            "from": "[a-zA-Z0-9]{8}",
            "generate": "expression",
            "name": "GITHUB_WEBHOOK_SECRET",
            "required": true
        },
        {
            "description": "Generic build trigger secret",
            "displayName": "Generic Webhook Secret",
            "from": "[a-zA-Z0-9]{8}",
            "generate": "expression",
            "name": "GENERIC_WEBHOOK_SECRET",
            "required": true
        },
        {
            "description": "Namespace in which the ImageStreams for Red Hat Middleware images are installed. These ImageStreams are normally installed in the openshift namespace. You should only need to modify this if you've installed the ImageStreams in a different namespace/project.",
            "displayName": "ImageStream Namespace",
            "name": "IMAGE_STREAM_NAMESPACE",
            "required": true,
            "value": "openshift"
        },
        {
            "description": "Maven mirror to use for S2I builds",
            "displayName": "Maven mirror URL",
            "name": "MAVEN_MIRROR_URL",
            "required": false,
            "value": ""
        },
        {
            "description": "List of directories from which archives will be copied into the deployment folder. If unspecified, all archives in /target will be copied.",
            "displayName": "List of directories from which archives will be copied into the deployment folder.",
            "name": "ARTIFACT_DIR",
            "required": false,
            "value": ""
        },
        {
            "description": "Container memory limit",
            "displayName": "Container memory limit",
            "name": "MEMORY_LIMIT",
            "required": false,
            "value": "1Gi"
        }
    ]
}