{
    "kind": "ImageStreamList",
    "apiVersion": "v1",
    "metadata": {
        "name": "dotnet-image-streams",
        "annotations": {
            "description": "ImageStream definitions for .NET Core on RHEL 7"
        }
    },
    "items": [
        {
            "kind": "ImageStream",
            "apiVersion": "v1",
            "metadata": {
                "name": "dotnet",
                "annotations": {
                    "openshift.io/display-name": ".NET Core"
                }
            },
            "spec": {
                "tags": [
                    {
                        "name": "latest",
                        "annotations": {
                            "openshift.io/display-name": ".NET Core (Latest)",
                            "description": "Build and run .NET Core applications on RHEL 7. For more information about using this builder image, including OpenShift considerations, see https://github.com/redhat-developer/s2i-dotnetcore/tree/master/2.2/build/README.md.\n\nWARNING: By selecting this tag, your application will automatically update to use the latest version of .NET Core available on OpenShift, including major versions updates.",
                            "iconClass": "icon-dotnet",
                            "tags": "builder,.net,dotnet,dotnetcore",
                            "supports": "dotnet",
                            "sampleRepo": "git@hlgithub.hobbylobby.corp:SystemAdmins/ossample-dotnet.git",
                            "sampleContextDir": "app",
                            "sampleRef": "dotnetcore-2.2"
                        },
                        "referencePolicy": {
                            "type": "Local"
                        },
                        "from": {
                            "kind": "ImageStreamTag",
                            "name": "2.2"
                        }
                    },
                    {
                        "name": "2.2",
                        "annotations": {
                            "openshift.io/display-name": ".NET Core 2.2",
                            "description": "Build and run .NET Core 2.2 applications on RHEL 7. For more information about using this builder image, including OpenShift considerations, see https://github.com/redhat-developer/s2i-dotnetcore/tree/master/2.2/build/README.md.",
                            "iconClass": "icon-dotnet",
                            "tags": "builder,.net,dotnet,dotnetcore,rh-dotnet22",
                            "supports": "dotnet:2.2,dotnet",
                            "sampleRepo": "git@hlgithub.hobbylobby.corp:SystemAdmins/ossample-dotnet.git",
                            "sampleContextDir": "app",
                            "sampleRef": "dotnetcore-2.2",
                            "version": "2.2"
                        },
                        "referencePolicy": {
                            "type": "Local"
                        },
                        "from": {
                            "kind": "DockerImage",
                            "name": "hlsatellite02.hobbylobby.corp:5000/hl-redhat-dotnet_dotnet-22-rhel7:2.2"
                        }
                    },
                    {
                        "name": "2.1",
                        "annotations": {
                            "openshift.io/display-name": ".NET Core 2.1",
                            "description": "Build and run .NET Core 2.1 applications on RHEL 7. For more information about using this builder image, including OpenShift considerations, see https://github.com/redhat-developer/s2i-dotnetcore/tree/master/2.1/build/README.md.",
                            "iconClass": "icon-dotnet",
                            "tags": "builder,.net,dotnet,dotnetcore,rh-dotnet21",
                            "supports": "dotnet:2.1,dotnet",
                            "sampleRepo": "git@hlgithub.hobbylobby.corp:SystemAdmins/ossample-dotnet.git",
                            "sampleContextDir": "app",
                            "sampleRef": "dotnetcore-2.1",
                            "version": "2.1"
                        },
                        "referencePolicy": {
                            "type": "Local"
                        },
                        "from": {
                            "kind": "DockerImage",
                            "name": "hlsatellite02.hobbylobby.corp:5000/hl-redhat-dotnet_dotnet-21-rhel7:2.1"
                        }
                    }
                ]
            }
        },
        {
            "kind": "ImageStream",
            "apiVersion": "v1",
            "metadata": {
                "name": "dotnet-runtime",
                "annotations": {
                    "openshift.io/display-name": ".NET Core Runtime"
                }
            },
            "spec": {
                "tags": [
                    {
                        "name": "latest",
                        "annotations": {
                            "openshift.io/display-name": ".NET Core Runtime (Latest)",
                            "description": "Run .NET Core applications on RHEL 7. For more information about using this image, including OpenShift considerations, see https://github.com/redhat-developer/s2i-dotnetcore/tree/master/2.2/runtime/README.md.\n\nWARNING: By selecting this tag, your application will automatically update to use the latest version of .NET Core Runtime available on OpenShift, including major versions updates.",
                            "iconClass": "icon-dotnet",
                            "tags": "runtime,.net-runtime,dotnet-runtime,dotnetcore-runtime",
                            "supports": "dotnet-runtime"
                        },
                        "referencePolicy": {
                            "type": "Local"
                        },
                        "from": {
                            "kind": "ImageStreamTag",
                            "name": "2.2"
                        }
                    },
                    {
                        "name": "2.2",
                        "annotations": {
                            "openshift.io/display-name": ".NET Core 2.2 Runtime",
                            "description": "Run .NET Core applications on RHEL 7. For more information about using this image, including OpenShift considerations, see https://github.com/redhat-developer/s2i-dotnetcore/tree/master/2.2/runtime/README.md.",
                            "iconClass": "icon-dotnet",
                            "tags": "runtime,.net-runtime,dotnet-runtime,dotnetcore-runtime",
                            "supports": "dotnet-runtime",
                            "version": "2.2"
                        },
                        "referencePolicy": {
                            "type": "Local"
                        },
                        "from": {
                            "kind": "DockerImage",
                            "name": "hlsatellite02.hobbylobby.corp:5000/hl-redhat-dotnet_dotnet-22-runtime-rhel7:2.2"
                        }
                    },
                    {
                        "name": "2.1",
                        "annotations": {
                            "openshift.io/display-name": ".NET Core 2.1 Runtime",
                            "description": "Run .NET Core applications on RHEL 7. For more information about using this image, including OpenShift considerations, see https://github.com/redhat-developer/s2i-dotnetcore/tree/master/2.1/runtime/README.md.",
                            "iconClass": "icon-dotnet",
                            "tags": "runtime,.net-runtime,dotnet-runtime,dotnetcore-runtime",
                            "supports": "dotnet-runtime",
                            "version": "2.1"
                        },
                        "referencePolicy": {
                            "type": "Local"
                        },
                        "from": {
                            "kind": "DockerImage",
                            "name": "hlsatellite02.hobbylobby.corp:5000/hl-redhat-dotnet_dotnet-21-runtime-rhel7:2.1"
                        }
                    }
                ]
            }
        }
    ]
}